event_id,event_type,failure_reason,amount,retry_count,previous_contact_count,customer_lifetime_value,previous_success_rate,customer_engagement,hours_since_event,action,success,recovered_amount
af9a8607-65fc-412a-9f7f-6ed3d6100a7a,subscription_failure,authentication_failed,58404.58,0,5,423736.5,0.9,0.63,118.0,RETRY_NOW,0,0.0
af9a8607-65fc-412a-9f7f-6ed3d6100a7a,subscription_failure,authentication_failed,58404.58,0,5,423736.5,0.9,0.63,118.0,RETRY_LATER,1,58404.58
af9a8607-65fc-412a-9f7f-6ed3d6100a7a,subscription_failure,authentication_failed,58404.58,0,5,423736.5,0.9,0.63,118.0,SEND_REMINDER,1,58404.58
af9a8607-65fc-412a-9f7f-6ed3d6100a7a,subscription_failure,authentication_failed,58404.58,0,5,423736.5,0.9,0.63,118.0,SUGGEST_ALTERNATIVE_PAYMENT,1,58404.58
af9a8607-65fc-412a-9f7f-6ed3d6100a7a,subscription_failure,authentication_failed,58404.58,0,5,423736.5,0.9,0.63,118.0,OFFER_INCENTIVE,0,0.0
af9a8607-65fc-412a-9f7f-6ed3d6100a7a,subscription_failure,authentication_failed,58404.58,0,5,423736.5,0.9,0.63,118.0,ESCALATE_TO_HUMAN,1,58404.58
92a5878f-b5da-4cda-aa85-c0397dbbba80,payment_failure,temporary_bank_failure,15638.86,0,2,12043.31,0.98,0.13,69.0,RETRY_NOW,1,15638.86
92a5878f-b5da-4cda-aa85-c0397dbbba80,payment_failure,temporary_bank_failure,15638.86,0,2,12043.31,0.98,0.13,69.0,RETRY_LATER,1,15638.86
92a5878f-b5da-4cda-aa85-c0397dbbba80,payment_failure,temporary_bank_failure,15638.86,0,2,12043.31,0.98,0.13,69.0,SEND_REMINDER,0,0.0
92a5878f-b5da-4cda-aa85-c0397dbbba80,payment_failure,temporary_bank_failure,15638.86,0,2,12043.31,0.98,0.13,69.0,SUGGEST_ALTERNATIVE_PAYMENT,1,15638.86
92a5878f-b5da-4cda-aa85-c0397dbbba80,payment_failure,temporary_bank_failure,15638.86,0,2,12043.31,0.98,0.13,69.0,OFFER_INCENTIVE,1,15638.86
92a5878f-b5da-4cda-aa85-c0397dbbba80,payment_failure,temporary_bank_failure,15638.86,0,2,12043.31,0.98,0.13,69.0,ESCALATE_TO_HUMAN,1,15638.86
89266f81-bc24-415d-bc67-a31a5b37d83b,checkout_abandonment,high_friction,53860.43,3,1,92560.53,0.31,0.44,20.0,RETRY_NOW,0,0.0
89266f81-bc24-415d-bc67-a31a5b37d83b,checkout_abandonment,high_friction,53860.43,3,1,92560.53,0.31,0.44,20.0,RETRY_LATER,1,53860.43
89266f81-bc24-415d-bc67-a31a5b37d83b,checkout_abandonment,high_friction,53860.43,3,1,92560.53,0.31,0.44,20.0,SEND_REMINDER,1,53860.43
89266f81-bc24-415d-bc67-a31a5b37d83b,checkout_abandonment,high_friction,53860.43,3,1,92560.53,0.31,0.44,20.0,SUGGEST_ALTERNATIVE_PAYMENT,0,0.0
89266f81-bc24-415d-bc67-a31a5b37d83b,checkout_abandonment,high_friction,53860.43,3,1,92560.53,0.31,0.44,20.0,OFFER_INCENTIVE,1,53860.43
89266f81-bc24-415d-bc67-a31a5b37d83b,checkout_abandonment,high_friction,53860.43,3,1,92560.53,0.31,0.44,20.0,ESCALATE_TO_HUMAN,1,53860.43
74515350-5b85-4967-bfc1-f5f87347da04,subscription_failure,authentication_failed,90737.7,4,5,368629.32,0.52,0.82,147.0,RETRY_NOW,1,90737.7
74515350-5b85-4967-bfc1-f5f87347da04,subscription_failure,authentication_failed,90737.7,4,5,368629.32,0.52,0.82,147.0,RETRY_LATER,1,90737.7
74515350-5b85-4967-bfc1-f5f87347da04,subscription_failure,authentication_failed,90737.7,4,5,368629.32,0.52,0.82,147.0,SEND_REMINDER,1,90737.7
74515350-5b85-4967-bfc1-f5f87347da04,subscription_failure,authentication_failed,90737.7,4,5,368629.32,0.52,0.82,147.0,SUGGEST_ALTERNATIVE_PAYMENT,1,90737.7
74515350-5b85-4967-bfc1-f5f87347da04,subscription_failure,authentication_failed,90737.7,4,5,368629.32,0.52,0.82,147.0,OFFER_INCENTIVE,0,0.0
74515350-5b85-4967-bfc1-f5f87347da04,subscription_failure,authentication_failed,90737.7,4,5,368629.32,0.52,0.82,147.0,ESCALATE_TO_HUMAN,1,90737.7
0c29869b-b32d-448e-9f3b-fccffbbade9a,subscription_failure,mandate_failed,75136.5,3,0,453540.22,0.33,0.22,59.0,RETRY_NOW,0,0.0
0c29869b-b32d-448e-9f3b-fccffbbade9a,subscription_failure,mandate_failed,75136.5,3,0,453540.22,0.33,0.22,59.0,RETRY_LATER,1,75136.5
0c29869b-b32d-448e-9f3b-fccffbbade9a,subscription_failure,mandate_failed,75136.5,3,0,453540.22,0.33,0.22,59.0,SEND_REMINDER,0,0.0
0c29869b-b32d-448e-9f3b-fccffbbade9a,subscription_failure,mandate_failed,75136.5,3,0,453540.22,0.33,0.22,59.0,SUGGEST_ALTERNATIVE_PAYMENT,1,75136.5
0c29869b-b32d-448e-9f3b-fccffbbade9a,subscription_failure,mandate_failed,75136.5,3,0,453540.22,0.33,0.22,59.0,OFFER_INCENTIVE,0,0.0
0c29869b-b32d-448e-9f3b-fccffbbade9a,subscription_failure,mandate_failed,75136.5,3,0,453540.22,0.33,0.22,59.0,ESCALATE_TO_HUMAN,1,75136.5
c1c11ced-7fd7-44b9-9522-9c49b4c70f7d,overdue_invoice,forgotten_invoice,43839.66,1,0,134929.37,0.78,0.88,72.0,RETRY_NOW,1,43839.66
c1c11ced-7fd7-44b9-9522-9c49b4c70f7d,overdue_invoice,forgotten_invoice,43839.66,1,0,134929.37,0.78,0.88,72.0,RETRY_LATER,1,43839.66
c1c11ced-7fd7-44b9-9522-9c49b4c70f7d,overdue_invoice,forgotten_invoice,43839.66,1,0,134929.37,0.78,0.88,72.0,SEND_REMINDER,1,43839.66
c1c11ced-7fd7-44b9-9522-9c49b4c70f7d,overdue_invoice,forgotten_invoice,43839.66,1,0,134929.37,0.78,0.88,72.0,SUGGEST_ALTERNATIVE_PAYMENT,1,43839.66
c1c11ced-7fd7-44b9-9522-9c49b4c70f7d,overdue_invoice,forgotten_invoice,43839.66,1,0,134929.37,0.78,0.88,72.0,OFFER_INCENTIVE,0,0.0
c1c11ced-7fd7-44b9-9522-9c49b4c70f7d,overdue_invoice,forgotten_invoice,43839.66,1,0,134929.37,0.78,0.88,72.0,ESCALATE_TO_HUMAN,1,43839.66
9fc98e87-03ee-4603-9e0b-bb6c6e8e90d2,overdue_invoice,forgotten_invoice,89540.31,3,1,321291.32,0.41,0.89,95.0,RETRY_NOW,1,89540.31
9fc98e87-03ee-4603-9e0b-bb6c6e8e90d2,overdue_invoice,forgotten_invoice,89540.31,3,1,321291.32,0.41,0.89,95.0,RETRY_LATER,1,89540.31
9fc98e87-03ee-4603-9e0b-bb6c6e8e90d2,overdue_invoice,forgotten_invoice,89540.31,3,1,321291.32,0.41,0.89,95.0,SEND_REMINDER,1,89540.31
9fc98e87-03ee-4603-9e0b-bb6c6e8e90d2,overdue_invoice,forgotten_invoice,89540.31,3,1,321291.32,0.41,0.89,95.0,SUGGEST_ALTERNATIVE_PAYMENT,0,0.0
9fc98e87-03ee-4603-9e0b-bb6c6e8e90d2,overdue_invoice,forgotten_invoice,89540.31,3,1,321291.32,0.41,0.89,95.0,OFFER_INCENTIVE,1,89540.31
9fc98e87-03ee-4603-9e0b-bb6c6e8e90d2,overdue_invoice,forgotten_invoice,89540.31,3,1,321291.32,0.41,0.89,95.0,ESCALATE_TO_HUMAN,1,89540.31
b878561d-7f53-4e96-86c7-32e9dff459a2,overdue_invoice,forgotten_invoice,96697.71,0,0,398319.3,0.47,0.26,26.0,RETRY_NOW,0,0.0
b878561d-7f53-4e96-86c7-32e9dff459a2,overdue_invoice,forgotten_invoice,96697.71,0,0,398319.3,0.47,0.26,26.0,RETRY_LATER,0,0.0
b878561d-7f53-4e96-86c7-32e9dff459a2,overdue_invoice,forgotten_invoice,96697.71,0,0,398319.3,0.47,0.26,26.0,SEND_REMINDER,0,0.0
b878561d-7f53-4e96-86c7-32e9dff459a2,overdue_invoice,forgotten_invoice,96697.71,0,0,398319.3,0.47,0.26,26.0,SUGGEST_ALTERNATIVE_PAYMENT,0,0.0
b878561d-7f53-4e96-86c7-32e9dff459a2,overdue_invoice,forgotten_invoice,96697.71,0,0,398319.3,0.47,0.26,26.0,OFFER_INCENTIVE,0,0.0
b878561d-7f53-4e96-86c7-32e9dff459a2,overdue_invoice,forgotten_invoice,96697.71,0,0,398319.3,0.47,0.26,26.0,ESCALATE_TO_HUMAN,1,96697.71
27059e92-d2dd-4ace-84c3-c436fae26dd4,payment_failure,authentication_failed,82472.46,4,4,146123.07,0.44,0.34,135.0,RETRY_NOW,0,0.0
27059e92-d2dd-4ace-84c3-c436fae26dd4,payment_failure,authentication_failed,82472.46,4,4,146123.07,0.44,0.34,135.0,RETRY_LATER,1,82472.46
27059e92-d2dd-4ace-84c3-c436fae26dd4,payment_failure,authentication_failed,82472.46,4,4,146123.07,0.44,0.34,135.0,SEND_REMINDER,0,0.0
27059e92-d2dd-4ace-84c3-c436fae26dd4,payment_failure,authentication_failed,82472.46,4,4,146123.07,0.44,0.34,135.0,SUGGEST_ALTERNATIVE_PAYMENT,0,0.0
27059e92-d2dd-4ace-84c3-c436fae26dd4,payment_failure,authentication_failed,82472.46,4,4,146123.07,0.44,0.34,135.0,OFFER_INCENTIVE,0,0.0
27059e92-d2dd-4ace-84c3-c436fae26dd4,payment_failure,authentication_failed,82472.46,4,4,146123.07,0.44,0.34,135.0,ESCALATE_TO_HUMAN,0,0.0
a1be373e-6457-4eed-b748-4a23d17c1bb9,subscription_failure,authentication_failed,75362.92,1,2,117767.47,0.83,0.9,121.0,RETRY_NOW,1,75362.92
a1be373e-6457-4eed-b748-4a23d17c1bb9,subscription_failure,authentication_failed,75362.92,1,2,117767.47,0.83,0.9,121.0,RETRY_LATER,1,75362.92
a1be373e-6457-4eed-b748-4a23d17c1bb9,subscription_failure,authentication_failed,75362.92,1,2,117767.47,0.83,0.9,121.0,SEND_REMINDER,0,0.0
a1be373e-6457-4eed-b748-4a23d17c1bb9,subscription_failure,authentication_failed,75362.92,1,2,117767.47,0.83,0.9,121.0,SUGGEST_ALTERNATIVE_PAYMENT,1,75362.92
a1be373e-6457-4eed-b748-4a23d17c1bb9,subscription_failure,authentication_failed,75362.92,1,2,117767.47,0.83,0.9,121.0,OFFER_INCENTIVE,1,75362.92
a1be373e-6457-4eed-b748-4a23d17c1bb9,subscription_failure,authentication_failed,75362.92,1,2,117767.47,0.83,0.9,121.0,ESCALATE_TO_HUMAN,1,75362.92
61dbdfb4-c69a-4935-8644-7cf3128ab27e,subscription_failure,card_expired,91780.92,3,3,415724.13,0.58,0.01,158.0,RETRY_NOW,0,0.0
61dbdfb4-c69a-4935-8644-7cf3128ab27e,subscription_failure,card_expired,91780.92,3,3,415724.13,0.58,0.01,158.0,RETRY_LATER,0,0.0
61dbdfb4-c69a-4935-8644-7cf3128ab27e,subscription_failure,card_expired,91780.92,3,3,415724.13,0.58,0.01,158.0,SEND_REMINDER,0,0.0
61dbdfb4-c69a-4935-8644-7cf3128ab27e,subscription_failure,card_expired,91780.92,3,3,415724.13,0.58,0.01,158.0,SUGGEST_ALTERNATIVE_PAYMENT,1,91780.92
61dbdfb4-c69a-4935-8644-7cf3128ab27e,subscription_failure,card_expired,91780.92,3,3,415724.13,0.58,0.01,158.0,OFFER_INCENTIVE,0,0.0
61dbdfb4-c69a-4935-8644-7cf3128ab27e,subscription_failure,card_expired,91780.92,3,3,415724.13,0.58,0.01,158.0,ESCALATE_TO_HUMAN,1,91780.92
3bc77f3d-0b62-4559-b29d-479d6ad84169,overdue_invoice,invoice_dispute,17148.15,1,5,63394.92,0.88,0.94,65.0,RETRY_NOW,0,0.0
3bc77f3d-0b62-4559-b29d-479d6ad84169,overdue_invoice,invoice_dispute,17148.15,1,5,63394.92,0.88,0.94,65.0,RETRY_LATER,1,17148.15
3bc77f3d-0b62-4559-b29d-479d6ad84169,overdue_invoice,invoice_dispute,17148.15,1,5,63394.92,0.88,0.94,65.0,SEND_REMINDER,1,17148.15
3bc77f3d-0b62-4559-b29d-479d6ad84169,overdue_invoice,invoice_dispute,17148.15,1,5,63394.92,0.88,0.94,65.0,SUGGEST_ALTERNATIVE_PAYMENT,1,17148.15
3bc77f3d-0b62-4559-b29d-479d6ad84169,overdue_invoice,invoice_dispute,17148.15,1,5,63394.92,0.88,0.94,65.0,OFFER_INCENTIVE,1,17148.15
3bc77f3d-0b62-4559-b29d-479d6ad84169,overdue_invoice,invoice_dispute,17148.15,1,5,63394.92,0.88,0.94,65.0,ESCALATE_TO_HUMAN,1,17148.15
14c030d9-1ed7-493f-9fec-7d9dbf381ed9,subscription_failure,card_expired,42376.71,4,4,260634.31,0.28,0.42,36.0,RETRY_NOW,0,0.0
14c030d9-1ed7-493f-9fec-7d9dbf381ed9,subscription_failure,card_expired,42376.71,4,4,260634.31,0.28,0.42,36.0,RETRY_LATER,1,42376.71
14c030d9-1ed7-493f-9fec-7d9dbf381ed9,subscription_failure,card_expired,42376.71,4,4,260634.31,0.28,0.42,36.0,SEND_REMINDER,1,42376.71
14c030d9-1ed7-493f-9fec-7d9dbf381ed9,subscription_failure,card_expired,42376.71,4,4,260634.31,0.28,0.42,36.0,SUGGEST_ALTERNATIVE_PAYMENT,0,0.0
14c030d9-1ed7-493f-9fec-7d9dbf381ed9,subscription_failure,card_expired,42376.71,4,4,260634.31,0.28,0.42,36.0,OFFER_INCENTIVE,1,42376.71
14c030d9-1ed7-493f-9fec-7d9dbf381ed9,subscription_failure,card_expired,42376.71,4,4,260634.31,0.28,0.42,36.0,ESCALATE_TO_HUMAN,0,0.0
3db8270d-28bc-4e91-9a31-20457a604775,overdue_invoice,cash_flow_issue,31959.63,3,4,37199.01,0.8,1.0,145.0,RETRY_NOW,0,0.0
3db8270d-28bc-4e91-9a31-20457a604775,overdue_invoice,cash_flow_issue,31959.63,3,4,37199.01,0.8,1.0,145.0,RETRY_LATER,0,0.0
3db8270d-28bc-4e91-9a31-20457a604775,overdue_invoice,cash_flow_issue,31959.63,3,4,37199.01,0.8,1.0,145.0,SEND_REMINDER,1,31959.63
3db8270d-28bc-4e91-9a31-20457a604775,overdue_invoice,cash_flow_issue,31959.63,3,4,37199.01,0.8,1.0,145.0,SUGGEST_ALTERNATIVE_PAYMENT,1,31959.63
3db8270d-28bc-4e91-9a31-20457a604775,overdue_invoice,cash_flow_issue,31959.63,3,4,37199.01,0.8,1.0,145.0,OFFER_INCENTIVE,0,0.0
3db8270d-28bc-4e91-9a31-20457a604775,overdue_invoice,cash_flow_issue,31959.63,3,4,37199.01,0.8,1.0,145.0,ESCALATE_TO_HUMAN,1,31959.63
25447620-67ed-46ff-a2bd-f7f5d06e0a8c,payment_failure,payment_timeout,92459.21,1,5,342994.25,0.39,0.11,22.0,RETRY_NOW,0,0.0
25447620-67ed-46ff-a2bd-f7f5d06e0a8c,payment_failure,payment_timeout,92459.21,1,5,342994.25,0.39,0.11,22.0,RETRY_LATER,1,92459.21
25447620-67ed-46ff-a2bd-f7f5d06e0a8c,payment_failure,payment_timeout,92459.21,1,5,342994.25,0.39,0.11,22.0,SEND_REMINDER,1,92459.21
25447620-67ed-46ff-a2bd-f7f5d06e0a8c,payment_failure,payment_timeout,92459.21,1,5,342994.25,0.39,0.11,22.0,SUGGEST_ALTERNATIVE_PAYMENT,1,92459.21
25447620-67ed-46ff-a2bd-f7f5d06e0a8c,payment_failure,payment_timeout,92459.21,1,5,342994.25,0.39,0.11,22.0,OFFER_INCENTIVE,0,0.0
25447620-67ed-46ff-a2bd-f7f5d06e0a8c,payment_failure,payment_timeout,92459.21,1,5,342994.25,0.39,0.11,22.0,ESCALATE_TO_HUMAN,1,92459.21
f58dae98-1f14-4abc-8ef2-717c9848bc1b,checkout_abandonment,unknown,90298.36,2,0,65266.98,0.55,0.94,11.0,RETRY_NOW,1,90298.36
f58dae98-1f14-4abc-8ef2-717c9848bc1b,checkout_abandonment,unknown,90298.36,2,0,65266.98,0.55,0.94,11.0,RETRY_LATER,1,90298.36
f58dae98-1f14-4abc-8ef2-717c9848bc1b,checkout_abandonment,unknown,90298.36,2,0,65266.98,0.55,0.94,11.0,SEND_REMINDER,1,90298.36
f58dae98-1f14-4abc-8ef2-717c9848bc1b,checkout_abandonment,unknown,90298.36,2,0,65266.98,0.55,0.94,11.0,SUGGEST_ALTERNATIVE_PAYMENT,0,0.0
f58dae98-1f14-4abc-8ef2-717c9848bc1b,checkout_abandonment,unknown,90298.36,2,0,65266.98,0.55,0.94,11.0,OFFER_INCENTIVE,1,90298.36
f58dae98-1f14-4abc-8ef2-717c9848bc1b,checkout_abandonment,unknown,90298.36,2,0,65266.98,0.55,0.94,11.0,ESCALATE_TO_HUMAN,1,90298.36
c613f642-9f58-4921-80e6-e88cead68c2e,checkout_abandonment,unknown,15051.22,3,3,124529.82,0.46,0.58,37.0,RETRY_NOW,1,15051.22
c613f642-9f58-4921-80e6-e88cead68c2e,checkout_abandonment,unknown,15051.22,3,3,124529.82,0.46,0.58,37.0,RETRY_LATER,1,15051.22
c613f642-9f58-4921-80e6-e88cead68c2e,checkout_abandonment,unknown,15051.22,3,3,124529.82,0.46,0.58,37.0,SEND_REMINDER,1,15051.22
c613f642-9f58-4921-80e6-e88cead68c2e,checkout_abandonment,unknown,15051.22,3,3,124529.82,0.46,0.58,37.0,SUGGEST_ALTERNATIVE_PAYMENT,1,15051.22
c613f642-9f58-4921-80e6-e88cead68c2e,checkout_abandonment,unknown,15051.22,3,3,124529.82,0.46,0.58,37.0,OFFER_INCENTIVE,0,0.0
c613f642-9f58-4921-80e6-e88cead68c2e,checkout_abandonment,unknown,15051.22,3,3,124529.82,0.46,0.58,37.0,ESCALATE_TO_HUMAN,0,0.0
153d786b-dd52-431c-b74c-4f7547af7a43,subscription_failure,mandate_failed,35522.5,2,4,87091.23,0.57,0.08,152.0,RETRY_NOW,1,35522.5
153d786b-dd52-431c-b74c-4f7547af7a43,subscription_failure,mandate_failed,35522.5,2,4,87091.23,0.57,0.08,152.0,RETRY_LATER,1,35522.5
153d786b-dd52-431c-b74c-4f7547af7a43,subscription_failure,mandate_failed,35522.5,2,4,87091.23,0.57,0.08,152.0,SEND_REMINDER,0,0.0
153d786b-dd52-431c-b74c-4f7547af7a43,subscription_failure,mandate_failed,35522.5,2,4,87091.23,0.57,0.08,152.0,SUGGEST_ALTERNATIVE_PAYMENT,0,0.0
153d786b-dd52-431c-b74c-4f7547af7a43,subscription_failure,mandate_failed,35522.5,2,4,87091.23,0.57,0.08,152.0,OFFER_INCENTIVE,1,35522.5
153d786b-dd52-431c-b74c-4f7547af7a43,subscription_failure,mandate_failed,35522.5,2,4,87091.23,0.57,0.08,152.0,ESCALATE_TO_HUMAN,0,0.0
b6680900-d77b-4f7e-b148-050c1ef8a48c,overdue_invoice,cash_flow_issue,86245.55,0,2,10352.03,0.23,0.43,148.0,RETRY_NOW,0,0.0
b6680900-d77b-4f7e-b148-050c1ef8a48c,overdue_invoice,cash_flow_issue,86245.55,0,2,10352.03,0.23,0.43,148.0,RETRY_LATER,0,0.0
b6680900-d77b-4f7e-b148-050c1ef8a48c,overdue_invoice,cash_flow_issue,86245.55,0,2,10352.03,0.23,0.43,148.0,SEND_REMINDER,1,86245.55
b6680900-d77b-4f7e-b148-050c1ef8a48c,overdue_invoice,cash_flow_issue,86245.55,0,2,10352.03,0.23,0.43,148.0,SUGGEST_ALTERNATIVE_PAYMENT,0,0.0
b6680900-d77b-4f7e-b148-050c1ef8a48c,overdue_invoice,cash_flow_issue,86245.55,0,2,10352.03,0.23,0.43,148.0,OFFER_INCENTIVE,1,86245.55
b6680900-d77b-4f7e-b148-050c1ef8a48c,overdue_invoice,cash_flow_issue,86245.55,0,2,10352.03,0.23,0.43,148.0,ESCALATE_TO_HUMAN,1,86245.55
890eb480-2781-407d-bdf5-4598ac655a70,checkout_abandonment,payment_method_unavailable,71975.42,1,5,200426.78,0.51,0.89,2.0,RETRY_NOW,1,71975.42
890eb480-2781-407d-bdf5-4598ac655a70,checkout_abandonment,payment_method_unavailable,71975.42,1,5,200426.78,0.51,0.89,2.0,RETRY_LATER,1,71975.42
890eb480-2781-407d-bdf5-4598ac655a70,checkout_abandonment,payment_method_unavailable,71975.42,1,5,200426.78,0.51,0.89,2.0,SEND_REMINDER,1,71975.42
890eb480-2781-407d-bdf5-4598ac655a70,checkout_abandonment,payment_method_unavailable,71975.42,1,5,200426.78,0.51,0.89,2.0,SUGGEST_ALTERNATIVE_PAYMENT,1,71975.42
890eb480-2781-407d-bdf5-4598ac655a70,checkout_abandonment,payment_method_unavailable,71975.42,1,5,200426.78,0.51,0.89,2.0,OFFER_INCENTIVE,0,0.0
890eb480-2781-407d-bdf5-4598ac655a70,checkout_abandonment,payment_method_unavailable,71975.42,1,5,200426.78,0.51,0.89,2.0,ESCALATE_TO_HUMAN,0,0.0
fe7d181f-e9ca-4021-a511-2f947e1822c7,payment_failure,payment_timeout,9417.07,2,3,298865.35,0.64,0.29,4.0,RETRY_NOW,1,9417.07
fe7d181f-e9ca-4021-a511-2f947e1822c7,payment_failure,payment_timeout,9417.07,2,3,298865.35,0.64,0.29,4.0,RETRY_LATER,1,9417.07
fe7d181f-e9ca-4021-a511-2f947e1822c7,payment_failure,payment_timeout,9417.07,2,3,298865.35,0.64,0.29,4.0,SEND_REMINDER,1,9417.07
fe7d181f-e9ca-4021-a511-2f947e1822c7,payment_failure,payment_timeout,9417.07,2,3,298865.35,0.64,0.29,4.0,SUGGEST_ALTERNATIVE_PAYMENT,1,9417.07
fe7d181f-e9ca-4021-a511-2f947e1822c7,payment_failure,payment_timeout,9417.07,2,3,298865.35,0.64,0.29,4.0,OFFER_INCENTIVE,0,0.0
fe7d181f-e9ca-4021-a511-2f947e1822c7,payment_failure,payment_timeout,9417.07,2,3,298865.35,0.64,0.29,4.0,ESCALATE_TO_HUMAN,1,9417.07
9549d722-dc62-4751-b0ac-b51dc9076915,subscription_failure,card_expired,56268.52,2,0,361110.52,0.95,0.68,147.0,RETRY_NOW,1,56268.52
9549d722-dc62-4751-b0ac-b51dc9076915,subscription_failure,card_expired,56268.52,2,0,361110.52,0.95,0.68,147.0,RETRY_LATER,1,56268.52
9549d722-dc62-4751-b0ac-b51dc9076915,subscription_failure,card_expired,56268.52,2,0,361110.52,0.95,0.68,147.0,SEND_REMINDER,0,0.0
9549d722-dc62-4751-b0ac-b51dc9076915,subscription_failure,card_expired,56268.52,2,0,361110.52,0.95,0.68,147.0,SUGGEST_ALTERNATIVE_PAYMENT,1,56268.52
9549d722-dc62-4751-b0ac-b51dc9076915,subscription_failure,card_expired,56268.52,2,0,361110.52,0.95,0.68,147.0,OFFER_INCENTIVE,1,56268.52
9549d722-dc62-4751-b0ac-b51dc9076915,subscription_failure,card_expired,56268.52,2,0,361110.52,0.95,0.68,147.0,ESCALATE_TO_HUMAN,1,56268.52
abb2916c-3410-49b6-b377-10611b16cd4e,overdue_invoice,invoice_dispute,6851.79,2,2,320656.78,0.99,0.71,168.0,RETRY_NOW,1,6851.79
abb2916c-3410-49b6-b377-10611b16cd4e,overdue_invoice,invoice_dispute,6851.79,2,2,320656.78,0.99,0.71,168.0,RETRY_LATER,0,0.0
abb2916c-3410-49b6-b377-10611b16cd4e,overdue_invoice,invoice_dispute,6851.79,2,2,320656.78,0.99,0.71,168.0,SEND_REMINDER,1,6851.79
abb2916c-3410-49b6-b377-10611b16cd4e,overdue_invoice,invoice_dispute,6851.79,2,2,320656.78,0.99,0.71,168.0,SUGGEST_ALTERNATIVE_PAYMENT,1,6851.79
abb2916c-3410-49b6-b377-10611b16cd4e,overdue_invoice,invoice_dispute,6851.79,2,2,320656.78,0.99,0.71,168.0,OFFER_INCENTIVE,1,6851.79
abb2916c-3410-49b6-b377-10611b16cd4e,overdue_invoice,invoice_dispute,6851.79,2,2,320656.78,0.99,0.71,168.0,ESCALATE_TO_HUMAN,1,6851.79
ff5cb7aa-c2e1-455f-bce0-d372ad7919ea,checkout_abandonment,payment_method_unavailable,71325.01,2,4,319212.31,0.94,0.12,58.0,RETRY_NOW,0,0.0
ff5cb7aa-c2e1-455f-bce0-d372ad7919ea,checkout_abandonment,payment_method_unavailable,71325.01,2,4,319212.31,0.94,0.12,58.0,RETRY_LATER,1,71325.01
ff5cb7aa-c2e1-455f-bce0-d372ad7919ea,checkout_abandonment,payment_method_unavailable,71325.01,2,4,319212.31,0.94,0.12,58.0,SEND_REMINDER,1,71325.01
ff5cb7aa-c2e1-455f-bce0-d372ad7919ea,checkout_abandonment,payment_method_unavailable,71325.01,2,4,319212.31,0.94,0.12,58.0,SUGGEST_ALTERNATIVE_PAYMENT,1,71325.01
ff5cb7aa-c2e1-455f-bce0-d372ad7919ea,checkout_abandonment,payment_method_unavailable,71325.01,2,4,319212.31,0.94,0.12,58.0,OFFER_INCENTIVE,0,0.0
ff5cb7aa-c2e1-455f-bce0-d372ad7919ea,checkout_abandonment,payment_method_unavailable,71325.01,2,4,319212.31,0.94,0.12,58.0,ESCALATE_TO_HUMAN,0,0.0
66f9b79c-12b2-4964-b247-36c92ddc5615,overdue_invoice,cash_flow_issue,92094.48,1,2,415827.55,0.27,0.34,80.0,RETRY_NOW,0,0.0
66f9b79c-12b2-4964-b247-36c92ddc5615,overdue_invoice,cash_flow_issue,92094.48,1,2,415827.55,0.27,0.34,80.0,RETRY_LATER,0,0.0
66f9b79c-12b2-4964-b247-36c92ddc5615,overdue_invoice,cash_flow_issue,92094.48,1,2,415827.55,0.27,0.34,80.0,SEND_REMINDER,1,92094.48
66f9b79c-12b2-4964-b247-36c92ddc5615,overdue_invoice,cash_flow_issue,92094.48,1,2,415827.55,0.27,0.34,80.0,SUGGEST_ALTERNATIVE_PAYMENT,1,92094.48
66f9b79c-12b2-4964-b247-36c92ddc5615,overdue_invoice,cash_flow_issue,92094.48,1,2,415827.55,0.27,0.34,80.0,OFFER_INCENTIVE,1,92094.48
66f9b79c-12b2-4964-b247-36c92ddc5615,overdue_invoice,cash_flow_issue,92094.48,1,2,415827.55,0.27,0.34,80.0,ESCALATE_TO_HUMAN,1,92094.48
0f17c3ef-d624-40c7-8c93-269b6a7b0dab,checkout_abandonment,high_friction,71666.02,4,3,37908.6,0.83,0.4,150.0,RETRY_NOW,1,71666.02
0f17c3ef-d624-40c7-8c93-269b6a7b0dab,checkout_abandonment,high_friction,71666.02,4,3,37908.6,0.83,0.4,150.0,RETRY_LATER,1,71666.02
0f17c3ef-d624-40c7-8c93-269b6a7b0dab,checkout_abandonment,high_friction,71666.02,4,3,37908.6,0.83,0.4,150.0,SEND_REMINDER,1,71666.02
0f17c3ef-d624-40c7-8c93-269b6a7b0dab,checkout_abandonment,high_friction,71666.02,4,3,37908.6,0.83,0.4,150.0,SUGGEST_ALTERNATIVE_PAYMENT,1,71666.02
0f17c3ef-d624-40c7-8c93-269b6a7b0dab,checkout_abandonment,high_friction,71666.02,4,3,37908.6,0.83,0.4,150.0,OFFER_INCENTIVE,0,0.0
0f17c3ef-d624-40c7-8c93-269b6a7b0dab,checkout_abandonment,high_friction,71666.02,4,3,37908.6,0.83,0.4,150.0,ESCALATE_TO_HUMAN,1,71666.02
d692e6a9-0847-4a28-90f6-eff2b980f501,overdue_invoice,cash_flow_issue,85702.72,1,3,400218.69,0.36,0.18,3.0,RETRY_NOW,0,0.0
d692e6a9-0847-4a28-90f6-eff2b980f501,overdue_invoice,cash_flow_issue,85702.72,1,3,400218.69,0.36,0.18,3.0,RETRY_LATER,1,85702.72
d692e6a9-0847-4a28-90f6-eff2b980f501,overdue_invoice,cash_flow_issue,85702.72,1,3,400218.69,0.36,0.18,3.0,SEND_REMINDER,0,0.0
d692e6a9-0847-4a28-90f6-eff2b980f501,overdue_invoice,cash_flow_issue,85702.72,1,3,400218.69,0.36,0.18,3.0,SUGGEST_ALTERNATIVE_PAYMENT,1,85702.72
d692e6a9-0847-4a28-90f6-eff2b980f501,overdue_invoice,cash_flow_issue,85702.72,1,3,400218.69,0.36,0.18,3.0,OFFER_INCENTIVE,0,0.0
d692e6a9-0847-4a28-90f6-eff2b980f501,overdue_invoice,cash_flow_issue,85702.72,1,3,400218.69,0.36,0.18,3.0,ESCALATE_TO_HUMAN,1,85702.72
a3bc50fc-3c62-45c1-a4f9-88dd0d46fc76,checkout_abandonment,price_hesitation,39964.89,2,3,161485.89,0.39,0.53,120.0,RETRY_NOW,0,0.0
a3bc50fc-3c62-45c1-a4f9-88dd0d46fc76,checkout_abandonment,price_hesitation,39964.89,2,3,161485.89,0.39,0.53,120.0,RETRY_LATER,1,39964.89
a3bc50fc-3c62-45c1-a4f9-88dd0d46fc76,checkout_abandonment,price_hesitation,39964.89,2,3,161485.89,0.39,0.53,120.0,SEND_REMINDER,1,39964.89
a3bc50fc-3c62-45c1-a4f9-88dd0d46fc76,checkout_abandonment,price_hesitation,39964.89,2,3,161485.89,0.39,0.53,120.0,SUGGEST_ALTERNATIVE_PAYMENT,1,39964.89
a3bc50fc-3c62-45c1-a4f9-88dd0d46fc76,checkout_abandonment,price_hesitation,39964.89,2,3,161485.89,0.39,0.53,120.0,OFFER_INCENTIVE,1,39964.89
a3bc50fc-3c62-45c1-a4f9-88dd0d46fc76,checkout_abandonment,price_hesitation,39964.89,2,3,161485.89,0.39,0.53,120.0,ESCALATE_TO_HUMAN,1,39964.89
eb8ff4a8-5c32-41d1-80d6-2a908b95aa79,subscription_failure,card_expired,68050.32,2,0,315812.4,0.24,0.09,85.0,RETRY_NOW,1,68050.32
eb8ff4a8-5c32-41d1-80d6-2a908b95aa79,subscription_failure,card_expired,68050.32,2,0,315812.4,0.24,0.09,85.0,RETRY_LATER,0,0.0
eb8ff4a8-5c32-41d1-80d6-2a908b95aa79,subscription_failure,card_expired,68050.32,2,0,315812.4,0.24,0.09,85.0,SEND_REMINDER,0,0.0
eb8ff4a8-5c32-41d1-80d6-2a908b95aa79,subscription_failure,card_expired,68050.32,2,0,315812.4,0.24,0.09,85.0,SUGGEST_ALTERNATIVE_PAYMENT,1,68050.32
eb8ff4a8-5c32-41d1-80d6-2a908b95aa79,subscription_failure,card_expired,68050.32,2,0,315812.4,0.24,0.09,85.0,OFFER_INCENTIVE,1,68050.32
eb8ff4a8-5c32-41d1-80d6-2a908b95aa79,subscription_failure,card_expired,68050.32,2,0,315812.4,0.24,0.09,85.0,ESCALATE_TO_HUMAN,0,0.0
7e52b09b-15b8-4f6c-9230-c32fb30c703a,overdue_invoice,customer_delay,38639.98,2,0,100507.71,0.23,0.76,83.0,RETRY_NOW,1,38639.98
7e52b09b-15b8-4f6c-9230-c32fb30c703a,overdue_invoice,customer_delay,38639.98,2,0,100507.71,0.23,0.76,83.0,RETRY_LATER,1,38639.98
7e52b09b-15b8-4f6c-9230-c32fb30c703a,overdue_invoice,customer_delay,38639.98,2,0,100507.71,0.23,0.76,83.0,SEND_REMINDER,1,38639.98
7e52b09b-15b8-4f6c-9230-c32fb30c703a,overdue_invoice,customer_delay,38639.98,2,0,100507.71,0.23,0.76,83.0,SUGGEST_ALTERNATIVE_PAYMENT,0,0.0
7e52b09b-15b8-4f6c-9230-c32fb30c703a,overdue_invoice,customer_delay,38639.98,2,0,100507.71,0.23,0.76,83.0,OFFER_INCENTIVE,0,0.0
7e52b09b-15b8-4f6c-9230-c32fb30c703a,overdue_invoice,customer_delay,38639.98,2,0,100507.71,0.23,0.76,83.0,ESCALATE_TO_HUMAN,0,0.0
d7fb0314-d3ab-4f6d-b4c3-b25a7e383545,subscription_failure,authentication_failed,36782.83,0,2,486125.94,0.95,0.68,54.0,RETRY_NOW,0,0.0
d7fb0314-d3ab-4f6d-b4c3-b25a7e383545,subscription_failure,authentication_failed,36782.83,0,2,486125.94,0.95,0.68,54.0,RETRY_LATER,1,36782.83
d7fb0314-d3ab-4f6d-b4c3-b25a7e383545,subscription_failure,authentication_failed,36782.83,0,2,486125.94,0.95,0.68,54.0,SEND_REMINDER,1,36782.83
d7fb0314-d3ab-4f6d-b4c3-b25a7e383545,subscription_failure,authentication_failed,36782.83,0,2,486125.94,0.95,0.68,54.0,SUGGEST_ALTERNATIVE_PAYMENT,1,36782.83
d7fb0314-d3ab-4f6d-b4c3-b25a7e383545,subscription_failure,authentication_failed,36782.83,0,2,486125.94,0.95,0.68,54.0,OFFER_INCENTIVE,1,36782.83
d7fb0314-d3ab-4f6d-b4c3-b25a7e383545,subscription_failure,authentication_failed,36782.83,0,2,486125.94,0.95,0.68,54.0,ESCALATE_TO_HUMAN,1,36782.83
d1513655-813a-4037-b5d5-d90ef88d6f70,subscription_failure,card_expired,72298.8,0,0,284229.18,0.82,0.16,40.0,RETRY_NOW,1,72298.8
d1513655-813a-4037-b5d5-d90ef88d6f70,subscription_failure,card_expired,72298.8,0,0,284229.18,0.82,0.16,40.0,RETRY_LATER,0,0.0
d1513655-813a-4037-b5d5-d90ef88d6f70,subscription_failure,card_expired,72298.8,0,0,284229.18,0.82,0.16,40.0,SEND_REMINDER,0,0.0
d1513655-813a-4037-b5d5-d90ef88d6f70,subscription_failure,card_expired,72298.8,0,0,284229.18,0.82,0.16,40.0,SUGGEST_ALTERNATIVE_PAYMENT,1,72298.8
d1513655-813a-4037-b5d5-d90ef88d6f70,subscription_failure,card_expired,72298.8,0,0,284229.18,0.82,0.16,40.0,OFFER_INCENTIVE,1,72298.8
d1513655-813a-4037-b5d5-d90ef88d6f70,subscription_failure,card_expired,72298.8,0,0,284229.18,0.82,0.16,40.0,ESCALATE_TO_HUMAN,0,0.0
71c3ab5c-220d-4662-9471-d8e266c1ccd7,checkout_abandonment,payment_method_unavailable,92265.88,1,0,245476.49,0.44,0.68,89.0,RETRY_NOW,0,0.0
71c3ab5c-220d-4662-9471-d8e266c1ccd7,checkout_abandonment,payment_method_unavailable,92265.88,1,0,245476.49,0.44,0.68,89.0,RETRY_LATER,1,92265.88
71c3ab5c-220d-4662-9471-d8e266c1ccd7,checkout_abandonment,payment_method_unavailable,92265.88,1,0,245476.49,0.44,0.68,89.0,SEND_REMINDER,1,92265.88
71c3ab5c-220d-4662-9471-d8e266c1ccd7,checkout_abandonment,payment_method_unavailable,92265.88,1,0,245476.49,0.44,0.68,89.0,SUGGEST_ALTERNATIVE_PAYMENT,1,92265.88
71c3ab5c-220d-4662-9471-d8e266c1ccd7,checkout_abandonment,payment_method_unavailable,92265.88,1,0,245476.49,0.44,0.68,89.0,OFFER_INCENTIVE,0,0.0
71c3ab5c-220d-4662-9471-d8e266c1ccd7,checkout_abandonment,payment_method_unavailable,92265.88,1,0,245476.49,0.44,0.68,89.0,ESCALATE_TO_HUMAN,1,92265.88
2e4ad327-0f8b-4553-85b9-8fa1679d709a,checkout_abandonment,payment_method_unavailable,29513.71,1,3,370048.42,0.83,0.59,95.0,RETRY_NOW,0,0.0
2e4ad327-0f8b-4553-85b9-8fa1679d709a,checkout_abandonment,payment_method_unavailable,29513.71,1,3,370048.42,0.83,0.59,95.0,RETRY_LATER,1,29513.71
2e4ad327-0f8b-4553-85b9-8fa1679d709a,checkout_abandonment,payment_method_unavailable,29513.71,1,3,370048.42,0.83,0.59,95.0,SEND_REMINDER,1,29513.71
2e4ad327-0f8b-4553-85b9-8fa1679d709a,checkout_abandonment,payment_method_unavailable,29513.71,1,3,370048.42,0.83,0.59,95.0,SUGGEST_ALTERNATIVE_PAYMENT,1,29513.71
2e4ad327-0f8b-4553-85b9-8fa1679d709a,checkout_abandonment,payment_method_unavailable,29513.71,1,3,370048.42,0.83,0.59,95.0,OFFER_INCENTIVE,0,0.0
2e4ad327-0f8b-4553-85b9-8fa1679d709a,checkout_abandonment,payment_method_unavailable,29513.71,1,3,370048.42,0.83,0.59,95.0,ESCALATE_TO_HUMAN,0,0.0
62329201-6dfd-4b77-8b94-eac4a4f42e78,subscription_failure,mandate_failed,43209.27,3,1,121041.56,0.69,0.52,22.0,RETRY_NOW,1,43209.27
62329201-6dfd-4b77-8b94-eac4a4f42e78,subscription_failure,mandate_failed,43209.27,3,1,121041.56,0.69,0.52,22.0,RETRY_LATER,1,43209.27
62329201-6dfd-4b77-8b94-eac4a4f42e78,subscription_failure,mandate_failed,43209.27,3,1,121041.56,0.69,0.52,22.0,SEND_REMINDER,0,0.0
62329201-6dfd-4b77-8b94-eac4a4f42e78,subscription_failure,mandate_failed,43209.27,3,1,121041.56,0.69,0.52,22.0,SUGGEST_ALTERNATIVE_PAYMENT,1,43209.27
62329201-6dfd-4b77-8b94-eac4a4f42e78,subscription_failure,mandate_failed,43209.27,3,1,121041.56,0.69,0.52,22.0,OFFER_INCENTIVE,0,0.0
62329201-6dfd-4b77-8b94-eac4a4f42e78,subscription_failure,mandate_failed,43209.27,3,1,121041.56,0.69,0.52,22.0,ESCALATE_TO_HUMAN,0,0.0
788f0688-ce1f-4860-a97b-bf6c994c33f9,subscription_failure,insufficient_funds,3355.65,1,2,91738.09,0.88,0.34,67.0,RETRY_NOW,1,3355.65
788f0688-ce1f-4860-a97b-bf6c994c33f9,subscription_failure,insufficient_funds,3355.65,1,2,91738.09,0.88,0.34,67.0,RETRY_LATER,0,0.0
788f0688-ce1f-4860-a97b-bf6c994c33f9,subscription_failure,insufficient_funds,3355.65,1,2,91738.09,0.88,0.34,67.0,SEND_REMINDER,1,3355.65
788f0688-ce1f-4860-a97b-bf6c994c33f9,subscription_failure,insufficient_funds,3355.65,1,2,91738.09,0.88,0.34,67.0,SUGGEST_ALTERNATIVE_PAYMENT,1,3355.65
788f0688-ce1f-4860-a97b-bf6c994c33f9,subscription_failure,insufficient_funds,3355.65,1,2,91738.09,0.88,0.34,67.0,OFFER_INCENTIVE,1,3355.65
788f0688-ce1f-4860-a97b-bf6c994c33f9,subscription_failure,insufficient_funds,3355.65,1,2,91738.09,0.88,0.34,67.0,ESCALATE_TO_HUMAN,1,3355.65
ba1e4ddc-46f6-4def-abdf-91072bc02cce,overdue_invoice,customer_delay,3657.62,3,2,384717.06,0.53,0.45,98.0,RETRY_NOW,1,3657.62
ba1e4ddc-46f6-4def-abdf-91072bc02cce,overdue_invoice,customer_delay,3657.62,3,2,384717.06,0.53,0.45,98.0,RETRY_LATER,0,0.0
ba1e4ddc-46f6-4def-abdf-91072bc02cce,overdue_invoice,customer_delay,3657.62,3,2,384717.06,0.53,0.45,98.0,SEND_REMINDER,0,0.0
ba1e4ddc-46f6-4def-abdf-91072bc02cce,overdue_invoice,customer_delay,3657.62,3,2,384717.06,0.53,0.45,98.0,SUGGEST_ALTERNATIVE_PAYMENT,0,0.0
ba1e4ddc-46f6-4def-abdf-91072bc02cce,overdue_invoice,customer_delay,3657.62,3,2,384717.06,0.53,0.45,98.0,OFFER_INCENTIVE,1,3657.62
ba1e4ddc-46f6-4def-abdf-91072bc02cce,overdue_invoice,customer_delay,3657.62,3,2,384717.06,0.53,0.45,98.0,ESCALATE_TO_HUMAN,1,3657.62
e510d890-b8a5-4634-bbfa-d86c1c9d443a,payment_failure,technical_error,42212.88,2,1,261868.58,0.67,0.24,81.0,RETRY_NOW,0,0.0
e510d890-b8a5-4634-bbfa-d86c1c9d443a,payment_failure,technical_error,42212.88,2,1,261868.58,0.67,0.24,81.0,RETRY_LATER,1,42212.88
e510d890-b8a5-4634-bbfa-d86c1c9d443a,payment_failure,technical_error,42212.88,2,1,261868.58,0.67,0.24,81.0,SEND_REMINDER,0,0.0
e510d890-b8a5-4634-bbfa-d86c1c9d443a,payment_failure,technical_error,42212.88,2,1,261868.58,0.67,0.24,81.0,SUGGEST_ALTERNATIVE_PAYMENT,1,42212.88
e510d890-b8a5-4634-bbfa-d86c1c9d443a,payment_failure,technical_error,42212.88,2,1,261868.58,0.67,0.24,81.0,OFFER_INCENTIVE,1,42212.88
e510d890-b8a5-4634-bbfa-d86c1c9d443a,payment_failure,technical_error,42212.88,2,1,261868.58,0.67,0.24,81.0,ESCALATE_TO_HUMAN,0,0.0
7b246939-678d-4b9e-903d-db31b4a97462,checkout_abandonment,price_hesitation,72473.58,1,3,288529.61,0.91,0.19,105.0,RETRY_NOW,0,0.0
7b246939-678d-4b9e-903d-db31b4a97462,checkout_abandonment,price_hesitation,72473.58,1,3,288529.61,0.91,0.19,105.0,RETRY_LATER,1,72473.58
7b246939-678d-4b9e-903d-db31b4a97462,checkout_abandonment,price_hesitation,72473.58,1,3,288529.61,0.91,0.19,105.0,SEND_REMINDER,1,72473.58
7b246939-678d-4b9e-903d-db31b4a97462,checkout_abandonment,price_hesitation,72473.58,1,3,288529.61,0.91,0.19,105.0,SUGGEST_ALTERNATIVE_PAYMENT,0,0.0
7b246939-678d-4b9e-903d-db31b4a97462,checkout_abandonment,price_hesitation,72473.58,1,3,288529.61,0.91,0.19,105.0,OFFER_INCENTIVE,1,72473.58
7b246939-678d-4b9e-903d-db31b4a97462,checkout_abandonment,price_hesitation,72473.58,1,3,288529.61,0.91,0.19,105.0,ESCALATE_TO_HUMAN,1,72473.58
c0ea05d6-5f77-43c7-8b07-cd08ec0774f2,checkout_abandonment,high_friction,70299.21,4,4,476555.08,0.33,0.17,67.0,RETRY_NOW,0,0.0
c0ea05d6-5f77-43c7-8b07-cd08ec0774f2,checkout_abandonment,high_friction,70299.21,4,4,476555.08,0.33,0.17,67.0,RETRY_LATER,1,70299.21
c0ea05d6-5f77-43c7-8b07-cd08ec0774f2,checkout_abandonment,high_friction,70299.21,4,4,476555.08,0.33,0.17,67.0,SEND_REMINDER,0,0.0
c0ea05d6-5f77-43c7-8b07-cd08ec0774f2,checkout_abandonment,high_friction,70299.21,4,4,476555.08,0.33,0.17,67.0,SUGGEST_ALTERNATIVE_PAYMENT,0,0.0
c0ea05d6-5f77-43c7-8b07-cd08ec0774f2,checkout_abandonment,high_friction,70299.21,4,4,476555.08,0.33,0.17,67.0,OFFER_INCENTIVE,0,0.0
c0ea05d6-5f77-43c7-8b07-cd08ec0774f2,checkout_abandonment,high_friction,70299.21,4,4,476555.08,0.33,0.17,67.0,ESCALATE_TO_HUMAN,0,0.0
af7bfb88-f16f-47fd-b45c-aed2eda39ee2,payment_failure,temporary_bank_failure,61158.28,1,5,473847.51,0.79,0.26,55.0,RETRY_NOW,1,61158.28
af7bfb88-f16f-47fd-b45c-aed2eda39ee2,payment_failure,temporary_bank_failure,61158.28,1,5,473847.51,0.79,0.26,55.0,RETRY_LATER,1,61158.28
af7bfb88-f16f-47fd-b45c-aed2eda39ee2,payment_failure,temporary_bank_failure,61158.28,1,5,473847.51,0.79,0.26,55.0,SEND_REMINDER,0,0.0
af7bfb88-f16f-47fd-b45c-aed2eda39ee2,payment_failure,temporary_bank_failure,61158.28,1,5,473847.51,0.79,0.26,55.0,SUGGEST_ALTERNATIVE_PAYMENT,0,0.0
af7bfb88-f16f-47fd-b45c-aed2eda39ee2,payment_failure,temporary_bank_failure,61158.28,1,5,473847.51,0.79,0.26,55.0,OFFER_INCENTIVE,1,61158.28
af7bfb88-f16f-47fd-b45c-aed2eda39ee2,payment_failure,temporary_bank_failure,61158.28,1,5,473847.51,0.79,0.26,55.0,ESCALATE_TO_HUMAN,1,61158.28
f08b19bb-a86a-415c-bac8-fd570e5b3f9f,overdue_invoice,forgotten_invoice,14180.41,1,0,34916.0,0.7,0.51,56.0,RETRY_NOW,0,0.0
f08b19bb-a86a-415c-bac8-fd570e5b3f9f,overdue_invoice,forgotten_invoice,14180.41,1,0,34916.0,0.7,0.51,56.0,RETRY_LATER,1,14180.41
f08b19bb-a86a-415c-bac8-fd570e5b3f9f,overdue_invoice,forgotten_invoice,14180.41,1,0,34916.0,0.7,0.51,56.0,SEND_REMINDER,1,14180.41
f08b19bb-a86a-415c-bac8-fd570e5b3f9f,overdue_invoice,forgotten_invoice,14180.41,1,0,34916.0,0.7,0.51,56.0,SUGGEST_ALTERNATIVE_PAYMENT,1,14180.41
f08b19bb-a86a-415c-bac8-fd570e5b3f9f,overdue_invoice,forgotten_invoice,14180.41,1,0,34916.0,0.7,0.51,56.0,OFFER_INCENTIVE,0,0.0
f08b19bb-a86a-415c-bac8-fd570e5b3f9f,overdue_invoice,forgotten_invoice,14180.41,1,0,34916.0,0.7,0.51,56.0,ESCALATE_TO_HUMAN,0,0.0
e23113eb-7ed0-49cb-a376-9c23c4fded12,payment_failure,authentication_failed,18119.28,4,3,220203.32,0.96,0.87,84.0,RETRY_NOW,1,18119.28
e23113eb-7ed0-49cb-a376-9c23c4fded12,payment_failure,authentication_failed,18119.28,4,3,220203.32,0.96,0.87,84.0,RETRY_LATER,1,18119.28
e23113eb-7ed0-49cb-a376-9c23c4fded12,payment_failure,authentication_failed,18119.28,4,3,220203.32,0.96,0.87,84.0,SEND_REMINDER,1,18119.28
e23113eb-7ed0-49cb-a376-9c23c4fded12,payment_failure,authentication_failed,18119.28,4,3,220203.32,0.96,0.87,84.0,SUGGEST_ALTERNATIVE_PAYMENT,1,18119.28
e23113eb-7ed0-49cb-a376-9c23c4fded12,payment_failure,authentication_failed,18119.28,4,3,220203.32,0.96,0.87,84.0,OFFER_INCENTIVE,1,18119.28
e23113eb-7ed0-49cb-a376-9c23c4fded12,payment_failure,authentication_failed,18119.28,4,3,220203.32,0.96,0.87,84.0,ESCALATE_TO_HUMAN,1,18119.28
88fd43ae-fded-405f-8249-83446289b04a,overdue_invoice,customer_delay,37174.27,3,5,131818.54,0.8,0.11,96.0,RETRY_NOW,0,0.0
88fd43ae-fded-405f-8249-83446289b04a,overdue_invoice,customer_delay,37174.27,3,5,131818.54,0.8,0.11,96.0,RETRY_LATER,1,37174.27
88fd43ae-fded-405f-8249-83446289b04a,overdue_invoice,customer_delay,37174.27,3,5,131818.54,0.8,0.11,96.0,SEND_REMINDER,1,37174.27
88fd43ae-fded-405f-8249-83446289b04a,overdue_invoice,customer_delay,37174.27,3,5,131818.54,0.8,0.11,96.0,SUGGEST_ALTERNATIVE_PAYMENT,1,37174.27
88fd43ae-fded-405f-8249-83446289b04a,overdue_invoice,customer_delay,37174.27,3,5,131818.54,0.8,0.11,96.0,OFFER_INCENTIVE,0,0.0
88fd43ae-fded-405f-8249-83446289b04a,overdue_invoice,customer_delay,37174.27,3,5,131818.54,0.8,0.11,96.0,ESCALATE_TO_HUMAN,0,0.0
da277588-438a-475d-b25a-25425a6ae689,payment_failure,temporary_bank_failure,39935.99,1,3,350021.24,0.44,0.09,168.0,RETRY_NOW,0,0.0
da277588-438a-475d-b25a-25425a6ae689,payment_failure,temporary_bank_failure,39935.99,1,3,350021.24,0.44,0.09,168.0,RETRY_LATER,0,0.0
da277588-438a-475d-b25a-25425a6ae689,payment_failure,temporary_bank_failure,39935.99,1,3,350021.24,0.44,0.09,168.0,SEND_REMINDER,0,0.0
da277588-438a-475d-b25a-25425a6ae689,payment_failure,temporary_bank_failure,39935.99,1,3,350021.24,0.44,0.09,168.0,SUGGEST_ALTERNATIVE_PAYMENT,1,39935.99
da277588-438a-475d-b25a-25425a6ae689,payment_failure,temporary_bank_failure,39935.99,1,3,350021.24,0.44,0.09,168.0,OFFER_INCENTIVE,0,0.0
da277588-438a-475d-b25a-25425a6ae689,payment_failure,temporary_bank_failure,39935.99,1,3,350021.24,0.44,0.09,168.0,ESCALATE_TO_HUMAN,0,0.0
c9328392-757f-42a9-939f-87eff4e11235,payment_failure,payment_timeout,33833.6,2,5,262403.25,0.54,0.63,148.0,RETRY_NOW,1,33833.6
c9328392-757f-42a9-939f-87eff4e11235,payment_failure,payment_timeout,33833.6,2,5,262403.25,0.54,0.63,148.0,RETRY_LATER,0,0.0
c9328392-757f-42a9-939f-87eff4e11235,payment_failure,payment_timeout,33833.6,2,5,262403.25,0.54,0.63,148.0,SEND_REMINDER,0,0.0
c9328392-757f-42a9-939f-87eff4e11235,payment_failure,payment_timeout,33833.6,2,5,262403.25,0.54,0.63,148.0,SUGGEST_ALTERNATIVE_PAYMENT,1,33833.6
c9328392-757f-42a9-939f-87eff4e11235,payment_failure,payment_timeout,33833.6,2,5,262403.25,0.54,0.63,148.0,OFFER_INCENTIVE,1,33833.6
c9328392-757f-42a9-939f-87eff4e11235,payment_failure,payment_timeout,33833.6,2,5,262403.25,0.54,0.63,148.0,ESCALATE_TO_HUMAN,1,33833.6
a2a1e6f6-12e8-405e-ba5c-df0ef6dc59b6,payment_failure,payment_timeout,85208.58,1,3,34912.47,0.25,0.94,31.0,RETRY_NOW,1,85208.58
a2a1e6f6-12e8-405e-ba5c-df0ef6dc59b6,payment_failure,payment_timeout,85208.58,1,3,34912.47,0.25,0.94,31.0,RETRY_LATER,1,85208.58
a2a1e6f6-12e8-405e-ba5c-df0ef6dc59b6,payment_failure,payment_timeout,85208.58,1,3,34912.47,0.25,0.94,31.0,SEND_REMINDER,1,85208.58
a2a1e6f6-12e8-405e-ba5c-df0ef6dc59b6,payment_failure,payment_timeout,85208.58,1,3,34912.47,0.25,0.94,31.0,SUGGEST_ALTERNATIVE_PAYMENT,1,85208.58
a2a1e6f6-12e8-405e-ba5c-df0ef6dc59b6,payment_failure,payment_timeout,85208.58,1,3,34912.47,0.25,0.94,31.0,OFFER_INCENTIVE,1,85208.58
a2a1e6f6-12e8-405e-ba5c-df0ef6dc59b6,payment_failure,payment_timeout,85208.58,1,3,34912.47,0.25,0.94,31.0,ESCALATE_TO_HUMAN,1,85208.58
41baabad-d2ce-47f4-8443-7a6b13adbf3c,overdue_invoice,forgotten_invoice,27958.21,2,2,391550.65,0.44,0.72,64.0,RETRY_NOW,1,27958.21
41baabad-d2ce-47f4-8443-7a6b13adbf3c,overdue_invoice,forgotten_invoice,27958.21,2,2,391550.65,0.44,0.72,64.0,RETRY_LATER,1,27958.21
41baabad-d2ce-47f4-8443-7a6b13adbf3c,overdue_invoice,forgotten_invoice,27958.21,2,2,391550.65,0.44,0.72,64.0,SEND_REMINDER,0,0.0
41baabad-d2ce-47f4-8443-7a6b13adbf3c,overdue_invoice,forgotten_invoice,27958.21,2,2,391550.65,0.44,0.72,64.0,SUGGEST_ALTERNATIVE_PAYMENT,0,0.0
41baabad-d2ce-47f4-8443-7a6b13adbf3c,overdue_invoice,forgotten_invoice,27958.21,2,2,391550.65,0.44,0.72,64.0,OFFER_INCENTIVE,0,0.0
41baabad-d2ce-47f4-8443-7a6b13adbf3c,overdue_invoice,forgotten_invoice,27958.21,2,2,391550.65,0.44,0.72,64.0,ESCALATE_TO_HUMAN,1,27958.21
e8ce0f7a-72f8-45ed-b63e-09e935379b23,checkout_abandonment,high_friction,76391.23,0,4,385413.16,0.96,0.01,18.0,RETRY_NOW,0,0.0
e8ce0f7a-72f8-45ed-b63e-09e935379b23,checkout_abandonment,high_friction,76391.23,0,4,385413.16,0.96,0.01,18.0,RETRY_LATER,1,76391.23
e8ce0f7a-72f8-45ed-b63e-09e935379b23,checkout_abandonment,high_friction,76391.23,0,4,385413.16,0.96,0.01,18.0,SEND_REMINDER,0,0.0
e8ce0f7a-72f8-45ed-b63e-09e935379b23,checkout_abandonment,high_friction,76391.23,0,4,385413.16,0.96,0.01,18.0,SUGGEST_ALTERNATIVE_PAYMENT,1,76391.23
e8ce0f7a-72f8-45ed-b63e-09e935379b23,checkout_abandonment,high_friction,76391.23,0,4,385413.16,0.96,0.01,18.0,OFFER_INCENTIVE,1,76391.23
e8ce0f7a-72f8-45ed-b63e-09e935379b23,checkout_abandonment,high_friction,76391.23,0,4,385413.16,0.96,0.01,18.0,ESCALATE_TO_HUMAN,1,76391.23
aeb5f85b-775a-4873-91a3-60cba8a2f674,checkout_abandonment,unknown,52910.86,2,2,18542.34,0.34,0.47,122.0,RETRY_NOW,1,52910.86
aeb5f85b-775a-4873-91a3-60cba8a2f674,checkout_abandonment,unknown,52910.86,2,2,18542.34,0.34,0.47,122.0,RETRY_LATER,1,52910.86
aeb5f85b-775a-4873-91a3-60cba8a2f674,checkout_abandonment,unknown,52910.86,2,2,18542.34,0.34,0.47,122.0,SEND_REMINDER,1,52910.86
aeb5f85b-775a-4873-91a3-60cba8a2f674,checkout_abandonment,unknown,52910.86,2,2,18542.34,0.34,0.47,122.0,SUGGEST_ALTERNATIVE_PAYMENT,0,0.0
aeb5f85b-775a-4873-91a3-60cba8a2f674,checkout_abandonment,unknown,52910.86,2,2,18542.34,0.34,0.47,122.0,OFFER_INCENTIVE,1,52910.86
aeb5f85b-775a-4873-91a3-60cba8a2f674,checkout_abandonment,unknown,52910.86,2,2,18542.34,0.34,0.47,122.0,ESCALATE_TO_HUMAN,1,52910.86
d9944903-30f3-44ae-9ce2-f0dec5d6c506,overdue_invoice,invoice_dispute,63750.6,1,5,185720.3,0.49,0.7,69.0,RETRY_NOW,1,63750.6
d9944903-30f3-44ae-9ce2-f0dec5d6c506,overdue_invoice,invoice_dispute,63750.6,1,5,185720.3,0.49,0.7,69.0,RETRY_LATER,1,63750.6
d9944903-30f3-44ae-9ce2-f0dec5d6c506,overdue_invoice,invoice_dispute,63750.6,1,5,185720.3,0.49,0.7,69.0,SEND_REMINDER,1,63750.6
d9944903-30f3-44ae-9ce2-f0dec5d6c506,overdue_invoice,invoice_dispute,63750.6,1,5,185720.3,0.49,0.7,69.0,SUGGEST_ALTERNATIVE_PAYMENT,1,63750.6
d9944903-30f3-44ae-9ce2-f0dec5d6c506,overdue_invoice,invoice_dispute,63750.6,1,5,185720.3,0.49,0.7,69.0,OFFER_INCENTIVE,1,63750.6
d9944903-30f3-44ae-9ce2-f0dec5d6c506,overdue_invoice,invoice_dispute,63750.6,1,5,185720.3,0.49,0.7,69.0,ESCALATE_TO_HUMAN,1,63750.6
6ca095bb-6006-4c1e-882e-d29e5cce9814,subscription_failure,mandate_failed,33148.17,1,1,373760.05,0.21,0.53,98.0,RETRY_NOW,1,33148.17
6ca095bb-6006-4c1e-882e-d29e5cce9814,subscription_failure,mandate_failed,33148.17,1,1,373760.05,0.21,0.53,98.0,RETRY_LATER,1,33148.17
6ca095bb-6006-4c1e-882e-d29e5cce9814,subscription_failure,mandate_failed,33148.17,1,1,373760.05,0.21,0.53,98.0,SEND_REMINDER,1,33148.17
6ca095bb-6006-4c1e-882e-d29e5cce9814,subscription_failure,mandate_failed,33148.17,1,1,373760.05,0.21,0.53,98.0,SUGGEST_ALTERNATIVE_PAYMENT,1,33148.17
6ca095bb-6006-4c1e-882e-d29e5cce9814,subscription_failure,mandate_failed,33148.17,1,1,373760.05,0.21,0.53,98.0,OFFER_INCENTIVE,1,33148.17
6ca095bb-6006-4c1e-882e-d29e5cce9814,subscription_failure,mandate_failed,33148.17,1,1,373760.05,0.21,0.53,98.0,ESCALATE_TO_HUMAN,0,0.0
5acb0f7d-0c9c-45e1-a2da-544cb885f2e3,subscription_failure,authentication_failed,44267.32,2,2,118012.3,0.77,0.08,139.0,RETRY_NOW,1,44267.32
5acb0f7d-0c9c-45e1-a2da-544cb885f2e3,subscription_failure,authentication_failed,44267.32,2,2,118012.3,0.77,0.08,139.0,RETRY_LATER,1,44267.32
5acb0f7d-0c9c-45e1-a2da-544cb885f2e3,subscription_failure,authentication_failed,44267.32,2,2,118012.3,0.77,0.08,139.0,SEND_REMINDER,0,0.0
5acb0f7d-0c9c-45e1-a2da-544cb885f2e3,subscription_failure,authentication_failed,44267.32,2,2,118012.3,0.77,0.08,139.0,SUGGEST_ALTERNATIVE_PAYMENT,1,44267.32
5acb0f7d-0c9c-45e1-a2da-544cb885f2e3,subscription_failure,authentication_failed,44267.32,2,2,118012.3,0.77,0.08,139.0,OFFER_INCENTIVE,1,44267.32
5acb0f7d-0c9c-45e1-a2da-544cb885f2e3,subscription_failure,authentication_failed,44267.32,2,2,118012.3,0.77,0.08,139.0,ESCALATE_TO_HUMAN,1,44267.32
08b4aec7-0c66-4b23-aa12-3e901bf7e2c0,payment_failure,temporary_bank_failure,70930.17,0,2,34632.76,0.25,0.51,19.0,RETRY_NOW,0,0.0
08b4aec7-0c66-4b23-aa12-3e901bf7e2c0,payment_failure,temporary_bank_failure,70930.17,0,2,34632.76,0.25,0.51,19.0,RETRY_LATER,1,70930.17
08b4aec7-0c66-4b23-aa12-3e901bf7e2c0,payment_failure,temporary_bank_failure,70930.17,0,2,34632.76,0.25,0.51,19.0,SEND_REMINDER,0,0.0
08b4aec7-0c66-4b23-aa12-3e901bf7e2c0,payment_failure,temporary_bank_failure,70930.17,0,2,34632.76,0.25,0.51,19.0,SUGGEST_ALTERNATIVE_PAYMENT,0,0.0
08b4aec7-0c66-4b23-aa12-3e901bf7e2c0,payment_failure,temporary_bank_failure,70930.17,0,2,34632.76,0.25,0.51,19.0,OFFER_INCENTIVE,0,0.0
08b4aec7-0c66-4b23-aa12-3e901bf7e2c0,payment_failure,temporary_bank_failure,70930.17,0,2,34632.76,0.25,0.51,19.0,ESCALATE_TO_HUMAN,1,70930.17
1dd1a392-ef25-4de5-9761-f1f58233199f,payment_failure,technical_error,26992.58,4,0,342684.25,0.54,0.67,29.0,RETRY_NOW,0,0.0
1dd1a392-ef25-4de5-9761-f1f58233199f,payment_failure,technical_error,26992.58,4,0,342684.25,0.54,0.67,29.0,RETRY_LATER,0,0.0
1dd1a392-ef25-4de5-9761-f1f58233199f,payment_failure,technical_error,26992.58,4,0,342684.25,0.54,0.67,29.0,SEND_REMINDER,1,26992.58
1dd1a392-ef25-4de5-9761-f1f58233199f,payment_failure,technical_error,26992.58,4,0,342684.25,0.54,0.67,29.0,SUGGEST_ALTERNATIVE_PAYMENT,0,0.0
1dd1a392-ef25-4de5-9761-f1f58233199f,payment_failure,technical_error,26992.58,4,0,342684.25,0.54,0.67,29.0,OFFER_INCENTIVE,0,0.0
1dd1a392-ef25-4de5-9761-f1f58233199f,payment_failure,technical_error,26992.58,4,0,342684.25,0.54,0.67,29.0,ESCALATE_TO_HUMAN,1,26992.58
0c6e56d9-d6ee-4527-8802-af2531fe2bf7,subscription_failure,mandate_failed,56446.88,3,5,471394.15,0.67,0.29,137.0,RETRY_NOW,1,56446.88
0c6e56d9-d6ee-4527-8802-af2531fe2bf7,subscription_failure,mandate_failed,56446.88,3,5,471394.15,0.67,0.29,137.0,RETRY_LATER,1,56446.88
0c6e56d9-d6ee-4527-8802-af2531fe2bf7,subscription_failure,mandate_failed,56446.88,3,5,471394.15,0.67,0.29,137.0,SEND_REMINDER,0,0.0
0c6e56d9-d6ee-4527-8802-af2531fe2bf7,subscription_failure,mandate_failed,56446.88,3,5,471394.15,0.67,0.29,137.0,SUGGEST_ALTERNATIVE_PAYMENT,0,0.0
0c6e56d9-d6ee-4527-8802-af2531fe2bf7,subscription_failure,mandate_failed,56446.88,3,5,471394.15,0.67,0.29,137.0,OFFER_INCENTIVE,1,56446.88
0c6e56d9-d6ee-4527-8802-af2531fe2bf7,subscription_failure,mandate_failed,56446.88,3,5,471394.15,0.67,0.29,137.0,ESCALATE_TO_HUMAN,1,56446.88
cf85a97b-14cb-4808-91ea-6ee8f008af01,overdue_invoice,cash_flow_issue,10123.28,0,5,302259.29,0.88,0.54,118.0,RETRY_NOW,1,10123.28
cf85a97b-14cb-4808-91ea-6ee8f008af01,overdue_invoice,cash_flow_issue,10123.28,0,5,302259.29,0.88,0.54,118.0,RETRY_LATER,1,10123.28
cf85a97b-14cb-4808-91ea-6ee8f008af01,overdue_invoice,cash_flow_issue,10123.28,0,5,302259.29,0.88,0.54,118.0,SEND_REMINDER,0,0.0
cf85a97b-14cb-4808-91ea-6ee8f008af01,overdue_invoice,cash_flow_issue,10123.28,0,5,302259.29,0.88,0.54,118.0,SUGGEST_ALTERNATIVE_PAYMENT,1,10123.28
cf85a97b-14cb-4808-91ea-6ee8f008af01,overdue_invoice,cash_flow_issue,10123.28,0,5,302259.29,0.88,0.54,118.0,OFFER_INCENTIVE,1,10123.28
cf85a97b-14cb-4808-91ea-6ee8f008af01,overdue_invoice,cash_flow_issue,10123.28,0,5,302259.29,0.88,0.54,118.0,ESCALATE_TO_HUMAN,1,10123.28
6ba43cec-8b70-42d5-96cc-7b8a3279b188,payment_failure,insufficient_funds,27163.22,1,5,392161.25,0.5,0.32,100.0,RETRY_NOW,1,27163.22
6ba43cec-8b70-42d5-96cc-7b8a3279b188,payment_failure,insufficient_funds,27163.22,1,5,392161.25,0.5,0.32,100.0,RETRY_LATER,1,27163.22
6ba43cec-8b70-42d5-96cc-7b8a3279b188,payment_failure,insufficient_funds,27163.22,1,5,392161.25,0.5,0.32,100.0,SEND_REMINDER,0,0.0
6ba43cec-8b70-42d5-96cc-7b8a3279b188,payment_failure,insufficient_funds,27163.22,1,5,392161.25,0.5,0.32,100.0,SUGGEST_ALTERNATIVE_PAYMENT,1,27163.22
6ba43cec-8b70-42d5-96cc-7b8a3279b188,payment_failure,insufficient_funds,27163.22,1,5,392161.25,0.5,0.32,100.0,OFFER_INCENTIVE,0,0.0
6ba43cec-8b70-42d5-96cc-7b8a3279b188,payment_failure,insufficient_funds,27163.22,1,5,392161.25,0.5,0.32,100.0,ESCALATE_TO_HUMAN,1,27163.22
81a1db92-685d-428b-89e5-916ac13fc6b0,subscription_failure,authentication_failed,35073.77,1,3,113921.46,0.85,0.57,104.0,RETRY_NOW,1,35073.77
81a1db92-685d-428b-89e5-916ac13fc6b0,subscription_failure,authentication_failed,35073.77,1,3,113921.46,0.85,0.57,104.0,RETRY_LATER,1,35073.77
81a1db92-685d-428b-89e5-916ac13fc6b0,subscription_failure,authentication_failed,35073.77,1,3,113921.46,0.85,0.57,104.0,SEND_REMINDER,0,0.0
81a1db92-685d-428b-89e5-916ac13fc6b0,subscription_failure,authentication_failed,35073.77,1,3,113921.46,0.85,0.57,104.0,SUGGEST_ALTERNATIVE_PAYMENT,1,35073.77
81a1db92-685d-428b-89e5-916ac13fc6b0,subscription_failure,authentication_failed,35073.77,1,3,113921.46,0.85,0.57,104.0,OFFER_INCENTIVE,0,0.0
81a1db92-685d-428b-89e5-916ac13fc6b0,subscription_failure,authentication_failed,35073.77,1,3,113921.46,0.85,0.57,104.0,ESCALATE_TO_HUMAN,0,0.0
4242bf2b-d751-4413-9679-09ea30065679,subscription_failure,insufficient_funds,35505.15,1,0,154004.87,0.56,0.32,50.0,RETRY_NOW,0,0.0
4242bf2b-d751-4413-9679-09ea30065679,subscription_failure,insufficient_funds,35505.15,1,0,154004.87,0.56,0.32,50.0,RETRY_LATER,0,0.0
4242bf2b-d751-4413-9679-09ea30065679,subscription_failure,insufficient_funds,35505.15,1,0,154004.87,0.56,0.32,50.0,SEND_REMINDER,0,0.0
4242bf2b-d751-4413-9679-09ea30065679,subscription_failure,insufficient_funds,35505.15,1,0,154004.87,0.56,0.32,50.0,SUGGEST_ALTERNATIVE_PAYMENT,1,35505.15
4242bf2b-d751-4413-9679-09ea30065679,subscription_failure,insufficient_funds,35505.15,1,0,154004.87,0.56,0.32,50.0,OFFER_INCENTIVE,0,0.0
4242bf2b-d751-4413-9679-09ea30065679,subscription_failure,insufficient_funds,35505.15,1,0,154004.87,0.56,0.32,50.0,ESCALATE_TO_HUMAN,0,0.0
7e49289d-9e72-4ba9-901a-ea7e630da37d,overdue_invoice,cash_flow_issue,22812.36,2,0,422841.34,0.29,0.57,72.0,RETRY_NOW,0,0.0
7e49289d-9e72-4ba9-901a-ea7e630da37d,overdue_invoice,cash_flow_issue,22812.36,2,0,422841.34,0.29,0.57,72.0,RETRY_LATER,1,22812.36
7e49289d-9e72-4ba9-901a-ea7e630da37d,overdue_invoice,cash_flow_issue,22812.36,2,0,422841.34,0.29,0.57,72.0,SEND_REMINDER,0,0.0
7e49289d-9e72-4ba9-901a-ea7e630da37d,overdue_invoice,cash_flow_issue,22812.36,2,0,422841.34,0.29,0.57,72.0,SUGGEST_ALTERNATIVE_PAYMENT,1,22812.36
7e49289d-9e72-4ba9-901a-ea7e630da37d,overdue_invoice,cash_flow_issue,22812.36,2,0,422841.34,0.29,0.57,72.0,OFFER_INCENTIVE,1,22812.36
7e49289d-9e72-4ba9-901a-ea7e630da37d,overdue_invoice,cash_flow_issue,22812.36,2,0,422841.34,0.29,0.57,72.0,ESCALATE_TO_HUMAN,1,22812.36
c289f094-a647-41e4-9460-1c93628f825b,subscription_failure,authentication_failed,71417.68,3,2,138413.9,0.77,0.25,118.0,RETRY_NOW,0,0.0
c289f094-a647-41e4-9460-1c93628f825b,subscription_failure,authentication_failed,71417.68,3,2,138413.9,0.77,0.25,118.0,RETRY_LATER,0,0.0
c289f094-a647-41e4-9460-1c93628f825b,subscription_failure,authentication_failed,71417.68,3,2,138413.9,0.77,0.25,118.0,SEND_REMINDER,1,71417.68
c289f094-a647-41e4-9460-1c93628f825b,subscription_failure,authentication_failed,71417.68,3,2,138413.9,0.77,0.25,118.0,SUGGEST_ALTERNATIVE_PAYMENT,1,71417.68
c289f094-a647-41e4-9460-1c93628f825b,subscription_failure,authentication_failed,71417.68,3,2,138413.9,0.77,0.25,118.0,OFFER_INCENTIVE,0,0.0
c289f094-a647-41e4-9460-1c93628f825b,subscription_failure,authentication_failed,71417.68,3,2,138413.9,0.77,0.25,118.0,ESCALATE_TO_HUMAN,1,71417.68
7f30d207-9c43-44a2-be7e-2b58bb05838f,overdue_invoice,invoice_dispute,54196.98,2,3,221488.29,0.84,0.16,67.0,RETRY_NOW,0,0.0
7f30d207-9c43-44a2-be7e-2b58bb05838f,overdue_invoice,invoice_dispute,54196.98,2,3,221488.29,0.84,0.16,67.0,RETRY_LATER,1,54196.98
7f30d207-9c43-44a2-be7e-2b58bb05838f,overdue_invoice,invoice_dispute,54196.98,2,3,221488.29,0.84,0.16,67.0,SEND_REMINDER,0,0.0
7f30d207-9c43-44a2-be7e-2b58bb05838f,overdue_invoice,invoice_dispute,54196.98,2,3,221488.29,0.84,0.16,67.0,SUGGEST_ALTERNATIVE_PAYMENT,0,0.0
7f30d207-9c43-44a2-be7e-2b58bb05838f,overdue_invoice,invoice_dispute,54196.98,2,3,221488.29,0.84,0.16,67.0,OFFER_INCENTIVE,0,0.0
7f30d207-9c43-44a2-be7e-2b58bb05838f,overdue_invoice,invoice_dispute,54196.98,2,3,221488.29,0.84,0.16,67.0,ESCALATE_TO_HUMAN,1,54196.98
f7f38cee-d2f7-4692-b7c2-53327e5443c5,subscription_failure,mandate_failed,4886.63,2,1,66279.01,0.47,0.55,114.0,RETRY_NOW,1,4886.63
f7f38cee-d2f7-4692-b7c2-53327e5443c5,subscription_failure,mandate_failed,4886.63,2,1,66279.01,0.47,0.55,114.0,RETRY_LATER,1,4886.63
f7f38cee-d2f7-4692-b7c2-53327e5443c5,subscription_failure,mandate_failed,4886.63,2,1,66279.01,0.47,0.55,114.0,SEND_REMINDER,0,0.0
f7f38cee-d2f7-4692-b7c2-53327e5443c5,subscription_failure,mandate_failed,4886.63,2,1,66279.01,0.47,0.55,114.0,SUGGEST_ALTERNATIVE_PAYMENT,1,4886.63
f7f38cee-d2f7-4692-b7c2-53327e5443c5,subscription_failure,mandate_failed,4886.63,2,1,66279.01,0.47,0.55,114.0,OFFER_INCENTIVE,0,0.0
f7f38cee-d2f7-4692-b7c2-53327e5443c5,subscription_failure,mandate_failed,4886.63,2,1,66279.01,0.47,0.55,114.0,ESCALATE_TO_HUMAN,1,4886.63
379206d7-6ab5-4fdf-95e1-d9b84952e7ad,overdue_invoice,cash_flow_issue,68303.51,0,5,162208.53,0.45,0.52,141.0,RETRY_NOW,0,0.0
379206d7-6ab5-4fdf-95e1-d9b84952e7ad,overdue_invoice,cash_flow_issue,68303.51,0,5,162208.53,0.45,0.52,141.0,RETRY_LATER,1,68303.51
379206d7-6ab5-4fdf-95e1-d9b84952e7ad,overdue_invoice,cash_flow_issue,68303.51,0,5,162208.53,0.45,0.52,141.0,SEND_REMINDER,1,68303.51
379206d7-6ab5-4fdf-95e1-d9b84952e7ad,overdue_invoice,cash_flow_issue,68303.51,0,5,162208.53,0.45,0.52,141.0,SUGGEST_ALTERNATIVE_PAYMENT,1,68303.51
379206d7-6ab5-4fdf-95e1-d9b84952e7ad,overdue_invoice,cash_flow_issue,68303.51,0,5,162208.53,0.45,0.52,141.0,OFFER_INCENTIVE,1,68303.51
379206d7-6ab5-4fdf-95e1-d9b84952e7ad,overdue_invoice,cash_flow_issue,68303.51,0,5,162208.53,0.45,0.52,141.0,ESCALATE_TO_HUMAN,1,68303.51
8937c198-2395-45db-bbc9-01f24c6d3bab,subscription_failure,insufficient_funds,81283.34,0,4,439459.96,0.7,0.23,72.0,RETRY_NOW,0,0.0
8937c198-2395-45db-bbc9-01f24c6d3bab,subscription_failure,insufficient_funds,81283.34,0,4,439459.96,0.7,0.23,72.0,RETRY_LATER,1,81283.34
8937c198-2395-45db-bbc9-01f24c6d3bab,subscription_failure,insufficient_funds,81283.34,0,4,439459.96,0.7,0.23,72.0,SEND_REMINDER,1,81283.34
8937c198-2395-45db-bbc9-01f24c6d3bab,subscription_failure,insufficient_funds,81283.34,0,4,439459.96,0.7,0.23,72.0,SUGGEST_ALTERNATIVE_PAYMENT,1,81283.34
8937c198-2395-45db-bbc9-01f24c6d3bab,subscription_failure,insufficient_funds,81283.34,0,4,439459.96,0.7,0.23,72.0,OFFER_INCENTIVE,1,81283.34
8937c198-2395-45db-bbc9-01f24c6d3bab,subscription_failure,insufficient_funds,81283.34,0,4,439459.96,0.7,0.23,72.0,ESCALATE_TO_HUMAN,1,81283.34
e6c84063-6480-4dbb-91e7-746783bd560d,checkout_abandonment,high_friction,93359.31,2,2,439755.85,0.9,0.44,41.0,RETRY_NOW,1,93359.31
e6c84063-6480-4dbb-91e7-746783bd560d,checkout_abandonment,high_friction,93359.31,2,2,439755.85,0.9,0.44,41.0,RETRY_LATER,1,93359.31
e6c84063-6480-4dbb-91e7-746783bd560d,checkout_abandonment,high_friction,93359.31,2,2,439755.85,0.9,0.44,41.0,SEND_REMINDER,0,0.0
e6c84063-6480-4dbb-91e7-746783bd560d,checkout_abandonment,high_friction,93359.31,2,2,439755.85,0.9,0.44,41.0,SUGGEST_ALTERNATIVE_PAYMENT,1,93359.31
e6c84063-6480-4dbb-91e7-746783bd560d,checkout_abandonment,high_friction,93359.31,2,2,439755.85,0.9,0.44,41.0,OFFER_INCENTIVE,1,93359.31
e6c84063-6480-4dbb-91e7-746783bd560d,checkout_abandonment,high_friction,93359.31,2,2,439755.85,0.9,0.44,41.0,ESCALATE_TO_HUMAN,1,93359.31
b747f33d-e599-49cd-8f72-aa1e5ba15cb3,subscription_failure,authentication_failed,40415.9,4,5,456654.93,0.25,0.21,81.0,RETRY_NOW,0,0.0
b747f33d-e599-49cd-8f72-aa1e5ba15cb3,subscription_failure,authentication_failed,40415.9,4,5,456654.93,0.25,0.21,81.0,RETRY_LATER,1,40415.9
b747f33d-e599-49cd-8f72-aa1e5ba15cb3,subscription_failure,authentication_failed,40415.9,4,5,456654.93,0.25,0.21,81.0,SEND_REMINDER,0,0.0
b747f33d-e599-49cd-8f72-aa1e5ba15cb3,subscription_failure,authentication_failed,40415.9,4,5,456654.93,0.25,0.21,81.0,SUGGEST_ALTERNATIVE_PAYMENT,0,0.0
b747f33d-e599-49cd-8f72-aa1e5ba15cb3,subscription_failure,authentication_failed,40415.9,4,5,456654.93,0.25,0.21,81.0,OFFER_INCENTIVE,0,0.0
b747f33d-e599-49cd-8f72-aa1e5ba15cb3,subscription_failure,authentication_failed,40415.9,4,5,456654.93,0.25,0.21,81.0,ESCALATE_TO_HUMAN,1,40415.9
f9fab182-c63f-4535-ba62-4cb4e82ac8a3,overdue_invoice,customer_delay,76687.97,3,3,127790.47,0.94,0.0,102.0,RETRY_NOW,1,76687.97
f9fab182-c63f-4535-ba62-4cb4e82ac8a3,overdue_invoice,customer_delay,76687.97,3,3,127790.47,0.94,0.0,102.0,RETRY_LATER,1,76687.97
f9fab182-c63f-4535-ba62-4cb4e82ac8a3,overdue_invoice,customer_delay,76687.97,3,3,127790.47,0.94,0.0,102.0,SEND_REMINDER,0,0.0
f9fab182-c63f-4535-ba62-4cb4e82ac8a3,overdue_invoice,customer_delay,76687.97,3,3,127790.47,0.94,0.0,102.0,SUGGEST_ALTERNATIVE_PAYMENT,1,76687.97
f9fab182-c63f-4535-ba62-4cb4e82ac8a3,overdue_invoice,customer_delay,76687.97,3,3,127790.47,0.94,0.0,102.0,OFFER_INCENTIVE,0,0.0
f9fab182-c63f-4535-ba62-4cb4e82ac8a3,overdue_invoice,customer_delay,76687.97,3,3,127790.47,0.94,0.0,102.0,ESCALATE_TO_HUMAN,1,76687.97
fd2f65fd-b567-40c2-873f-88853ab676c8,payment_failure,authentication_failed,83261.3,2,1,49185.65,0.27,0.06,143.0,RETRY_NOW,0,0.0
fd2f65fd-b567-40c2-873f-88853ab676c8,payment_failure,authentication_failed,83261.3,2,1,49185.65,0.27,0.06,143.0,RETRY_LATER,1,83261.3
fd2f65fd-b567-40c2-873f-88853ab676c8,payment_failure,authentication_failed,83261.3,2,1,49185.65,0.27,0.06,143.0,SEND_REMINDER,0,0.0
fd2f65fd-b567-40c2-873f-88853ab676c8,payment_failure,authentication_failed,83261.3,2,1,49185.65,0.27,0.06,143.0,SUGGEST_ALTERNATIVE_PAYMENT,0,0.0
fd2f65fd-b567-40c2-873f-88853ab676c8,payment_failure,authentication_failed,83261.3,2,1,49185.65,0.27,0.06,143.0,OFFER_INCENTIVE,0,0.0
fd2f65fd-b567-40c2-873f-88853ab676c8,payment_failure,authentication_failed,83261.3,2,1,49185.65,0.27,0.06,143.0,ESCALATE_TO_HUMAN,0,0.0
769ff65f-d4fb-4dc2-a306-78347b7dfa5a,overdue_invoice,forgotten_invoice,7462.39,2,5,165769.82,0.73,0.72,32.0,RETRY_NOW,1,7462.39
769ff65f-d4fb-4dc2-a306-78347b7dfa5a,overdue_invoice,forgotten_invoice,7462.39,2,5,165769.82,0.73,0.72,32.0,RETRY_LATER,1,7462.39
769ff65f-d4fb-4dc2-a306-78347b7dfa5a,overdue_invoice,forgotten_invoice,7462.39,2,5,165769.82,0.73,0.72,32.0,SEND_REMINDER,0,0.0
769ff65f-d4fb-4dc2-a306-78347b7dfa5a,overdue_invoice,forgotten_invoice,7462.39,2,5,165769.82,0.73,0.72,32.0,SUGGEST_ALTERNATIVE_PAYMENT,1,7462.39
769ff65f-d4fb-4dc2-a306-78347b7dfa5a,overdue_invoice,forgotten_invoice,7462.39,2,5,165769.82,0.73,0.72,32.0,OFFER_INCENTIVE,0,0.0
769ff65f-d4fb-4dc2-a306-78347b7dfa5a,overdue_invoice,forgotten_invoice,7462.39,2,5,165769.82,0.73,0.72,32.0,ESCALATE_TO_HUMAN,1,7462.39
98617868-8835-4b23-b3ce-0da05ef12080,subscription_failure,card_expired,16883.38,2,4,354956.73,0.46,0.85,73.0,RETRY_NOW,1,16883.38
98617868-8835-4b23-b3ce-0da05ef12080,subscription_failure,card_expired,16883.38,2,4,354956.73,0.46,0.85,73.0,RETRY_LATER,1,16883.38
98617868-8835-4b23-b3ce-0da05ef12080,subscription_failure,card_expired,16883.38,2,4,354956.73,0.46,0.85,73.0,SEND_REMINDER,0,0.0
98617868-8835-4b23-b3ce-0da05ef12080,subscription_failure,card_expired,16883.38,2,4,354956.73,0.46,0.85,73.0,SUGGEST_ALTERNATIVE_PAYMENT,1,16883.38
98617868-8835-4b23-b3ce-0da05ef12080,subscription_failure,card_expired,16883.38,2,4,354956.73,0.46,0.85,73.0,OFFER_INCENTIVE,1,16883.38
98617868-8835-4b23-b3ce-0da05ef12080,subscription_failure,card_expired,16883.38,2,4,354956.73,0.46,0.85,73.0,ESCALATE_TO_HUMAN,1,16883.38
1835d606-816f-4ca7-98f6-988757ba2f63,overdue_invoice,invoice_dispute,8400.79,4,2,123111.87,0.68,0.63,159.0,RETRY_NOW,0,0.0
1835d606-816f-4ca7-98f6-988757ba2f63,overdue_invoice,invoice_dispute,8400.79,4,2,123111.87,0.68,0.63,159.0,RETRY_LATER,1,8400.79
1835d606-816f-4ca7-98f6-988757ba2f63,overdue_invoice,invoice_dispute,8400.79,4,2,123111.87,0.68,0.63,159.0,SEND_REMINDER,1,8400.79
1835d606-816f-4ca7-98f6-988757ba2f63,overdue_invoice,invoice_dispute,8400.79,4,2,123111.87,0.68,0.63,159.0,SUGGEST_ALTERNATIVE_PAYMENT,1,8400.79
1835d606-816f-4ca7-98f6-988757ba2f63,overdue_invoice,invoice_dispute,8400.79,4,2,123111.87,0.68,0.63,159.0,OFFER_INCENTIVE,0,0.0
1835d606-816f-4ca7-98f6-988757ba2f63,overdue_invoice,invoice_dispute,8400.79,4,2,123111.87,0.68,0.63,159.0,ESCALATE_TO_HUMAN,1,8400.79
0e5e0a29-47fe-4935-83fd-2757dd73840f,payment_failure,authentication_failed,40800.71,4,3,86764.72,0.97,0.09,93.0,RETRY_NOW,1,40800.71
0e5e0a29-47fe-4935-83fd-2757dd73840f,payment_failure,authentication_failed,40800.71,4,3,86764.72,0.97,0.09,93.0,RETRY_LATER,0,0.0
0e5e0a29-47fe-4935-83fd-2757dd73840f,payment_failure,authentication_failed,40800.71,4,3,86764.72,0.97,0.09,93.0,SEND_REMINDER,0,0.0
0e5e0a29-47fe-4935-83fd-2757dd73840f,payment_failure,authentication_failed,40800.71,4,3,86764.72,0.97,0.09,93.0,SUGGEST_ALTERNATIVE_PAYMENT,1,40800.71
0e5e0a29-47fe-4935-83fd-2757dd73840f,payment_failure,authentication_failed,40800.71,4,3,86764.72,0.97,0.09,93.0,OFFER_INCENTIVE,0,0.0
0e5e0a29-47fe-4935-83fd-2757dd73840f,payment_failure,authentication_failed,40800.71,4,3,86764.72,0.97,0.09,93.0,ESCALATE_TO_HUMAN,1,40800.71
bd2b04b2-4f16-4bd0-ba5f-f533eb6098d3,overdue_invoice,cash_flow_issue,66362.9,2,1,221580.05,0.59,0.11,132.0,RETRY_NOW,1,66362.9
bd2b04b2-4f16-4bd0-ba5f-f533eb6098d3,overdue_invoice,cash_flow_issue,66362.9,2,1,221580.05,0.59,0.11,132.0,RETRY_LATER,0,0.0
bd2b04b2-4f16-4bd0-ba5f-f533eb6098d3,overdue_invoice,cash_flow_issue,66362.9,2,1,221580.05,0.59,0.11,132.0,SEND_REMINDER,1,66362.9
bd2b04b2-4f16-4bd0-ba5f-f533eb6098d3,overdue_invoice,cash_flow_issue,66362.9,2,1,221580.05,0.59,0.11,132.0,SUGGEST_ALTERNATIVE_PAYMENT,1,66362.9
bd2b04b2-4f16-4bd0-ba5f-f533eb6098d3,overdue_invoice,cash_flow_issue,66362.9,2,1,221580.05,0.59,0.11,132.0,OFFER_INCENTIVE,0,0.0
bd2b04b2-4f16-4bd0-ba5f-f533eb6098d3,overdue_invoice,cash_flow_issue,66362.9,2,1,221580.05,0.59,0.11,132.0,ESCALATE_TO_HUMAN,0,0.0
cbdc1035-336e-49f7-9e6f-2668a48eff89,checkout_abandonment,unknown,95755.07,2,2,149951.08,0.42,0.69,54.0,RETRY_NOW,1,95755.07
cbdc1035-336e-49f7-9e6f-2668a48eff89,checkout_abandonment,unknown,95755.07,2,2,149951.08,0.42,0.69,54.0,RETRY_LATER,1,95755.07
cbdc1035-336e-49f7-9e6f-2668a48eff89,checkout_abandonment,unknown,95755.07,2,2,149951.08,0.42,0.69,54.0,SEND_REMINDER,1,95755.07
cbdc1035-336e-49f7-9e6f-2668a48eff89,checkout_abandonment,unknown,95755.07,2,2,149951.08,0.42,0.69,54.0,SUGGEST_ALTERNATIVE_PAYMENT,1,95755.07
cbdc1035-336e-49f7-9e6f-2668a48eff89,checkout_abandonment,unknown,95755.07,2,2,149951.08,0.42,0.69,54.0,OFFER_INCENTIVE,0,0.0
cbdc1035-336e-49f7-9e6f-2668a48eff89,checkout_abandonment,unknown,95755.07,2,2,149951.08,0.42,0.69,54.0,ESCALATE_TO_HUMAN,1,95755.07
bfcefde5-1d5b-4f3e-bca5-0b62eaabef9a,payment_failure,technical_error,47661.77,3,4,69054.35,0.63,0.96,76.0,RETRY_NOW,0,0.0
bfcefde5-1d5b-4f3e-bca5-0b62eaabef9a,payment_failure,technical_error,47661.77,3,4,69054.35,0.63,0.96,76.0,RETRY_LATER,0,0.0
bfcefde5-1d5b-4f3e-bca5-0b62eaabef9a,payment_failure,technical_error,47661.77,3,4,69054.35,0.63,0.96,76.0,SEND_REMINDER,1,47661.77
bfcefde5-1d5b-4f3e-bca5-0b62eaabef9a,payment_failure,technical_error,47661.77,3,4,69054.35,0.63,0.96,76.0,SUGGEST_ALTERNATIVE_PAYMENT,1,47661.77
bfcefde5-1d5b-4f3e-bca5-0b62eaabef9a,payment_failure,technical_error,47661.77,3,4,69054.35,0.63,0.96,76.0,OFFER_INCENTIVE,0,0.0
bfcefde5-1d5b-4f3e-bca5-0b62eaabef9a,payment_failure,technical_error,47661.77,3,4,69054.35,0.63,0.96,76.0,ESCALATE_TO_HUMAN,0,0.0
e93578f1-7bd6-46aa-9023-fe5671ef70f5,checkout_abandonment,high_friction,42079.56,0,3,467027.38,0.87,0.19,127.0,RETRY_NOW,1,42079.56
e93578f1-7bd6-46aa-9023-fe5671ef70f5,checkout_abandonment,high_friction,42079.56,0,3,467027.38,0.87,0.19,127.0,RETRY_LATER,1,42079.56
e93578f1-7bd6-46aa-9023-fe5671ef70f5,checkout_abandonment,high_friction,42079.56,0,3,467027.38,0.87,0.19,127.0,SEND_REMINDER,1,42079.56
e93578f1-7bd6-46aa-9023-fe5671ef70f5,checkout_abandonment,high_friction,42079.56,0,3,467027.38,0.87,0.19,127.0,SUGGEST_ALTERNATIVE_PAYMENT,1,42079.56
e93578f1-7bd6-46aa-9023-fe5671ef70f5,checkout_abandonment,high_friction,42079.56,0,3,467027.38,0.87,0.19,127.0,OFFER_INCENTIVE,1,42079.56
e93578f1-7bd6-46aa-9023-fe5671ef70f5,checkout_abandonment,high_friction,42079.56,0,3,467027.38,0.87,0.19,127.0,ESCALATE_TO_HUMAN,1,42079.56
84556984-4c3d-423e-80c8-a689bf8dbd65,subscription_failure,card_expired,51780.67,2,0,271972.32,0.99,0.19,166.0,RETRY_NOW,0,0.0
84556984-4c3d-423e-80c8-a689bf8dbd65,subscription_failure,card_expired,51780.67,2,0,271972.32,0.99,0.19,166.0,RETRY_LATER,0,0.0
84556984-4c3d-423e-80c8-a689bf8dbd65,subscription_failure,card_expired,51780.67,2,0,271972.32,0.99,0.19,166.0,SEND_REMINDER,1,51780.67
84556984-4c3d-423e-80c8-a689bf8dbd65,subscription_failure,card_expired,51780.67,2,0,271972.32,0.99,0.19,166.0,SUGGEST_ALTERNATIVE_PAYMENT,0,0.0
84556984-4c3d-423e-80c8-a689bf8dbd65,subscription_failure,card_expired,51780.67,2,0,271972.32,0.99,0.19,166.0,OFFER_INCENTIVE,1,51780.67
84556984-4c3d-423e-80c8-a689bf8dbd65,subscription_failure,card_expired,51780.67,2,0,271972.32,0.99,0.19,166.0,ESCALATE_TO_HUMAN,1,51780.67
49a246e2-3582-41c2-929a-6a1f903c57c8,overdue_invoice,forgotten_invoice,83648.68,3,5,414545.59,0.36,0.75,19.0,RETRY_NOW,1,83648.68
49a246e2-3582-41c2-929a-6a1f903c57c8,overdue_invoice,forgotten_invoice,83648.68,3,5,414545.59,0.36,0.75,19.0,RETRY_LATER,1,83648.68
49a246e2-3582-41c2-929a-6a1f903c57c8,overdue_invoice,forgotten_invoice,83648.68,3,5,414545.59,0.36,0.75,19.0,SEND_REMINDER,0,0.0
49a246e2-3582-41c2-929a-6a1f903c57c8,overdue_invoice,forgotten_invoice,83648.68,3,5,414545.59,0.36,0.75,19.0,SUGGEST_ALTERNATIVE_PAYMENT,1,83648.68
49a246e2-3582-41c2-929a-6a1f903c57c8,overdue_invoice,forgotten_invoice,83648.68,3,5,414545.59,0.36,0.75,19.0,OFFER_INCENTIVE,1,83648.68
49a246e2-3582-41c2-929a-6a1f903c57c8,overdue_invoice,forgotten_invoice,83648.68,3,5,414545.59,0.36,0.75,19.0,ESCALATE_TO_HUMAN,1,83648.68
cd743999-25e1-4028-92e9-8c2a2b99d851,checkout_abandonment,high_friction,59283.69,1,0,206038.7,0.72,0.57,33.0,RETRY_NOW,0,0.0
cd743999-25e1-4028-92e9-8c2a2b99d851,checkout_abandonment,high_friction,59283.69,1,0,206038.7,0.72,0.57,33.0,RETRY_LATER,0,0.0
cd743999-25e1-4028-92e9-8c2a2b99d851,checkout_abandonment,high_friction,59283.69,1,0,206038.7,0.72,0.57,33.0,SEND_REMINDER,1,59283.69
cd743999-25e1-4028-92e9-8c2a2b99d851,checkout_abandonment,high_friction,59283.69,1,0,206038.7,0.72,0.57,33.0,SUGGEST_ALTERNATIVE_PAYMENT,1,59283.69
cd743999-25e1-4028-92e9-8c2a2b99d851,checkout_abandonment,high_friction,59283.69,1,0,206038.7,0.72,0.57,33.0,OFFER_INCENTIVE,1,59283.69
cd743999-25e1-4028-92e9-8c2a2b99d851,checkout_abandonment,high_friction,59283.69,1,0,206038.7,0.72,0.57,33.0,ESCALATE_TO_HUMAN,1,59283.69
a9fb7d0d-4d41-4ae9-ab26-b349c06fe883,payment_failure,payment_timeout,3705.62,0,1,307846.68,0.73,0.07,53.0,RETRY_NOW,1,3705.62
a9fb7d0d-4d41-4ae9-ab26-b349c06fe883,payment_failure,payment_timeout,3705.62,0,1,307846.68,0.73,0.07,53.0,RETRY_LATER,0,0.0
a9fb7d0d-4d41-4ae9-ab26-b349c06fe883,payment_failure,payment_timeout,3705.62,0,1,307846.68,0.73,0.07,53.0,SEND_REMINDER,1,3705.62
a9fb7d0d-4d41-4ae9-ab26-b349c06fe883,payment_failure,payment_timeout,3705.62,0,1,307846.68,0.73,0.07,53.0,SUGGEST_ALTERNATIVE_PAYMENT,1,3705.62
a9fb7d0d-4d41-4ae9-ab26-b349c06fe883,payment_failure,payment_timeout,3705.62,0,1,307846.68,0.73,0.07,53.0,OFFER_INCENTIVE,0,0.0
a9fb7d0d-4d41-4ae9-ab26-b349c06fe883,payment_failure,payment_timeout,3705.62,0,1,307846.68,0.73,0.07,53.0,ESCALATE_TO_HUMAN,1,3705.62
f1338f36-d6ea-42fe-873a-d625c5b63c31,subscription_failure,card_expired,78077.45,4,1,198176.42,0.48,0.02,133.0,RETRY_NOW,0,0.0
f1338f36-d6ea-42fe-873a-d625c5b63c31,subscription_failure,card_expired,78077.45,4,1,198176.42,0.48,0.02,133.0,RETRY_LATER,0,0.0
f1338f36-d6ea-42fe-873a-d625c5b63c31,subscription_failure,card_expired,78077.45,4,1,198176.42,0.48,0.02,133.0,SEND_REMINDER,1,78077.45
f1338f36-d6ea-42fe-873a-d625c5b63c31,subscription_failure,card_expired,78077.45,4,1,198176.42,0.48,0.02,133.0,SUGGEST_ALTERNATIVE_PAYMENT,1,78077.45
f1338f36-d6ea-42fe-873a-d625c5b63c31,subscription_failure,card_expired,78077.45,4,1,198176.42,0.48,0.02,133.0,OFFER_INCENTIVE,0,0.0
f1338f36-d6ea-42fe-873a-d625c5b63c31,subscription_failure,card_expired,78077.45,4,1,198176.42,0.48,0.02,133.0,ESCALATE_TO_HUMAN,1,78077.45
00bb9cc6-7e53-40d5-8e11-a6dbf9960784,checkout_abandonment,high_friction,29521.76,3,5,463094.93,0.88,0.32,84.0,RETRY_NOW,1,29521.76
00bb9cc6-7e53-40d5-8e11-a6dbf9960784,checkout_abandonment,high_friction,29521.76,3,5,463094.93,0.88,0.32,84.0,RETRY_LATER,1,29521.76
00bb9cc6-7e53-40d5-8e11-a6dbf9960784,checkout_abandonment,high_friction,29521.76,3,5,463094.93,0.88,0.32,84.0,SEND_REMINDER,1,29521.76
00bb9cc6-7e53-40d5-8e11-a6dbf9960784,checkout_abandonment,high_friction,29521.76,3,5,463094.93,0.88,0.32,84.0,SUGGEST_ALTERNATIVE_PAYMENT,1,29521.76
00bb9cc6-7e53-40d5-8e11-a6dbf9960784,checkout_abandonment,high_friction,29521.76,3,5,463094.93,0.88,0.32,84.0,OFFER_INCENTIVE,1,29521.76
00bb9cc6-7e53-40d5-8e11-a6dbf9960784,checkout_abandonment,high_friction,29521.76,3,5,463094.93,0.88,0.32,84.0,ESCALATE_TO_HUMAN,0,0.0
f680d6e3-cf1e-49c2-8ff3-e2f6b994c104,checkout_abandonment,high_friction,99344.49,1,1,150866.65,0.44,0.02,81.0,RETRY_NOW,1,99344.49
f680d6e3-cf1e-49c2-8ff3-e2f6b994c104,checkout_abandonment,high_friction,99344.49,1,1,150866.65,0.44,0.02,81.0,RETRY_LATER,0,0.0
f680d6e3-cf1e-49c2-8ff3-e2f6b994c104,checkout_abandonment,high_friction,99344.49,1,1,150866.65,0.44,0.02,81.0,SEND_REMINDER,0,0.0
f680d6e3-cf1e-49c2-8ff3-e2f6b994c104,checkout_abandonment,high_friction,99344.49,1,1,150866.65,0.44,0.02,81.0,SUGGEST_ALTERNATIVE_PAYMENT,1,99344.49
f680d6e3-cf1e-49c2-8ff3-e2f6b994c104,checkout_abandonment,high_friction,99344.49,1,1,150866.65,0.44,0.02,81.0,OFFER_INCENTIVE,1,99344.49
f680d6e3-cf1e-49c2-8ff3-e2f6b994c104,checkout_abandonment,high_friction,99344.49,1,1,150866.65,0.44,0.02,81.0,ESCALATE_TO_HUMAN,1,99344.49
8c5c333b-ae28-427e-96b2-ac8a01b44b53,overdue_invoice,invoice_dispute,87396.48,2,2,194053.78,0.23,0.36,5.0,RETRY_NOW,0,0.0
8c5c333b-ae28-427e-96b2-ac8a01b44b53,overdue_invoice,invoice_dispute,87396.48,2,2,194053.78,0.23,0.36,5.0,RETRY_LATER,1,87396.48
8c5c333b-ae28-427e-96b2-ac8a01b44b53,overdue_invoice,invoice_dispute,87396.48,2,2,194053.78,0.23,0.36,5.0,SEND_REMINDER,1,87396.48
8c5c333b-ae28-427e-96b2-ac8a01b44b53,overdue_invoice,invoice_dispute,87396.48,2,2,194053.78,0.23,0.36,5.0,SUGGEST_ALTERNATIVE_PAYMENT,1,87396.48
8c5c333b-ae28-427e-96b2-ac8a01b44b53,overdue_invoice,invoice_dispute,87396.48,2,2,194053.78,0.23,0.36,5.0,OFFER_INCENTIVE,1,87396.48
8c5c333b-ae28-427e-96b2-ac8a01b44b53,overdue_invoice,invoice_dispute,87396.48,2,2,194053.78,0.23,0.36,5.0,ESCALATE_TO_HUMAN,1,87396.48
18d758ee-76aa-405b-9818-5372377d65a1,overdue_invoice,forgotten_invoice,54536.48,1,5,175352.07,0.52,0.33,85.0,RETRY_NOW,0,0.0
18d758ee-76aa-405b-9818-5372377d65a1,overdue_invoice,forgotten_invoice,54536.48,1,5,175352.07,0.52,0.33,85.0,RETRY_LATER,1,54536.48
18d758ee-76aa-405b-9818-5372377d65a1,overdue_invoice,forgotten_invoice,54536.48,1,5,175352.07,0.52,0.33,85.0,SEND_REMINDER,0,0.0
18d758ee-76aa-405b-9818-5372377d65a1,overdue_invoice,forgotten_invoice,54536.48,1,5,175352.07,0.52,0.33,85.0,SUGGEST_ALTERNATIVE_PAYMENT,0,0.0
18d758ee-76aa-405b-9818-5372377d65a1,overdue_invoice,forgotten_invoice,54536.48,1,5,175352.07,0.52,0.33,85.0,OFFER_INCENTIVE,1,54536.48
18d758ee-76aa-405b-9818-5372377d65a1,overdue_invoice,forgotten_invoice,54536.48,1,5,175352.07,0.52,0.33,85.0,ESCALATE_TO_HUMAN,1,54536.48
97e1d029-41ae-44cb-9667-f0d96c21825b,checkout_abandonment,unknown,55423.23,4,3,204850.27,0.33,0.03,75.0,RETRY_NOW,1,55423.23
97e1d029-41ae-44cb-9667-f0d96c21825b,checkout_abandonment,unknown,55423.23,4,3,204850.27,0.33,0.03,75.0,RETRY_LATER,1,55423.23
97e1d029-41ae-44cb-9667-f0d96c21825b,checkout_abandonment,unknown,55423.23,4,3,204850.27,0.33,0.03,75.0,SEND_REMINDER,0,0.0
97e1d029-41ae-44cb-9667-f0d96c21825b,checkout_abandonment,unknown,55423.23,4,3,204850.27,0.33,0.03,75.0,SUGGEST_ALTERNATIVE_PAYMENT,1,55423.23
97e1d029-41ae-44cb-9667-f0d96c21825b,checkout_abandonment,unknown,55423.23,4,3,204850.27,0.33,0.03,75.0,OFFER_INCENTIVE,1,55423.23
97e1d029-41ae-44cb-9667-f0d96c21825b,checkout_abandonment,unknown,55423.23,4,3,204850.27,0.33,0.03,75.0,ESCALATE_TO_HUMAN,1,55423.23
0a77324c-7d6a-4a4d-b809-540a1e2eb527,checkout_abandonment,unknown,11148.13,1,4,75299.85,0.28,0.25,135.0,RETRY_NOW,1,11148.13
0a77324c-7d6a-4a4d-b809-540a1e2eb527,checkout_abandonment,unknown,11148.13,1,4,75299.85,0.28,0.25,135.0,RETRY_LATER,1,11148.13
0a77324c-7d6a-4a4d-b809-540a1e2eb527,checkout_abandonment,unknown,11148.13,1,4,75299.85,0.28,0.25,135.0,SEND_REMINDER,1,11148.13
0a77324c-7d6a-4a4d-b809-540a1e2eb527,checkout_abandonment,unknown,11148.13,1,4,75299.85,0.28,0.25,135.0,SUGGEST_ALTERNATIVE_PAYMENT,1,11148.13
0a77324c-7d6a-4a4d-b809-540a1e2eb527,checkout_abandonment,unknown,11148.13,1,4,75299.85,0.28,0.25,135.0,OFFER_INCENTIVE,1,11148.13
0a77324c-7d6a-4a4d-b809-540a1e2eb527,checkout_abandonment,unknown,11148.13,1,4,75299.85,0.28,0.25,135.0,ESCALATE_TO_HUMAN,1,11148.13
fe430409-9d52-4340-8926-a7c749bfc304,subscription_failure,insufficient_funds,56004.27,4,4,72989.41,0.49,0.5,103.0,RETRY_NOW,0,0.0
fe430409-9d52-4340-8926-a7c749bfc304,subscription_failure,insufficient_funds,56004.27,4,4,72989.41,0.49,0.5,103.0,RETRY_LATER,1,56004.27
fe430409-9d52-4340-8926-a7c749bfc304,subscription_failure,insufficient_funds,56004.27,4,4,72989.41,0.49,0.5,103.0,SEND_REMINDER,0,0.0
fe430409-9d52-4340-8926-a7c749bfc304,subscription_failure,insufficient_funds,56004.27,4,4,72989.41,0.49,0.5,103.0,SUGGEST_ALTERNATIVE_PAYMENT,0,0.0
fe430409-9d52-4340-8926-a7c749bfc304,subscription_failure,insufficient_funds,56004.27,4,4,72989.41,0.49,0.5,103.0,OFFER_INCENTIVE,0,0.0
fe430409-9d52-4340-8926-a7c749bfc304,subscription_failure,insufficient_funds,56004.27,4,4,72989.41,0.49,0.5,103.0,ESCALATE_TO_HUMAN,0,0.0
5cbe17c3-cfd4-4c94-ac94-dfaa43846120,checkout_abandonment,high_friction,12641.31,3,4,165275.05,0.89,0.7,54.0,RETRY_NOW,1,12641.31
5cbe17c3-cfd4-4c94-ac94-dfaa43846120,checkout_abandonment,high_friction,12641.31,3,4,165275.05,0.89,0.7,54.0,RETRY_LATER,1,12641.31
5cbe17c3-cfd4-4c94-ac94-dfaa43846120,checkout_abandonment,high_friction,12641.31,3,4,165275.05,0.89,0.7,54.0,SEND_REMINDER,1,12641.31
5cbe17c3-cfd4-4c94-ac94-dfaa43846120,checkout_abandonment,high_friction,12641.31,3,4,165275.05,0.89,0.7,54.0,SUGGEST_ALTERNATIVE_PAYMENT,1,12641.31
5cbe17c3-cfd4-4c94-ac94-dfaa43846120,checkout_abandonment,high_friction,12641.31,3,4,165275.05,0.89,0.7,54.0,OFFER_INCENTIVE,0,0.0
5cbe17c3-cfd4-4c94-ac94-dfaa43846120,checkout_abandonment,high_friction,12641.31,3,4,165275.05,0.89,0.7,54.0,ESCALATE_TO_HUMAN,1,12641.31
1a48c451-f3df-47ec-8a8b-0919b917fd07,checkout_abandonment,price_hesitation,74955.51,3,5,172581.97,0.92,0.14,132.0,RETRY_NOW,0,0.0
1a48c451-f3df-47ec-8a8b-0919b917fd07,checkout_abandonment,price_hesitation,74955.51,3,5,172581.97,0.92,0.14,132.0,RETRY_LATER,1,74955.51
1a48c451-f3df-47ec-8a8b-0919b917fd07,checkout_abandonment,price_hesitation,74955.51,3,5,172581.97,0.92,0.14,132.0,SEND_REMINDER,0,0.0
1a48c451-f3df-47ec-8a8b-0919b917fd07,checkout_abandonment,price_hesitation,74955.51,3,5,172581.97,0.92,0.14,132.0,SUGGEST_ALTERNATIVE_PAYMENT,0,0.0
1a48c451-f3df-47ec-8a8b-0919b917fd07,checkout_abandonment,price_hesitation,74955.51,3,5,172581.97,0.92,0.14,132.0,OFFER_INCENTIVE,1,74955.51
1a48c451-f3df-47ec-8a8b-0919b917fd07,checkout_abandonment,price_hesitation,74955.51,3,5,172581.97,0.92,0.14,132.0,ESCALATE_TO_HUMAN,1,74955.51
c02b48c8-eb37-4df6-b836-37fca550462e,checkout_abandonment,payment_method_unavailable,10477.72,4,4,393254.48,0.61,0.16,14.0,RETRY_NOW,0,0.0
c02b48c8-eb37-4df6-b836-37fca550462e,checkout_abandonment,payment_method_unavailable,10477.72,4,4,393254.48,0.61,0.16,14.0,RETRY_LATER,1,10477.72
c02b48c8-eb37-4df6-b836-37fca550462e,checkout_abandonment,payment_method_unavailable,10477.72,4,4,393254.48,0.61,0.16,14.0,SEND_REMINDER,1,10477.72
c02b48c8-eb37-4df6-b836-37fca550462e,checkout_abandonment,payment_method_unavailable,10477.72,4,4,393254.48,0.61,0.16,14.0,SUGGEST_ALTERNATIVE_PAYMENT,1,10477.72
c02b48c8-eb37-4df6-b836-37fca550462e,checkout_abandonment,payment_method_unavailable,10477.72,4,4,393254.48,0.61,0.16,14.0,OFFER_INCENTIVE,1,10477.72
c02b48c8-eb37-4df6-b836-37fca550462e,checkout_abandonment,payment_method_unavailable,10477.72,4,4,393254.48,0.61,0.16,14.0,ESCALATE_TO_HUMAN,0,0.0
118968e3-98a1-4af5-8b64-2996e5ff505e,checkout_abandonment,price_hesitation,1134.6,2,5,117265.87,0.53,0.95,3.0,RETRY_NOW,0,0.0
118968e3-98a1-4af5-8b64-2996e5ff505e,checkout_abandonment,price_hesitation,1134.6,2,5,117265.87,0.53,0.95,3.0,RETRY_LATER,1,1134.6
118968e3-98a1-4af5-8b64-2996e5ff505e,checkout_abandonment,price_hesitation,1134.6,2,5,117265.87,0.53,0.95,3.0,SEND_REMINDER,1,1134.6
118968e3-98a1-4af5-8b64-2996e5ff505e,checkout_abandonment,price_hesitation,1134.6,2,5,117265.87,0.53,0.95,3.0,SUGGEST_ALTERNATIVE_PAYMENT,1,1134.6
118968e3-98a1-4af5-8b64-2996e5ff505e,checkout_abandonment,price_hesitation,1134.6,2,5,117265.87,0.53,0.95,3.0,OFFER_INCENTIVE,1,1134.6
118968e3-98a1-4af5-8b64-2996e5ff505e,checkout_abandonment,price_hesitation,1134.6,2,5,117265.87,0.53,0.95,3.0,ESCALATE_TO_HUMAN,1,1134.6
36810a81-6ada-4bed-9512-a4b2ee2a6439,subscription_failure,insufficient_funds,87423.93,0,2,212045.49,0.95,0.31,154.0,RETRY_NOW,1,87423.93
36810a81-6ada-4bed-9512-a4b2ee2a6439,subscription_failure,insufficient_funds,87423.93,0,2,212045.49,0.95,0.31,154.0,RETRY_LATER,1,87423.93
36810a81-6ada-4bed-9512-a4b2ee2a6439,subscription_failure,insufficient_funds,87423.93,0,2,212045.49,0.95,0.31,154.0,SEND_REMINDER,1,87423.93
36810a81-6ada-4bed-9512-a4b2ee2a6439,subscription_failure,insufficient_funds,87423.93,0,2,212045.49,0.95,0.31,154.0,SUGGEST_ALTERNATIVE_PAYMENT,1,87423.93
36810a81-6ada-4bed-9512-a4b2ee2a6439,subscription_failure,insufficient_funds,87423.93,0,2,212045.49,0.95,0.31,154.0,OFFER_INCENTIVE,0,0.0
36810a81-6ada-4bed-9512-a4b2ee2a6439,subscription_failure,insufficient_funds,87423.93,0,2,212045.49,0.95,0.31,154.0,ESCALATE_TO_HUMAN,1,87423.93
460dd90e-586f-41b7-96a8-7049384485f2,overdue_invoice,forgotten_invoice,8013.87,3,4,384673.23,0.84,0.69,72.0,RETRY_NOW,0,0.0
460dd90e-586f-41b7-96a8-7049384485f2,overdue_invoice,forgotten_invoice,8013.87,3,4,384673.23,0.84,0.69,72.0,RETRY_LATER,0,0.0
460dd90e-586f-41b7-96a8-7049384485f2,overdue_invoice,forgotten_invoice,8013.87,3,4,384673.23,0.84,0.69,72.0,SEND_REMINDER,0,0.0
460dd90e-586f-41b7-96a8-7049384485f2,overdue_invoice,forgotten_invoice,8013.87,3,4,384673.23,0.84,0.69,72.0,SUGGEST_ALTERNATIVE_PAYMENT,1,8013.87
460dd90e-586f-41b7-96a8-7049384485f2,overdue_invoice,forgotten_invoice,8013.87,3,4,384673.23,0.84,0.69,72.0,OFFER_INCENTIVE,1,8013.87
460dd90e-586f-41b7-96a8-7049384485f2,overdue_invoice,forgotten_invoice,8013.87,3,4,384673.23,0.84,0.69,72.0,ESCALATE_TO_HUMAN,0,0.0
f6abf92e-9799-4d17-a4ce-23af4c9f9591,subscription_failure,card_expired,12885.26,3,3,444853.77,0.49,0.97,87.0,RETRY_NOW,1,12885.26
f6abf92e-9799-4d17-a4ce-23af4c9f9591,subscription_failure,card_expired,12885.26,3,3,444853.77,0.49,0.97,87.0,RETRY_LATER,1,12885.26
f6abf92e-9799-4d17-a4ce-23af4c9f9591,subscription_failure,card_expired,12885.26,3,3,444853.77,0.49,0.97,87.0,SEND_REMINDER,1,12885.26
f6abf92e-9799-4d17-a4ce-23af4c9f9591,subscription_failure,card_expired,12885.26,3,3,444853.77,0.49,0.97,87.0,SUGGEST_ALTERNATIVE_PAYMENT,1,12885.26
f6abf92e-9799-4d17-a4ce-23af4c9f9591,subscription_failure,card_expired,12885.26,3,3,444853.77,0.49,0.97,87.0,OFFER_INCENTIVE,1,12885.26
f6abf92e-9799-4d17-a4ce-23af4c9f9591,subscription_failure,card_expired,12885.26,3,3,444853.77,0.49,0.97,87.0,ESCALATE_TO_HUMAN,0,0.0
a957e40e-4eef-42d1-a4b9-67bc9d53e6b9,subscription_failure,insufficient_funds,83132.03,3,2,412520.22,0.41,0.8,87.0,RETRY_NOW,0,0.0
a957e40e-4eef-42d1-a4b9-67bc9d53e6b9,subscription_failure,insufficient_funds,83132.03,3,2,412520.22,0.41,0.8,87.0,RETRY_LATER,1,83132.03
a957e40e-4eef-42d1-a4b9-67bc9d53e6b9,subscription_failure,insufficient_funds,83132.03,3,2,412520.22,0.41,0.8,87.0,SEND_REMINDER,0,0.0
a957e40e-4eef-42d1-a4b9-67bc9d53e6b9,subscription_failure,insufficient_funds,83132.03,3,2,412520.22,0.41,0.8,87.0,SUGGEST_ALTERNATIVE_PAYMENT,0,0.0
a957e40e-4eef-42d1-a4b9-67bc9d53e6b9,subscription_failure,insufficient_funds,83132.03,3,2,412520.22,0.41,0.8,87.0,OFFER_INCENTIVE,1,83132.03
a957e40e-4eef-42d1-a4b9-67bc9d53e6b9,subscription_failure,insufficient_funds,83132.03,3,2,412520.22,0.41,0.8,87.0,ESCALATE_TO_HUMAN,1,83132.03
3f2145a4-b5e5-4e48-be4d-c376af0ed288,payment_failure,technical_error,14004.98,3,0,87155.53,0.26,0.67,82.0,RETRY_NOW,1,14004.98
3f2145a4-b5e5-4e48-be4d-c376af0ed288,payment_failure,technical_error,14004.98,3,0,87155.53,0.26,0.67,82.0,RETRY_LATER,1,14004.98
3f2145a4-b5e5-4e48-be4d-c376af0ed288,payment_failure,technical_error,14004.98,3,0,87155.53,0.26,0.67,82.0,SEND_REMINDER,0,0.0
3f2145a4-b5e5-4e48-be4d-c376af0ed288,payment_failure,technical_error,14004.98,3,0,87155.53,0.26,0.67,82.0,SUGGEST_ALTERNATIVE_PAYMENT,1,14004.98
3f2145a4-b5e5-4e48-be4d-c376af0ed288,payment_failure,technical_error,14004.98,3,0,87155.53,0.26,0.67,82.0,OFFER_INCENTIVE,1,14004.98
3f2145a4-b5e5-4e48-be4d-c376af0ed288,payment_failure,technical_error,14004.98,3,0,87155.53,0.26,0.67,82.0,ESCALATE_TO_HUMAN,1,14004.98
46fda38c-bcd5-4459-9df4-f5dac8606303,overdue_invoice,customer_delay,26030.76,4,2,13328.16,0.78,0.8,132.0,RETRY_NOW,0,0.0
46fda38c-bcd5-4459-9df4-f5dac8606303,overdue_invoice,customer_delay,26030.76,4,2,13328.16,0.78,0.8,132.0,RETRY_LATER,0,0.0
46fda38c-bcd5-4459-9df4-f5dac8606303,overdue_invoice,customer_delay,26030.76,4,2,13328.16,0.78,0.8,132.0,SEND_REMINDER,0,0.0
46fda38c-bcd5-4459-9df4-f5dac8606303,overdue_invoice,customer_delay,26030.76,4,2,13328.16,0.78,0.8,132.0,SUGGEST_ALTERNATIVE_PAYMENT,1,26030.76
46fda38c-bcd5-4459-9df4-f5dac8606303,overdue_invoice,customer_delay,26030.76,4,2,13328.16,0.78,0.8,132.0,OFFER_INCENTIVE,1,26030.76
46fda38c-bcd5-4459-9df4-f5dac8606303,overdue_invoice,customer_delay,26030.76,4,2,13328.16,0.78,0.8,132.0,ESCALATE_TO_HUMAN,1,26030.76
fc5c81f0-2b03-4f60-bf88-6cecc9a6f184,subscription_failure,authentication_failed,17446.8,4,2,394805.06,0.43,0.46,14.0,RETRY_NOW,0,0.0
fc5c81f0-2b03-4f60-bf88-6cecc9a6f184,subscription_failure,authentication_failed,17446.8,4,2,394805.06,0.43,0.46,14.0,RETRY_LATER,1,17446.8
fc5c81f0-2b03-4f60-bf88-6cecc9a6f184,subscription_failure,authentication_failed,17446.8,4,2,394805.06,0.43,0.46,14.0,SEND_REMINDER,0,0.0
fc5c81f0-2b03-4f60-bf88-6cecc9a6f184,subscription_failure,authentication_failed,17446.8,4,2,394805.06,0.43,0.46,14.0,SUGGEST_ALTERNATIVE_PAYMENT,0,0.0
fc5c81f0-2b03-4f60-bf88-6cecc9a6f184,subscription_failure,authentication_failed,17446.8,4,2,394805.06,0.43,0.46,14.0,OFFER_INCENTIVE,0,0.0
fc5c81f0-2b03-4f60-bf88-6cecc9a6f184,subscription_failure,authentication_failed,17446.8,4,2,394805.06,0.43,0.46,14.0,ESCALATE_TO_HUMAN,1,17446.8
bd5b7ace-6237-4f7a-89c0-047179fa7135,overdue_invoice,cash_flow_issue,78261.77,3,5,312006.44,0.41,0.85,21.0,RETRY_NOW,1,78261.77
bd5b7ace-6237-4f7a-89c0-047179fa7135,overdue_invoice,cash_flow_issue,78261.77,3,5,312006.44,0.41,0.85,21.0,RETRY_LATER,0,0.0
bd5b7ace-6237-4f7a-89c0-047179fa7135,overdue_invoice,cash_flow_issue,78261.77,3,5,312006.44,0.41,0.85,21.0,SEND_REMINDER,1,78261.77
bd5b7ace-6237-4f7a-89c0-047179fa7135,overdue_invoice,cash_flow_issue,78261.77,3,5,312006.44,0.41,0.85,21.0,SUGGEST_ALTERNATIVE_PAYMENT,1,78261.77
bd5b7ace-6237-4f7a-89c0-047179fa7135,overdue_invoice,cash_flow_issue,78261.77,3,5,312006.44,0.41,0.85,21.0,OFFER_INCENTIVE,0,0.0
bd5b7ace-6237-4f7a-89c0-047179fa7135,overdue_invoice,cash_flow_issue,78261.77,3,5,312006.44,0.41,0.85,21.0,ESCALATE_TO_HUMAN,0,0.0
ad5cabf0-f357-4389-9eb9-67e699caba48,checkout_abandonment,price_hesitation,78592.51,4,2,402914.81,0.85,0.28,137.0,RETRY_NOW,1,78592.51
ad5cabf0-f357-4389-9eb9-67e699caba48,checkout_abandonment,price_hesitation,78592.51,4,2,402914.81,0.85,0.28,137.0,RETRY_LATER,1,78592.51
ad5cabf0-f357-4389-9eb9-67e699caba48,checkout_abandonment,price_hesitation,78592.51,4,2,402914.81,0.85,0.28,137.0,SEND_REMINDER,1,78592.51
ad5cabf0-f357-4389-9eb9-67e699caba48,checkout_abandonment,price_hesitation,78592.51,4,2,402914.81,0.85,0.28,137.0,SUGGEST_ALTERNATIVE_PAYMENT,0,0.0
ad5cabf0-f357-4389-9eb9-67e699caba48,checkout_abandonment,price_hesitation,78592.51,4,2,402914.81,0.85,0.28,137.0,OFFER_INCENTIVE,0,0.0
ad5cabf0-f357-4389-9eb9-67e699caba48,checkout_abandonment,price_hesitation,78592.51,4,2,402914.81,0.85,0.28,137.0,ESCALATE_TO_HUMAN,1,78592.51
92e393c0-c2bf-46d8-84df-d5dba75ca0c3,payment_failure,temporary_bank_failure,28494.96,3,2,421581.97,0.68,0.01,138.0,RETRY_NOW,1,28494.96
92e393c0-c2bf-46d8-84df-d5dba75ca0c3,payment_failure,temporary_bank_failure,28494.96,3,2,421581.97,0.68,0.01,138.0,RETRY_LATER,0,0.0
92e393c0-c2bf-46d8-84df-d5dba75ca0c3,payment_failure,temporary_bank_failure,28494.96,3,2,421581.97,0.68,0.01,138.0,SEND_REMINDER,0,0.0
92e393c0-c2bf-46d8-84df-d5dba75ca0c3,payment_failure,temporary_bank_failure,28494.96,3,2,421581.97,0.68,0.01,138.0,SUGGEST_ALTERNATIVE_PAYMENT,0,0.0
92e393c0-c2bf-46d8-84df-d5dba75ca0c3,payment_failure,temporary_bank_failure,28494.96,3,2,421581.97,0.68,0.01,138.0,OFFER_INCENTIVE,0,0.0
92e393c0-c2bf-46d8-84df-d5dba75ca0c3,payment_failure,temporary_bank_failure,28494.96,3,2,421581.97,0.68,0.01,138.0,ESCALATE_TO_HUMAN,0,0.0
dc7e5b4b-95ba-4ee8-85f0-b2cb394bea0e,overdue_invoice,forgotten_invoice,86484.3,1,2,481380.24,0.53,0.72,148.0,RETRY_NOW,0,0.0
dc7e5b4b-95ba-4ee8-85f0-b2cb394bea0e,overdue_invoice,forgotten_invoice,86484.3,1,2,481380.24,0.53,0.72,148.0,RETRY_LATER,1,86484.3
dc7e5b4b-95ba-4ee8-85f0-b2cb394bea0e,overdue_invoice,forgotten_invoice,86484.3,1,2,481380.24,0.53,0.72,148.0,SEND_REMINDER,1,86484.3
dc7e5b4b-95ba-4ee8-85f0-b2cb394bea0e,overdue_invoice,forgotten_invoice,86484.3,1,2,481380.24,0.53,0.72,148.0,SUGGEST_ALTERNATIVE_PAYMENT,1,86484.3
dc7e5b4b-95ba-4ee8-85f0-b2cb394bea0e,overdue_invoice,forgotten_invoice,86484.3,1,2,481380.24,0.53,0.72,148.0,OFFER_INCENTIVE,0,0.0
dc7e5b4b-95ba-4ee8-85f0-b2cb394bea0e,overdue_invoice,forgotten_invoice,86484.3,1,2,481380.24,0.53,0.72,148.0,ESCALATE_TO_HUMAN,0,0.0
550b62ec-23e9-40bb-9731-6042a5207ee4,subscription_failure,insufficient_funds,69782.69,1,4,150644.36,0.53,0.24,122.0,RETRY_NOW,1,69782.69
550b62ec-23e9-40bb-9731-6042a5207ee4,subscription_failure,insufficient_funds,69782.69,1,4,150644.36,0.53,0.24,122.0,RETRY_LATER,1,69782.69
550b62ec-23e9-40bb-9731-6042a5207ee4,subscription_failure,insufficient_funds,69782.69,1,4,150644.36,0.53,0.24,122.0,SEND_REMINDER,0,0.0
550b62ec-23e9-40bb-9731-6042a5207ee4,subscription_failure,insufficient_funds,69782.69,1,4,150644.36,0.53,0.24,122.0,SUGGEST_ALTERNATIVE_PAYMENT,1,69782.69
550b62ec-23e9-40bb-9731-6042a5207ee4,subscription_failure,insufficient_funds,69782.69,1,4,150644.36,0.53,0.24,122.0,OFFER_INCENTIVE,1,69782.69
550b62ec-23e9-40bb-9731-6042a5207ee4,subscription_failure,insufficient_funds,69782.69,1,4,150644.36,0.53,0.24,122.0,ESCALATE_TO_HUMAN,1,69782.69
8bd5d3ad-92c7-4e7c-8929-5b7aeb85223c,subscription_failure,mandate_failed,70312.61,0,0,297316.15,0.85,0.66,64.0,RETRY_NOW,1,70312.61
8bd5d3ad-92c7-4e7c-8929-5b7aeb85223c,subscription_failure,mandate_failed,70312.61,0,0,297316.15,0.85,0.66,64.0,RETRY_LATER,1,70312.61
8bd5d3ad-92c7-4e7c-8929-5b7aeb85223c,subscription_failure,mandate_failed,70312.61,0,0,297316.15,0.85,0.66,64.0,SEND_REMINDER,1,70312.61
8bd5d3ad-92c7-4e7c-8929-5b7aeb85223c,subscription_failure,mandate_failed,70312.61,0,0,297316.15,0.85,0.66,64.0,SUGGEST_ALTERNATIVE_PAYMENT,1,70312.61
8bd5d3ad-92c7-4e7c-8929-5b7aeb85223c,subscription_failure,mandate_failed,70312.61,0,0,297316.15,0.85,0.66,64.0,OFFER_INCENTIVE,1,70312.61
8bd5d3ad-92c7-4e7c-8929-5b7aeb85223c,subscription_failure,mandate_failed,70312.61,0,0,297316.15,0.85,0.66,64.0,ESCALATE_TO_HUMAN,1,70312.61
86f01146-32b2-460b-a348-f58722c69485,payment_failure,authentication_failed,31794.46,3,4,485122.18,0.46,0.66,1.0,RETRY_NOW,0,0.0
86f01146-32b2-460b-a348-f58722c69485,payment_failure,authentication_failed,31794.46,3,4,485122.18,0.46,0.66,1.0,RETRY_LATER,1,31794.46
86f01146-32b2-460b-a348-f58722c69485,payment_failure,authentication_failed,31794.46,3,4,485122.18,0.46,0.66,1.0,SEND_REMINDER,1,31794.46
86f01146-32b2-460b-a348-f58722c69485,payment_failure,authentication_failed,31794.46,3,4,485122.18,0.46,0.66,1.0,SUGGEST_ALTERNATIVE_PAYMENT,1,31794.46
86f01146-32b2-460b-a348-f58722c69485,payment_failure,authentication_failed,31794.46,3,4,485122.18,0.46,0.66,1.0,OFFER_INCENTIVE,0,0.0
86f01146-32b2-460b-a348-f58722c69485,payment_failure,authentication_failed,31794.46,3,4,485122.18,0.46,0.66,1.0,ESCALATE_TO_HUMAN,1,31794.46
eadf377e-4d14-499a-b44d-0a6cdbbe55c6,overdue_invoice,invoice_dispute,47647.77,3,0,113910.26,0.33,0.95,70.0,RETRY_NOW,0,0.0
eadf377e-4d14-499a-b44d-0a6cdbbe55c6,overdue_invoice,invoice_dispute,47647.77,3,0,113910.26,0.33,0.95,70.0,RETRY_LATER,0,0.0
eadf377e-4d14-499a-b44d-0a6cdbbe55c6,overdue_invoice,invoice_dispute,47647.77,3,0,113910.26,0.33,0.95,70.0,SEND_REMINDER,1,47647.77
eadf377e-4d14-499a-b44d-0a6cdbbe55c6,overdue_invoice,invoice_dispute,47647.77,3,0,113910.26,0.33,0.95,70.0,SUGGEST_ALTERNATIVE_PAYMENT,0,0.0
eadf377e-4d14-499a-b44d-0a6cdbbe55c6,overdue_invoice,invoice_dispute,47647.77,3,0,113910.26,0.33,0.95,70.0,OFFER_INCENTIVE,0,0.0
eadf377e-4d14-499a-b44d-0a6cdbbe55c6,overdue_invoice,invoice_dispute,47647.77,3,0,113910.26,0.33,0.95,70.0,ESCALATE_TO_HUMAN,1,47647.77
746bd5a5-2ebe-43f7-a5e0-06a1e7e2eda3,payment_failure,technical_error,38396.6,2,1,29245.78,0.24,0.68,74.0,RETRY_NOW,0,0.0
746bd5a5-2ebe-43f7-a5e0-06a1e7e2eda3,payment_failure,technical_error,38396.6,2,1,29245.78,0.24,0.68,74.0,RETRY_LATER,1,38396.6
746bd5a5-2ebe-43f7-a5e0-06a1e7e2eda3,payment_failure,technical_error,38396.6,2,1,29245.78,0.24,0.68,74.0,SEND_REMINDER,0,0.0
746bd5a5-2ebe-43f7-a5e0-06a1e7e2eda3,payment_failure,technical_error,38396.6,2,1,29245.78,0.24,0.68,74.0,SUGGEST_ALTERNATIVE_PAYMENT,1,38396.6
746bd5a5-2ebe-43f7-a5e0-06a1e7e2eda3,payment_failure,technical_error,38396.6,2,1,29245.78,0.24,0.68,74.0,OFFER_INCENTIVE,0,0.0
746bd5a5-2ebe-43f7-a5e0-06a1e7e2eda3,payment_failure,technical_error,38396.6,2,1,29245.78,0.24,0.68,74.0,ESCALATE_TO_HUMAN,1,38396.6
f0e7db5c-4621-4f50-92ed-5b4ebf557363,checkout_abandonment,price_hesitation,96828.79,2,2,247862.76,0.86,0.55,87.0,RETRY_NOW,1,96828.79
f0e7db5c-4621-4f50-92ed-5b4ebf557363,checkout_abandonment,price_hesitation,96828.79,2,2,247862.76,0.86,0.55,87.0,RETRY_LATER,1,96828.79
f0e7db5c-4621-4f50-92ed-5b4ebf557363,checkout_abandonment,price_hesitation,96828.79,2,2,247862.76,0.86,0.55,87.0,SEND_REMINDER,0,0.0
f0e7db5c-4621-4f50-92ed-5b4ebf557363,checkout_abandonment,price_hesitation,96828.79,2,2,247862.76,0.86,0.55,87.0,SUGGEST_ALTERNATIVE_PAYMENT,0,0.0
f0e7db5c-4621-4f50-92ed-5b4ebf557363,checkout_abandonment,price_hesitation,96828.79,2,2,247862.76,0.86,0.55,87.0,OFFER_INCENTIVE,0,0.0
f0e7db5c-4621-4f50-92ed-5b4ebf557363,checkout_abandonment,price_hesitation,96828.79,2,2,247862.76,0.86,0.55,87.0,ESCALATE_TO_HUMAN,1,96828.79
1c750922-5d01-45a1-95fe-ef22e964c9c0,overdue_invoice,invoice_dispute,52634.27,2,1,155827.01,0.52,0.78,86.0,RETRY_NOW,1,52634.27
1c750922-5d01-45a1-95fe-ef22e964c9c0,overdue_invoice,invoice_dispute,52634.27,2,1,155827.01,0.52,0.78,86.0,RETRY_LATER,1,52634.27
1c750922-5d01-45a1-95fe-ef22e964c9c0,overdue_invoice,invoice_dispute,52634.27,2,1,155827.01,0.52,0.78,86.0,SEND_REMINDER,1,52634.27
1c750922-5d01-45a1-95fe-ef22e964c9c0,overdue_invoice,invoice_dispute,52634.27,2,1,155827.01,0.52,0.78,86.0,SUGGEST_ALTERNATIVE_PAYMENT,1,52634.27
1c750922-5d01-45a1-95fe-ef22e964c9c0,overdue_invoice,invoice_dispute,52634.27,2,1,155827.01,0.52,0.78,86.0,OFFER_INCENTIVE,1,52634.27
1c750922-5d01-45a1-95fe-ef22e964c9c0,overdue_invoice,invoice_dispute,52634.27,2,1,155827.01,0.52,0.78,86.0,ESCALATE_TO_HUMAN,0,0.0
5de94d46-ad34-4637-a822-9fac3080053a,overdue_invoice,invoice_dispute,92123.08,2,2,11096.21,0.92,0.84,72.0,RETRY_NOW,0,0.0
5de94d46-ad34-4637-a822-9fac3080053a,overdue_invoice,invoice_dispute,92123.08,2,2,11096.21,0.92,0.84,72.0,RETRY_LATER,1,92123.08
5de94d46-ad34-4637-a822-9fac3080053a,overdue_invoice,invoice_dispute,92123.08,2,2,11096.21,0.92,0.84,72.0,SEND_REMINDER,1,92123.08
5de94d46-ad34-4637-a822-9fac3080053a,overdue_invoice,invoice_dispute,92123.08,2,2,11096.21,0.92,0.84,72.0,SUGGEST_ALTERNATIVE_PAYMENT,1,92123.08
5de94d46-ad34-4637-a822-9fac3080053a,overdue_invoice,invoice_dispute,92123.08,2,2,11096.21,0.92,0.84,72.0,OFFER_INCENTIVE,1,92123.08
5de94d46-ad34-4637-a822-9fac3080053a,overdue_invoice,invoice_dispute,92123.08,2,2,11096.21,0.92,0.84,72.0,ESCALATE_TO_HUMAN,1,92123.08
8b909b1a-f849-4b73-a2e5-8a156b787691,payment_failure,payment_timeout,5438.73,1,0,420087.4,0.66,0.0,93.0,RETRY_NOW,0,0.0
8b909b1a-f849-4b73-a2e5-8a156b787691,payment_failure,payment_timeout,5438.73,1,0,420087.4,0.66,0.0,93.0,RETRY_LATER,0,0.0
8b909b1a-f849-4b73-a2e5-8a156b787691,payment_failure,payment_timeout,5438.73,1,0,420087.4,0.66,0.0,93.0,SEND_REMINDER,0,0.0
8b909b1a-f849-4b73-a2e5-8a156b787691,payment_failure,payment_timeout,5438.73,1,0,420087.4,0.66,0.0,93.0,SUGGEST_ALTERNATIVE_PAYMENT,1,5438.73
8b909b1a-f849-4b73-a2e5-8a156b787691,payment_failure,payment_timeout,5438.73,1,0,420087.4,0.66,0.0,93.0,OFFER_INCENTIVE,0,0.0
8b909b1a-f849-4b73-a2e5-8a156b787691,payment_failure,payment_timeout,5438.73,1,0,420087.4,0.66,0.0,93.0,ESCALATE_TO_HUMAN,0,0.0
d6501f37-bfb3-4057-857a-7394fb0ebe67,overdue_invoice,forgotten_invoice,7547.42,0,0,365650.93,0.51,0.37,81.0,RETRY_NOW,1,7547.42
d6501f37-bfb3-4057-857a-7394fb0ebe67,overdue_invoice,forgotten_invoice,7547.42,0,0,365650.93,0.51,0.37,81.0,RETRY_LATER,1,7547.42
d6501f37-bfb3-4057-857a-7394fb0ebe67,overdue_invoice,forgotten_invoice,7547.42,0,0,365650.93,0.51,0.37,81.0,SEND_REMINDER,0,0.0
d6501f37-bfb3-4057-857a-7394fb0ebe67,overdue_invoice,forgotten_invoice,7547.42,0,0,365650.93,0.51,0.37,81.0,SUGGEST_ALTERNATIVE_PAYMENT,1,7547.42
d6501f37-bfb3-4057-857a-7394fb0ebe67,overdue_invoice,forgotten_invoice,7547.42,0,0,365650.93,0.51,0.37,81.0,OFFER_INCENTIVE,1,7547.42
d6501f37-bfb3-4057-857a-7394fb0ebe67,overdue_invoice,forgotten_invoice,7547.42,0,0,365650.93,0.51,0.37,81.0,ESCALATE_TO_HUMAN,1,7547.42
22dcb8e5-05d7-466e-b63a-3fbcbea99f8a,checkout_abandonment,unknown,10803.62,2,4,303474.23,0.73,0.42,99.0,RETRY_NOW,0,0.0
22dcb8e5-05d7-466e-b63a-3fbcbea99f8a,checkout_abandonment,unknown,10803.62,2,4,303474.23,0.73,0.42,99.0,RETRY_LATER,1,10803.62
22dcb8e5-05d7-466e-b63a-3fbcbea99f8a,checkout_abandonment,unknown,10803.62,2,4,303474.23,0.73,0.42,99.0,SEND_REMINDER,1,10803.62
22dcb8e5-05d7-466e-b63a-3fbcbea99f8a,checkout_abandonment,unknown,10803.62,2,4,303474.23,0.73,0.42,99.0,SUGGEST_ALTERNATIVE_PAYMENT,1,10803.62
22dcb8e5-05d7-466e-b63a-3fbcbea99f8a,checkout_abandonment,unknown,10803.62,2,4,303474.23,0.73,0.42,99.0,OFFER_INCENTIVE,0,0.0
22dcb8e5-05d7-466e-b63a-3fbcbea99f8a,checkout_abandonment,unknown,10803.62,2,4,303474.23,0.73,0.42,99.0,ESCALATE_TO_HUMAN,1,10803.62
676a6846-1721-47af-bc21-a697b645dc8a,overdue_invoice,forgotten_invoice,25750.88,3,5,172833.8,0.45,0.85,36.0,RETRY_NOW,0,0.0
676a6846-1721-47af-bc21-a697b645dc8a,overdue_invoice,forgotten_invoice,25750.88,3,5,172833.8,0.45,0.85,36.0,RETRY_LATER,0,0.0
676a6846-1721-47af-bc21-a697b645dc8a,overdue_invoice,forgotten_invoice,25750.88,3,5,172833.8,0.45,0.85,36.0,SEND_REMINDER,0,0.0
676a6846-1721-47af-bc21-a697b645dc8a,overdue_invoice,forgotten_invoice,25750.88,3,5,172833.8,0.45,0.85,36.0,SUGGEST_ALTERNATIVE_PAYMENT,0,0.0
676a6846-1721-47af-bc21-a697b645dc8a,overdue_invoice,forgotten_invoice,25750.88,3,5,172833.8,0.45,0.85,36.0,OFFER_INCENTIVE,0,0.0
676a6846-1721-47af-bc21-a697b645dc8a,overdue_invoice,forgotten_invoice,25750.88,3,5,172833.8,0.45,0.85,36.0,ESCALATE_TO_HUMAN,1,25750.88
a88cdd9e-4c4e-4ff7-bf4d-d0864cfbb6b9,overdue_invoice,forgotten_invoice,28389.86,4,1,183142.75,0.83,1.0,152.0,RETRY_NOW,1,28389.86
a88cdd9e-4c4e-4ff7-bf4d-d0864cfbb6b9,overdue_invoice,forgotten_invoice,28389.86,4,1,183142.75,0.83,1.0,152.0,RETRY_LATER,1,28389.86
a88cdd9e-4c4e-4ff7-bf4d-d0864cfbb6b9,overdue_invoice,forgotten_invoice,28389.86,4,1,183142.75,0.83,1.0,152.0,SEND_REMINDER,0,0.0
a88cdd9e-4c4e-4ff7-bf4d-d0864cfbb6b9,overdue_invoice,forgotten_invoice,28389.86,4,1,183142.75,0.83,1.0,152.0,SUGGEST_ALTERNATIVE_PAYMENT,1,28389.86
a88cdd9e-4c4e-4ff7-bf4d-d0864cfbb6b9,overdue_invoice,forgotten_invoice,28389.86,4,1,183142.75,0.83,1.0,152.0,OFFER_INCENTIVE,0,0.0
a88cdd9e-4c4e-4ff7-bf4d-d0864cfbb6b9,overdue_invoice,forgotten_invoice,28389.86,4,1,183142.75,0.83,1.0,152.0,ESCALATE_TO_HUMAN,1,28389.86
02c87e0a-619c-48cf-bb85-99534407aedb,checkout_abandonment,payment_method_unavailable,96403.55,4,3,368370.75,0.2,0.48,150.0,RETRY_NOW,0,0.0
02c87e0a-619c-48cf-bb85-99534407aedb,checkout_abandonment,payment_method_unavailable,96403.55,4,3,368370.75,0.2,0.48,150.0,RETRY_LATER,1,96403.55
02c87e0a-619c-48cf-bb85-99534407aedb,checkout_abandonment,payment_method_unavailable,96403.55,4,3,368370.75,0.2,0.48,150.0,SEND_REMINDER,1,96403.55
02c87e0a-619c-48cf-bb85-99534407aedb,checkout_abandonment,payment_method_unavailable,96403.55,4,3,368370.75,0.2,0.48,150.0,SUGGEST_ALTERNATIVE_PAYMENT,0,0.0
02c87e0a-619c-48cf-bb85-99534407aedb,checkout_abandonment,payment_method_unavailable,96403.55,4,3,368370.75,0.2,0.48,150.0,OFFER_INCENTIVE,1,96403.55
02c87e0a-619c-48cf-bb85-99534407aedb,checkout_abandonment,payment_method_unavailable,96403.55,4,3,368370.75,0.2,0.48,150.0,ESCALATE_TO_HUMAN,1,96403.55
95ba3f35-acb3-4bc7-8fd5-c87dc818ac79,checkout_abandonment,unknown,79876.7,3,3,94007.08,0.7,0.74,8.0,RETRY_NOW,1,79876.7
95ba3f35-acb3-4bc7-8fd5-c87dc818ac79,checkout_abandonment,unknown,79876.7,3,3,94007.08,0.7,0.74,8.0,RETRY_LATER,1,79876.7
95ba3f35-acb3-4bc7-8fd5-c87dc818ac79,checkout_abandonment,unknown,79876.7,3,3,94007.08,0.7,0.74,8.0,SEND_REMINDER,1,79876.7
95ba3f35-acb3-4bc7-8fd5-c87dc818ac79,checkout_abandonment,unknown,79876.7,3,3,94007.08,0.7,0.74,8.0,SUGGEST_ALTERNATIVE_PAYMENT,1,79876.7
95ba3f35-acb3-4bc7-8fd5-c87dc818ac79,checkout_abandonment,unknown,79876.7,3,3,94007.08,0.7,0.74,8.0,OFFER_INCENTIVE,1,79876.7
95ba3f35-acb3-4bc7-8fd5-c87dc818ac79,checkout_abandonment,unknown,79876.7,3,3,94007.08,0.7,0.74,8.0,ESCALATE_TO_HUMAN,1,79876.7
12791837-6ca9-43b8-b438-60c041f048fb,subscription_failure,authentication_failed,54575.2,1,2,236579.87,1.0,0.22,101.0,RETRY_NOW,1,54575.2
12791837-6ca9-43b8-b438-60c041f048fb,subscription_failure,authentication_failed,54575.2,1,2,236579.87,1.0,0.22,101.0,RETRY_LATER,1,54575.2
12791837-6ca9-43b8-b438-60c041f048fb,subscription_failure,authentication_failed,54575.2,1,2,236579.87,1.0,0.22,101.0,SEND_REMINDER,0,0.0
12791837-6ca9-43b8-b438-60c041f048fb,subscription_failure,authentication_failed,54575.2,1,2,236579.87,1.0,0.22,101.0,SUGGEST_ALTERNATIVE_PAYMENT,1,54575.2
12791837-6ca9-43b8-b438-60c041f048fb,subscription_failure,authentication_failed,54575.2,1,2,236579.87,1.0,0.22,101.0,OFFER_INCENTIVE,1,54575.2
12791837-6ca9-43b8-b438-60c041f048fb,subscription_failure,authentication_failed,54575.2,1,2,236579.87,1.0,0.22,101.0,ESCALATE_TO_HUMAN,0,0.0
01c93cab-2c78-4fe1-b542-dd4f7ea75d10,overdue_invoice,invoice_dispute,97468.2,1,5,48692.93,0.27,0.07,101.0,RETRY_NOW,1,97468.2
01c93cab-2c78-4fe1-b542-dd4f7ea75d10,overdue_invoice,invoice_dispute,97468.2,1,5,48692.93,0.27,0.07,101.0,RETRY_LATER,0,0.0
01c93cab-2c78-4fe1-b542-dd4f7ea75d10,overdue_invoice,invoice_dispute,97468.2,1,5,48692.93,0.27,0.07,101.0,SEND_REMINDER,1,97468.2
01c93cab-2c78-4fe1-b542-dd4f7ea75d10,overdue_invoice,invoice_dispute,97468.2,1,5,48692.93,0.27,0.07,101.0,SUGGEST_ALTERNATIVE_PAYMENT,1,97468.2
01c93cab-2c78-4fe1-b542-dd4f7ea75d10,overdue_invoice,invoice_dispute,97468.2,1,5,48692.93,0.27,0.07,101.0,OFFER_INCENTIVE,1,97468.2
01c93cab-2c78-4fe1-b542-dd4f7ea75d10,overdue_invoice,invoice_dispute,97468.2,1,5,48692.93,0.27,0.07,101.0,ESCALATE_TO_HUMAN,1,97468.2
459e9214-ecb1-4528-8356-ee097b2d776f,payment_failure,technical_error,38826.95,3,0,128106.53,0.66,0.93,134.0,RETRY_NOW,0,0.0
459e9214-ecb1-4528-8356-ee097b2d776f,payment_failure,technical_error,38826.95,3,0,128106.53,0.66,0.93,134.0,RETRY_LATER,1,38826.95
459e9214-ecb1-4528-8356-ee097b2d776f,payment_failure,technical_error,38826.95,3,0,128106.53,0.66,0.93,134.0,SEND_REMINDER,0,0.0
459e9214-ecb1-4528-8356-ee097b2d776f,payment_failure,technical_error,38826.95,3,0,128106.53,0.66,0.93,134.0,SUGGEST_ALTERNATIVE_PAYMENT,1,38826.95
459e9214-ecb1-4528-8356-ee097b2d776f,payment_failure,technical_error,38826.95,3,0,128106.53,0.66,0.93,134.0,OFFER_INCENTIVE,1,38826.95
459e9214-ecb1-4528-8356-ee097b2d776f,payment_failure,technical_error,38826.95,3,0,128106.53,0.66,0.93,134.0,ESCALATE_TO_HUMAN,1,38826.95
88955eda-8c96-4c55-81f1-7f6ea0811e49,payment_failure,payment_timeout,24851.05,4,1,220042.44,0.24,0.14,15.0,RETRY_NOW,0,0.0
88955eda-8c96-4c55-81f1-7f6ea0811e49,payment_failure,payment_timeout,24851.05,4,1,220042.44,0.24,0.14,15.0,RETRY_LATER,1,24851.05
88955eda-8c96-4c55-81f1-7f6ea0811e49,payment_failure,payment_timeout,24851.05,4,1,220042.44,0.24,0.14,15.0,SEND_REMINDER,0,0.0
88955eda-8c96-4c55-81f1-7f6ea0811e49,payment_failure,payment_timeout,24851.05,4,1,220042.44,0.24,0.14,15.0,SUGGEST_ALTERNATIVE_PAYMENT,0,0.0
88955eda-8c96-4c55-81f1-7f6ea0811e49,payment_failure,payment_timeout,24851.05,4,1,220042.44,0.24,0.14,15.0,OFFER_INCENTIVE,1,24851.05
88955eda-8c96-4c55-81f1-7f6ea0811e49,payment_failure,payment_timeout,24851.05,4,1,220042.44,0.24,0.14,15.0,ESCALATE_TO_HUMAN,0,0.0
ccc90a37-095d-4daf-9eca-b353bd5b5745,payment_failure,temporary_bank_failure,24224.73,0,0,311782.47,0.71,0.6,128.0,RETRY_NOW,1,24224.73
ccc90a37-095d-4daf-9eca-b353bd5b5745,payment_failure,temporary_bank_failure,24224.73,0,0,311782.47,0.71,0.6,128.0,RETRY_LATER,1,24224.73
ccc90a37-095d-4daf-9eca-b353bd5b5745,payment_failure,temporary_bank_failure,24224.73,0,0,311782.47,0.71,0.6,128.0,SEND_REMINDER,0,0.0
ccc90a37-095d-4daf-9eca-b353bd5b5745,payment_failure,temporary_bank_failure,24224.73,0,0,311782.47,0.71,0.6,128.0,SUGGEST_ALTERNATIVE_PAYMENT,1,24224.73
ccc90a37-095d-4daf-9eca-b353bd5b5745,payment_failure,temporary_bank_failure,24224.73,0,0,311782.47,0.71,0.6,128.0,OFFER_INCENTIVE,1,24224.73
ccc90a37-095d-4daf-9eca-b353bd5b5745,payment_failure,temporary_bank_failure,24224.73,0,0,311782.47,0.71,0.6,128.0,ESCALATE_TO_HUMAN,1,24224.73
182390c1-d718-4505-ae85-796a03f39112,overdue_invoice,invoice_dispute,79095.86,2,4,37367.52,0.64,0.96,57.0,RETRY_NOW,1,79095.86
182390c1-d718-4505-ae85-796a03f39112,overdue_invoice,invoice_dispute,79095.86,2,4,37367.52,0.64,0.96,57.0,RETRY_LATER,1,79095.86
182390c1-d718-4505-ae85-796a03f39112,overdue_invoice,invoice_dispute,79095.86,2,4,37367.52,0.64,0.96,57.0,SEND_REMINDER,0,0.0
182390c1-d718-4505-ae85-796a03f39112,overdue_invoice,invoice_dispute,79095.86,2,4,37367.52,0.64,0.96,57.0,SUGGEST_ALTERNATIVE_PAYMENT,0,0.0
182390c1-d718-4505-ae85-796a03f39112,overdue_invoice,invoice_dispute,79095.86,2,4,37367.52,0.64,0.96,57.0,OFFER_INCENTIVE,1,79095.86
182390c1-d718-4505-ae85-796a03f39112,overdue_invoice,invoice_dispute,79095.86,2,4,37367.52,0.64,0.96,57.0,ESCALATE_TO_HUMAN,1,79095.86
b4ddf569-fa80-4089-b7d0-8331f5e088dc,payment_failure,temporary_bank_failure,45248.37,3,0,408547.56,0.48,0.21,61.0,RETRY_NOW,0,0.0
b4ddf569-fa80-4089-b7d0-8331f5e088dc,payment_failure,temporary_bank_failure,45248.37,3,0,408547.56,0.48,0.21,61.0,RETRY_LATER,0,0.0
b4ddf569-fa80-4089-b7d0-8331f5e088dc,payment_failure,temporary_bank_failure,45248.37,3,0,408547.56,0.48,0.21,61.0,SEND_REMINDER,0,0.0
b4ddf569-fa80-4089-b7d0-8331f5e088dc,payment_failure,temporary_bank_failure,45248.37,3,0,408547.56,0.48,0.21,61.0,SUGGEST_ALTERNATIVE_PAYMENT,0,0.0
b4ddf569-fa80-4089-b7d0-8331f5e088dc,payment_failure,temporary_bank_failure,45248.37,3,0,408547.56,0.48,0.21,61.0,OFFER_INCENTIVE,1,45248.37
b4ddf569-fa80-4089-b7d0-8331f5e088dc,payment_failure,temporary_bank_failure,45248.37,3,0,408547.56,0.48,0.21,61.0,ESCALATE_TO_HUMAN,0,0.0
eb09ae9b-b723-4563-b437-07b1e7cd1ae9,payment_failure,insufficient_funds,39882.93,4,5,484448.63,0.39,0.69,122.0,RETRY_NOW,0,0.0
eb09ae9b-b723-4563-b437-07b1e7cd1ae9,payment_failure,insufficient_funds,39882.93,4,5,484448.63,0.39,0.69,122.0,RETRY_LATER,1,39882.93
eb09ae9b-b723-4563-b437-07b1e7cd1ae9,payment_failure,insufficient_funds,39882.93,4,5,484448.63,0.39,0.69,122.0,SEND_REMINDER,1,39882.93
eb09ae9b-b723-4563-b437-07b1e7cd1ae9,payment_failure,insufficient_funds,39882.93,4,5,484448.63,0.39,0.69,122.0,SUGGEST_ALTERNATIVE_PAYMENT,0,0.0
eb09ae9b-b723-4563-b437-07b1e7cd1ae9,payment_failure,insufficient_funds,39882.93,4,5,484448.63,0.39,0.69,122.0,OFFER_INCENTIVE,1,39882.93
eb09ae9b-b723-4563-b437-07b1e7cd1ae9,payment_failure,insufficient_funds,39882.93,4,5,484448.63,0.39,0.69,122.0,ESCALATE_TO_HUMAN,1,39882.93
d91b2667-f13b-4a00-986b-9c1358b16025,checkout_abandonment,payment_method_unavailable,10463.37,0,1,133996.97,0.73,0.85,148.0,RETRY_NOW,1,10463.37
d91b2667-f13b-4a00-986b-9c1358b16025,checkout_abandonment,payment_method_unavailable,10463.37,0,1,133996.97,0.73,0.85,148.0,RETRY_LATER,1,10463.37
d91b2667-f13b-4a00-986b-9c1358b16025,checkout_abandonment,payment_method_unavailable,10463.37,0,1,133996.97,0.73,0.85,148.0,SEND_REMINDER,0,0.0
d91b2667-f13b-4a00-986b-9c1358b16025,checkout_abandonment,payment_method_unavailable,10463.37,0,1,133996.97,0.73,0.85,148.0,SUGGEST_ALTERNATIVE_PAYMENT,1,10463.37
d91b2667-f13b-4a00-986b-9c1358b16025,checkout_abandonment,payment_method_unavailable,10463.37,0,1,133996.97,0.73,0.85,148.0,OFFER_INCENTIVE,1,10463.37
d91b2667-f13b-4a00-986b-9c1358b16025,checkout_abandonment,payment_method_unavailable,10463.37,0,1,133996.97,0.73,0.85,148.0,ESCALATE_TO_HUMAN,1,10463.37
c835cfa1-5a4f-45f9-b888-01a156f26653,payment_failure,payment_timeout,29776.44,4,2,122409.28,0.52,0.55,122.0,RETRY_NOW,0,0.0
c835cfa1-5a4f-45f9-b888-01a156f26653,payment_failure,payment_timeout,29776.44,4,2,122409.28,0.52,0.55,122.0,RETRY_LATER,0,0.0
c835cfa1-5a4f-45f9-b888-01a156f26653,payment_failure,payment_timeout,29776.44,4,2,122409.28,0.52,0.55,122.0,SEND_REMINDER,1,29776.44
c835cfa1-5a4f-45f9-b888-01a156f26653,payment_failure,payment_timeout,29776.44,4,2,122409.28,0.52,0.55,122.0,SUGGEST_ALTERNATIVE_PAYMENT,1,29776.44
c835cfa1-5a4f-45f9-b888-01a156f26653,payment_failure,payment_timeout,29776.44,4,2,122409.28,0.52,0.55,122.0,OFFER_INCENTIVE,1,29776.44
c835cfa1-5a4f-45f9-b888-01a156f26653,payment_failure,payment_timeout,29776.44,4,2,122409.28,0.52,0.55,122.0,ESCALATE_TO_HUMAN,0,0.0
764a4ece-8041-4119-9cfa-5110de516493,payment_failure,insufficient_funds,18451.4,2,2,155183.36,0.76,0.18,2.0,RETRY_NOW,1,18451.4
764a4ece-8041-4119-9cfa-5110de516493,payment_failure,insufficient_funds,18451.4,2,2,155183.36,0.76,0.18,2.0,RETRY_LATER,1,18451.4
764a4ece-8041-4119-9cfa-5110de516493,payment_failure,insufficient_funds,18451.4,2,2,155183.36,0.76,0.18,2.0,SEND_REMINDER,1,18451.4
764a4ece-8041-4119-9cfa-5110de516493,payment_failure,insufficient_funds,18451.4,2,2,155183.36,0.76,0.18,2.0,SUGGEST_ALTERNATIVE_PAYMENT,1,18451.4
764a4ece-8041-4119-9cfa-5110de516493,payment_failure,insufficient_funds,18451.4,2,2,155183.36,0.76,0.18,2.0,OFFER_INCENTIVE,0,0.0
764a4ece-8041-4119-9cfa-5110de516493,payment_failure,insufficient_funds,18451.4,2,2,155183.36,0.76,0.18,2.0,ESCALATE_TO_HUMAN,0,0.0
d317b1b3-a574-4a46-a1a0-8b40207c9675,payment_failure,temporary_bank_failure,97805.48,4,5,137965.71,0.73,0.91,13.0,RETRY_NOW,0,0.0
d317b1b3-a574-4a46-a1a0-8b40207c9675,payment_failure,temporary_bank_failure,97805.48,4,5,137965.71,0.73,0.91,13.0,RETRY_LATER,1,97805.48
d317b1b3-a574-4a46-a1a0-8b40207c9675,payment_failure,temporary_bank_failure,97805.48,4,5,137965.71,0.73,0.91,13.0,SEND_REMINDER,0,0.0
d317b1b3-a574-4a46-a1a0-8b40207c9675,payment_failure,temporary_bank_failure,97805.48,4,5,137965.71,0.73,0.91,13.0,SUGGEST_ALTERNATIVE_PAYMENT,0,0.0
d317b1b3-a574-4a46-a1a0-8b40207c9675,payment_failure,temporary_bank_failure,97805.48,4,5,137965.71,0.73,0.91,13.0,OFFER_INCENTIVE,0,0.0
d317b1b3-a574-4a46-a1a0-8b40207c9675,payment_failure,temporary_bank_failure,97805.48,4,5,137965.71,0.73,0.91,13.0,ESCALATE_TO_HUMAN,1,97805.48
dbe4361d-328d-419e-9149-4f1e15a9f8b0,payment_failure,authentication_failed,97472.55,3,1,193014.15,0.77,0.2,9.0,RETRY_NOW,1,97472.55
dbe4361d-328d-419e-9149-4f1e15a9f8b0,payment_failure,authentication_failed,97472.55,3,1,193014.15,0.77,0.2,9.0,RETRY_LATER,1,97472.55
dbe4361d-328d-419e-9149-4f1e15a9f8b0,payment_failure,authentication_failed,97472.55,3,1,193014.15,0.77,0.2,9.0,SEND_REMINDER,0,0.0
dbe4361d-328d-419e-9149-4f1e15a9f8b0,payment_failure,authentication_failed,97472.55,3,1,193014.15,0.77,0.2,9.0,SUGGEST_ALTERNATIVE_PAYMENT,1,97472.55
dbe4361d-328d-419e-9149-4f1e15a9f8b0,payment_failure,authentication_failed,97472.55,3,1,193014.15,0.77,0.2,9.0,OFFER_INCENTIVE,1,97472.55
dbe4361d-328d-419e-9149-4f1e15a9f8b0,payment_failure,authentication_failed,97472.55,3,1,193014.15,0.77,0.2,9.0,ESCALATE_TO_HUMAN,0,0.0
661d2ced-3235-4474-ae9e-0e530b0b2470,checkout_abandonment,high_friction,46494.89,4,1,462770.2,0.42,0.84,84.0,RETRY_NOW,0,0.0
661d2ced-3235-4474-ae9e-0e530b0b2470,checkout_abandonment,high_friction,46494.89,4,1,462770.2,0.42,0.84,84.0,RETRY_LATER,1,46494.89
661d2ced-3235-4474-ae9e-0e530b0b2470,checkout_abandonment,high_friction,46494.89,4,1,462770.2,0.42,0.84,84.0,SEND_REMINDER,1,46494.89
661d2ced-3235-4474-ae9e-0e530b0b2470,checkout_abandonment,high_friction,46494.89,4,1,462770.2,0.42,0.84,84.0,SUGGEST_ALTERNATIVE_PAYMENT,1,46494.89
661d2ced-3235-4474-ae9e-0e530b0b2470,checkout_abandonment,high_friction,46494.89,4,1,462770.2,0.42,0.84,84.0,OFFER_INCENTIVE,0,0.0
661d2ced-3235-4474-ae9e-0e530b0b2470,checkout_abandonment,high_friction,46494.89,4,1,462770.2,0.42,0.84,84.0,ESCALATE_TO_HUMAN,1,46494.89
648ae846-4e5f-4b20-9200-8a64787ff4fa,payment_failure,payment_timeout,92685.24,2,4,478394.28,0.51,0.01,14.0,RETRY_NOW,1,92685.24
648ae846-4e5f-4b20-9200-8a64787ff4fa,payment_failure,payment_timeout,92685.24,2,4,478394.28,0.51,0.01,14.0,RETRY_LATER,1,92685.24
648ae846-4e5f-4b20-9200-8a64787ff4fa,payment_failure,payment_timeout,92685.24,2,4,478394.28,0.51,0.01,14.0,SEND_REMINDER,1,92685.24
648ae846-4e5f-4b20-9200-8a64787ff4fa,payment_failure,payment_timeout,92685.24,2,4,478394.28,0.51,0.01,14.0,SUGGEST_ALTERNATIVE_PAYMENT,0,0.0
648ae846-4e5f-4b20-9200-8a64787ff4fa,payment_failure,payment_timeout,92685.24,2,4,478394.28,0.51,0.01,14.0,OFFER_INCENTIVE,0,0.0
648ae846-4e5f-4b20-9200-8a64787ff4fa,payment_failure,payment_timeout,92685.24,2,4,478394.28,0.51,0.01,14.0,ESCALATE_TO_HUMAN,1,92685.24
98882531-1330-46ab-bce9-f2013c61f164,overdue_invoice,invoice_dispute,85261.18,3,2,38357.76,0.9,0.33,62.0,RETRY_NOW,1,85261.18
98882531-1330-46ab-bce9-f2013c61f164,overdue_invoice,invoice_dispute,85261.18,3,2,38357.76,0.9,0.33,62.0,RETRY_LATER,1,85261.18
98882531-1330-46ab-bce9-f2013c61f164,overdue_invoice,invoice_dispute,85261.18,3,2,38357.76,0.9,0.33,62.0,SEND_REMINDER,0,0.0
98882531-1330-46ab-bce9-f2013c61f164,overdue_invoice,invoice_dispute,85261.18,3,2,38357.76,0.9,0.33,62.0,SUGGEST_ALTERNATIVE_PAYMENT,1,85261.18
98882531-1330-46ab-bce9-f2013c61f164,overdue_invoice,invoice_dispute,85261.18,3,2,38357.76,0.9,0.33,62.0,OFFER_INCENTIVE,1,85261.18
98882531-1330-46ab-bce9-f2013c61f164,overdue_invoice,invoice_dispute,85261.18,3,2,38357.76,0.9,0.33,62.0,ESCALATE_TO_HUMAN,1,85261.18
6652eccc-cfaf-4c9d-b1e5-3495f272a886,overdue_invoice,forgotten_invoice,15339.88,0,2,256340.97,0.27,0.23,165.0,RETRY_NOW,0,0.0
6652eccc-cfaf-4c9d-b1e5-3495f272a886,overdue_invoice,forgotten_invoice,15339.88,0,2,256340.97,0.27,0.23,165.0,RETRY_LATER,1,15339.88
6652eccc-cfaf-4c9d-b1e5-3495f272a886,overdue_invoice,forgotten_invoice,15339.88,0,2,256340.97,0.27,0.23,165.0,SEND_REMINDER,0,0.0
6652eccc-cfaf-4c9d-b1e5-3495f272a886,overdue_invoice,forgotten_invoice,15339.88,0,2,256340.97,0.27,0.23,165.0,SUGGEST_ALTERNATIVE_PAYMENT,1,15339.88
6652eccc-cfaf-4c9d-b1e5-3495f272a886,overdue_invoice,forgotten_invoice,15339.88,0,2,256340.97,0.27,0.23,165.0,OFFER_INCENTIVE,1,15339.88
6652eccc-cfaf-4c9d-b1e5-3495f272a886,overdue_invoice,forgotten_invoice,15339.88,0,2,256340.97,0.27,0.23,165.0,ESCALATE_TO_HUMAN,1,15339.88
a27e5789-8416-4ae5-88d6-a073000ce4bc,checkout_abandonment,high_friction,62689.72,1,4,47620.78,0.69,0.15,149.0,RETRY_NOW,0,0.0
a27e5789-8416-4ae5-88d6-a073000ce4bc,checkout_abandonment,high_friction,62689.72,1,4,47620.78,0.69,0.15,149.0,RETRY_LATER,0,0.0
a27e5789-8416-4ae5-88d6-a073000ce4bc,checkout_abandonment,high_friction,62689.72,1,4,47620.78,0.69,0.15,149.0,SEND_REMINDER,0,0.0
a27e5789-8416-4ae5-88d6-a073000ce4bc,checkout_abandonment,high_friction,62689.72,1,4,47620.78,0.69,0.15,149.0,SUGGEST_ALTERNATIVE_PAYMENT,0,0.0
a27e5789-8416-4ae5-88d6-a073000ce4bc,checkout_abandonment,high_friction,62689.72,1,4,47620.78,0.69,0.15,149.0,OFFER_INCENTIVE,1,62689.72
a27e5789-8416-4ae5-88d6-a073000ce4bc,checkout_abandonment,high_friction,62689.72,1,4,47620.78,0.69,0.15,149.0,ESCALATE_TO_HUMAN,1,62689.72
25d1abda-c642-41b2-af2f-fada67444672,overdue_invoice,invoice_dispute,76426.9,3,2,265200.48,0.66,0.28,167.0,RETRY_NOW,1,76426.9
25d1abda-c642-41b2-af2f-fada67444672,overdue_invoice,invoice_dispute,76426.9,3,2,265200.48,0.66,0.28,167.0,RETRY_LATER,1,76426.9
25d1abda-c642-41b2-af2f-fada67444672,overdue_invoice,invoice_dispute,76426.9,3,2,265200.48,0.66,0.28,167.0,SEND_REMINDER,1,76426.9
25d1abda-c642-41b2-af2f-fada67444672,overdue_invoice,invoice_dispute,76426.9,3,2,265200.48,0.66,0.28,167.0,SUGGEST_ALTERNATIVE_PAYMENT,1,76426.9
25d1abda-c642-41b2-af2f-fada67444672,overdue_invoice,invoice_dispute,76426.9,3,2,265200.48,0.66,0.28,167.0,OFFER_INCENTIVE,0,0.0
25d1abda-c642-41b2-af2f-fada67444672,overdue_invoice,invoice_dispute,76426.9,3,2,265200.48,0.66,0.28,167.0,ESCALATE_TO_HUMAN,0,0.0
32090753-8e56-410c-a5d5-c8c06312880e,checkout_abandonment,payment_method_unavailable,29400.04,2,3,357356.5,0.43,0.26,168.0,RETRY_NOW,1,29400.04
32090753-8e56-410c-a5d5-c8c06312880e,checkout_abandonment,payment_method_unavailable,29400.04,2,3,357356.5,0.43,0.26,168.0,RETRY_LATER,1,29400.04
32090753-8e56-410c-a5d5-c8c06312880e,checkout_abandonment,payment_method_unavailable,29400.04,2,3,357356.5,0.43,0.26,168.0,SEND_REMINDER,0,0.0
32090753-8e56-410c-a5d5-c8c06312880e,checkout_abandonment,payment_method_unavailable,29400.04,2,3,357356.5,0.43,0.26,168.0,SUGGEST_ALTERNATIVE_PAYMENT,1,29400.04
32090753-8e56-410c-a5d5-c8c06312880e,checkout_abandonment,payment_method_unavailable,29400.04,2,3,357356.5,0.43,0.26,168.0,OFFER_INCENTIVE,1,29400.04
32090753-8e56-410c-a5d5-c8c06312880e,checkout_abandonment,payment_method_unavailable,29400.04,2,3,357356.5,0.43,0.26,168.0,ESCALATE_TO_HUMAN,1,29400.04
770e3685-97ba-4344-a392-4fa543ead06b,subscription_failure,insufficient_funds,92274.02,3,3,35352.61,0.68,0.11,34.0,RETRY_NOW,0,0.0
770e3685-97ba-4344-a392-4fa543ead06b,subscription_failure,insufficient_funds,92274.02,3,3,35352.61,0.68,0.11,34.0,RETRY_LATER,1,92274.02
770e3685-97ba-4344-a392-4fa543ead06b,subscription_failure,insufficient_funds,92274.02,3,3,35352.61,0.68,0.11,34.0,SEND_REMINDER,1,92274.02
770e3685-97ba-4344-a392-4fa543ead06b,subscription_failure,insufficient_funds,92274.02,3,3,35352.61,0.68,0.11,34.0,SUGGEST_ALTERNATIVE_PAYMENT,1,92274.02
770e3685-97ba-4344-a392-4fa543ead06b,subscription_failure,insufficient_funds,92274.02,3,3,35352.61,0.68,0.11,34.0,OFFER_INCENTIVE,0,0.0
770e3685-97ba-4344-a392-4fa543ead06b,subscription_failure,insufficient_funds,92274.02,3,3,35352.61,0.68,0.11,34.0,ESCALATE_TO_HUMAN,1,92274.02
f57b68c0-f489-4a6f-a686-9c11523fe36d,checkout_abandonment,payment_method_unavailable,17961.74,3,4,448624.34,0.88,0.09,84.0,RETRY_NOW,1,17961.74
f57b68c0-f489-4a6f-a686-9c11523fe36d,checkout_abandonment,payment_method_unavailable,17961.74,3,4,448624.34,0.88,0.09,84.0,RETRY_LATER,0,0.0
f57b68c0-f489-4a6f-a686-9c11523fe36d,checkout_abandonment,payment_method_unavailable,17961.74,3,4,448624.34,0.88,0.09,84.0,SEND_REMINDER,0,0.0
f57b68c0-f489-4a6f-a686-9c11523fe36d,checkout_abandonment,payment_method_unavailable,17961.74,3,4,448624.34,0.88,0.09,84.0,SUGGEST_ALTERNATIVE_PAYMENT,0,0.0
f57b68c0-f489-4a6f-a686-9c11523fe36d,checkout_abandonment,payment_method_unavailable,17961.74,3,4,448624.34,0.88,0.09,84.0,OFFER_INCENTIVE,1,17961.74
f57b68c0-f489-4a6f-a686-9c11523fe36d,checkout_abandonment,payment_method_unavailable,17961.74,3,4,448624.34,0.88,0.09,84.0,ESCALATE_TO_HUMAN,1,17961.74
9e268c3e-1514-4905-be76-c00796f1358a,subscription_failure,insufficient_funds,53137.57,0,1,417393.79,0.79,0.1,133.0,RETRY_NOW,1,53137.57
9e268c3e-1514-4905-be76-c00796f1358a,subscription_failure,insufficient_funds,53137.57,0,1,417393.79,0.79,0.1,133.0,RETRY_LATER,1,53137.57
9e268c3e-1514-4905-be76-c00796f1358a,subscription_failure,insufficient_funds,53137.57,0,1,417393.79,0.79,0.1,133.0,SEND_REMINDER,1,53137.57
9e268c3e-1514-4905-be76-c00796f1358a,subscription_failure,insufficient_funds,53137.57,0,1,417393.79,0.79,0.1,133.0,SUGGEST_ALTERNATIVE_PAYMENT,1,53137.57
9e268c3e-1514-4905-be76-c00796f1358a,subscription_failure,insufficient_funds,53137.57,0,1,417393.79,0.79,0.1,133.0,OFFER_INCENTIVE,1,53137.57
9e268c3e-1514-4905-be76-c00796f1358a,subscription_failure,insufficient_funds,53137.57,0,1,417393.79,0.79,0.1,133.0,ESCALATE_TO_HUMAN,1,53137.57
de524d60-6c0e-480e-948e-7c8871b3b5f5,overdue_invoice,cash_flow_issue,59790.9,4,0,126455.65,0.57,0.68,30.0,RETRY_NOW,0,0.0
de524d60-6c0e-480e-948e-7c8871b3b5f5,overdue_invoice,cash_flow_issue,59790.9,4,0,126455.65,0.57,0.68,30.0,RETRY_LATER,1,59790.9
de524d60-6c0e-480e-948e-7c8871b3b5f5,overdue_invoice,cash_flow_issue,59790.9,4,0,126455.65,0.57,0.68,30.0,SEND_REMINDER,1,59790.9
de524d60-6c0e-480e-948e-7c8871b3b5f5,overdue_invoice,cash_flow_issue,59790.9,4,0,126455.65,0.57,0.68,30.0,SUGGEST_ALTERNATIVE_PAYMENT,1,59790.9
de524d60-6c0e-480e-948e-7c8871b3b5f5,overdue_invoice,cash_flow_issue,59790.9,4,0,126455.65,0.57,0.68,30.0,OFFER_INCENTIVE,1,59790.9
de524d60-6c0e-480e-948e-7c8871b3b5f5,overdue_invoice,cash_flow_issue,59790.9,4,0,126455.65,0.57,0.68,30.0,ESCALATE_TO_HUMAN,1,59790.9
1bf3a9a0-5f94-4a0b-8397-bf3077febd88,overdue_invoice,invoice_dispute,36194.79,1,5,276284.24,0.44,0.08,156.0,RETRY_NOW,0,0.0
1bf3a9a0-5f94-4a0b-8397-bf3077febd88,overdue_invoice,invoice_dispute,36194.79,1,5,276284.24,0.44,0.08,156.0,RETRY_LATER,1,36194.79
1bf3a9a0-5f94-4a0b-8397-bf3077febd88,overdue_invoice,invoice_dispute,36194.79,1,5,276284.24,0.44,0.08,156.0,SEND_REMINDER,1,36194.79
1bf3a9a0-5f94-4a0b-8397-bf3077febd88,overdue_invoice,invoice_dispute,36194.79,1,5,276284.24,0.44,0.08,156.0,SUGGEST_ALTERNATIVE_PAYMENT,1,36194.79
1bf3a9a0-5f94-4a0b-8397-bf3077febd88,overdue_invoice,invoice_dispute,36194.79,1,5,276284.24,0.44,0.08,156.0,OFFER_INCENTIVE,0,0.0
1bf3a9a0-5f94-4a0b-8397-bf3077febd88,overdue_invoice,invoice_dispute,36194.79,1,5,276284.24,0.44,0.08,156.0,ESCALATE_TO_HUMAN,1,36194.79
32062528-4721-4a78-bb87-64df6a2d64ef,overdue_invoice,forgotten_invoice,45103.38,3,4,297239.34,0.49,0.95,57.0,RETRY_NOW,1,45103.38
32062528-4721-4a78-bb87-64df6a2d64ef,overdue_invoice,forgotten_invoice,45103.38,3,4,297239.34,0.49,0.95,57.0,RETRY_LATER,1,45103.38
32062528-4721-4a78-bb87-64df6a2d64ef,overdue_invoice,forgotten_invoice,45103.38,3,4,297239.34,0.49,0.95,57.0,SEND_REMINDER,0,0.0
32062528-4721-4a78-bb87-64df6a2d64ef,overdue_invoice,forgotten_invoice,45103.38,3,4,297239.34,0.49,0.95,57.0,SUGGEST_ALTERNATIVE_PAYMENT,1,45103.38
32062528-4721-4a78-bb87-64df6a2d64ef,overdue_invoice,forgotten_invoice,45103.38,3,4,297239.34,0.49,0.95,57.0,OFFER_INCENTIVE,1,45103.38
32062528-4721-4a78-bb87-64df6a2d64ef,overdue_invoice,forgotten_invoice,45103.38,3,4,297239.34,0.49,0.95,57.0,ESCALATE_TO_HUMAN,1,45103.38
187a70e7-998d-4010-a827-991b43373b2a,overdue_invoice,invoice_dispute,4842.91,3,3,352908.71,0.8,0.98,167.0,RETRY_NOW,1,4842.91
187a70e7-998d-4010-a827-991b43373b2a,overdue_invoice,invoice_dispute,4842.91,3,3,352908.71,0.8,0.98,167.0,RETRY_LATER,1,4842.91
187a70e7-998d-4010-a827-991b43373b2a,overdue_invoice,invoice_dispute,4842.91,3,3,352908.71,0.8,0.98,167.0,SEND_REMINDER,1,4842.91
187a70e7-998d-4010-a827-991b43373b2a,overdue_invoice,invoice_dispute,4842.91,3,3,352908.71,0.8,0.98,167.0,SUGGEST_ALTERNATIVE_PAYMENT,1,4842.91
187a70e7-998d-4010-a827-991b43373b2a,overdue_invoice,invoice_dispute,4842.91,3,3,352908.71,0.8,0.98,167.0,OFFER_INCENTIVE,0,0.0
187a70e7-998d-4010-a827-991b43373b2a,overdue_invoice,invoice_dispute,4842.91,3,3,352908.71,0.8,0.98,167.0,ESCALATE_TO_HUMAN,1,4842.91
5265ecb4-c8e5-4803-abdd-ace90cadb0f4,subscription_failure,authentication_failed,40538.84,3,5,64516.61,0.44,0.68,98.0,RETRY_NOW,0,0.0
5265ecb4-c8e5-4803-abdd-ace90cadb0f4,subscription_failure,authentication_failed,40538.84,3,5,64516.61,0.44,0.68,98.0,RETRY_LATER,1,40538.84
5265ecb4-c8e5-4803-abdd-ace90cadb0f4,subscription_failure,authentication_failed,40538.84,3,5,64516.61,0.44,0.68,98.0,SEND_REMINDER,0,0.0
5265ecb4-c8e5-4803-abdd-ace90cadb0f4,subscription_failure,authentication_failed,40538.84,3,5,64516.61,0.44,0.68,98.0,SUGGEST_ALTERNATIVE_PAYMENT,1,40538.84
5265ecb4-c8e5-4803-abdd-ace90cadb0f4,subscription_failure,authentication_failed,40538.84,3,5,64516.61,0.44,0.68,98.0,OFFER_INCENTIVE,1,40538.84
5265ecb4-c8e5-4803-abdd-ace90cadb0f4,subscription_failure,authentication_failed,40538.84,3,5,64516.61,0.44,0.68,98.0,ESCALATE_TO_HUMAN,0,0.0
c130a6ae-40d2-42b2-8a9c-6a07ef3957ae,payment_failure,temporary_bank_failure,45916.64,2,2,352612.34,0.93,0.51,119.0,RETRY_NOW,0,0.0
c130a6ae-40d2-42b2-8a9c-6a07ef3957ae,payment_failure,temporary_bank_failure,45916.64,2,2,352612.34,0.93,0.51,119.0,RETRY_LATER,1,45916.64
c130a6ae-40d2-42b2-8a9c-6a07ef3957ae,payment_failure,temporary_bank_failure,45916.64,2,2,352612.34,0.93,0.51,119.0,SEND_REMINDER,1,45916.64
c130a6ae-40d2-42b2-8a9c-6a07ef3957ae,payment_failure,temporary_bank_failure,45916.64,2,2,352612.34,0.93,0.51,119.0,SUGGEST_ALTERNATIVE_PAYMENT,1,45916.64
c130a6ae-40d2-42b2-8a9c-6a07ef3957ae,payment_failure,temporary_bank_failure,45916.64,2,2,352612.34,0.93,0.51,119.0,OFFER_INCENTIVE,0,0.0
c130a6ae-40d2-42b2-8a9c-6a07ef3957ae,payment_failure,temporary_bank_failure,45916.64,2,2,352612.34,0.93,0.51,119.0,ESCALATE_TO_HUMAN,1,45916.64
67f890f7-7e1e-4cfb-999d-25ef8da8dbba,overdue_invoice,cash_flow_issue,50673.43,4,5,140580.62,0.81,0.12,157.0,RETRY_NOW,0,0.0
67f890f7-7e1e-4cfb-999d-25ef8da8dbba,overdue_invoice,cash_flow_issue,50673.43,4,5,140580.62,0.81,0.12,157.0,RETRY_LATER,0,0.0
67f890f7-7e1e-4cfb-999d-25ef8da8dbba,overdue_invoice,cash_flow_issue,50673.43,4,5,140580.62,0.81,0.12,157.0,SEND_REMINDER,0,0.0
67f890f7-7e1e-4cfb-999d-25ef8da8dbba,overdue_invoice,cash_flow_issue,50673.43,4,5,140580.62,0.81,0.12,157.0,SUGGEST_ALTERNATIVE_PAYMENT,1,50673.43
67f890f7-7e1e-4cfb-999d-25ef8da8dbba,overdue_invoice,cash_flow_issue,50673.43,4,5,140580.62,0.81,0.12,157.0,OFFER_INCENTIVE,0,0.0
67f890f7-7e1e-4cfb-999d-25ef8da8dbba,overdue_invoice,cash_flow_issue,50673.43,4,5,140580.62,0.81,0.12,157.0,ESCALATE_TO_HUMAN,1,50673.43
6ace51ed-d331-4ac2-afff-614553595d05,payment_failure,insufficient_funds,90435.27,0,1,298956.1,0.59,0.5,51.0,RETRY_NOW,1,90435.27
6ace51ed-d331-4ac2-afff-614553595d05,payment_failure,insufficient_funds,90435.27,0,1,298956.1,0.59,0.5,51.0,RETRY_LATER,1,90435.27
6ace51ed-d331-4ac2-afff-614553595d05,payment_failure,insufficient_funds,90435.27,0,1,298956.1,0.59,0.5,51.0,SEND_REMINDER,0,0.0
6ace51ed-d331-4ac2-afff-614553595d05,payment_failure,insufficient_funds,90435.27,0,1,298956.1,0.59,0.5,51.0,SUGGEST_ALTERNATIVE_PAYMENT,1,90435.27
6ace51ed-d331-4ac2-afff-614553595d05,payment_failure,insufficient_funds,90435.27,0,1,298956.1,0.59,0.5,51.0,OFFER_INCENTIVE,1,90435.27
6ace51ed-d331-4ac2-afff-614553595d05,payment_failure,insufficient_funds,90435.27,0,1,298956.1,0.59,0.5,51.0,ESCALATE_TO_HUMAN,1,90435.27
918a0bc3-ab41-471f-b99d-600ee83ecb4f,payment_failure,insufficient_funds,80019.86,2,0,11018.92,0.23,0.34,19.0,RETRY_NOW,1,80019.86
918a0bc3-ab41-471f-b99d-600ee83ecb4f,payment_failure,insufficient_funds,80019.86,2,0,11018.92,0.23,0.34,19.0,RETRY_LATER,0,0.0
918a0bc3-ab41-471f-b99d-600ee83ecb4f,payment_failure,insufficient_funds,80019.86,2,0,11018.92,0.23,0.34,19.0,SEND_REMINDER,0,0.0
918a0bc3-ab41-471f-b99d-600ee83ecb4f,payment_failure,insufficient_funds,80019.86,2,0,11018.92,0.23,0.34,19.0,SUGGEST_ALTERNATIVE_PAYMENT,0,0.0
918a0bc3-ab41-471f-b99d-600ee83ecb4f,payment_failure,insufficient_funds,80019.86,2,0,11018.92,0.23,0.34,19.0,OFFER_INCENTIVE,0,0.0
918a0bc3-ab41-471f-b99d-600ee83ecb4f,payment_failure,insufficient_funds,80019.86,2,0,11018.92,0.23,0.34,19.0,ESCALATE_TO_HUMAN,1,80019.86
53a76a1d-0214-422e-bbc0-38a8309fa7c0,checkout_abandonment,price_hesitation,65795.06,0,4,79865.91,0.65,0.95,137.0,RETRY_NOW,1,65795.06
53a76a1d-0214-422e-bbc0-38a8309fa7c0,checkout_abandonment,price_hesitation,65795.06,0,4,79865.91,0.65,0.95,137.0,RETRY_LATER,1,65795.06
53a76a1d-0214-422e-bbc0-38a8309fa7c0,checkout_abandonment,price_hesitation,65795.06,0,4,79865.91,0.65,0.95,137.0,SEND_REMINDER,1,65795.06
53a76a1d-0214-422e-bbc0-38a8309fa7c0,checkout_abandonment,price_hesitation,65795.06,0,4,79865.91,0.65,0.95,137.0,SUGGEST_ALTERNATIVE_PAYMENT,1,65795.06
53a76a1d-0214-422e-bbc0-38a8309fa7c0,checkout_abandonment,price_hesitation,65795.06,0,4,79865.91,0.65,0.95,137.0,OFFER_INCENTIVE,1,65795.06
53a76a1d-0214-422e-bbc0-38a8309fa7c0,checkout_abandonment,price_hesitation,65795.06,0,4,79865.91,0.65,0.95,137.0,ESCALATE_TO_HUMAN,1,65795.06
cf5a4ca7-cad7-4e4f-a91e-d331a1b666b8,subscription_failure,authentication_failed,27877.82,1,5,296241.89,0.65,0.56,110.0,RETRY_NOW,0,0.0
cf5a4ca7-cad7-4e4f-a91e-d331a1b666b8,subscription_failure,authentication_failed,27877.82,1,5,296241.89,0.65,0.56,110.0,RETRY_LATER,1,27877.82
cf5a4ca7-cad7-4e4f-a91e-d331a1b666b8,subscription_failure,authentication_failed,27877.82,1,5,296241.89,0.65,0.56,110.0,SEND_REMINDER,1,27877.82
cf5a4ca7-cad7-4e4f-a91e-d331a1b666b8,subscription_failure,authentication_failed,27877.82,1,5,296241.89,0.65,0.56,110.0,SUGGEST_ALTERNATIVE_PAYMENT,1,27877.82
cf5a4ca7-cad7-4e4f-a91e-d331a1b666b8,subscription_failure,authentication_failed,27877.82,1,5,296241.89,0.65,0.56,110.0,OFFER_INCENTIVE,0,0.0
cf5a4ca7-cad7-4e4f-a91e-d331a1b666b8,subscription_failure,authentication_failed,27877.82,1,5,296241.89,0.65,0.56,110.0,ESCALATE_TO_HUMAN,1,27877.82
875fd310-6d19-40bf-bb8c-60dc416f54d6,payment_failure,insufficient_funds,34126.08,0,3,446719.86,0.99,0.16,168.0,RETRY_NOW,1,34126.08
875fd310-6d19-40bf-bb8c-60dc416f54d6,payment_failure,insufficient_funds,34126.08,0,3,446719.86,0.99,0.16,168.0,RETRY_LATER,1,34126.08
875fd310-6d19-40bf-bb8c-60dc416f54d6,payment_failure,insufficient_funds,34126.08,0,3,446719.86,0.99,0.16,168.0,SEND_REMINDER,1,34126.08
875fd310-6d19-40bf-bb8c-60dc416f54d6,payment_failure,insufficient_funds,34126.08,0,3,446719.86,0.99,0.16,168.0,SUGGEST_ALTERNATIVE_PAYMENT,1,34126.08
875fd310-6d19-40bf-bb8c-60dc416f54d6,payment_failure,insufficient_funds,34126.08,0,3,446719.86,0.99,0.16,168.0,OFFER_INCENTIVE,1,34126.08
875fd310-6d19-40bf-bb8c-60dc416f54d6,payment_failure,insufficient_funds,34126.08,0,3,446719.86,0.99,0.16,168.0,ESCALATE_TO_HUMAN,1,34126.08
081f78fd-9488-4553-b3b3-b871d6d45fb1,subscription_failure,insufficient_funds,36825.26,4,1,225913.77,0.52,0.69,148.0,RETRY_NOW,0,0.0
081f78fd-9488-4553-b3b3-b871d6d45fb1,subscription_failure,insufficient_funds,36825.26,4,1,225913.77,0.52,0.69,148.0,RETRY_LATER,1,36825.26
081f78fd-9488-4553-b3b3-b871d6d45fb1,subscription_failure,insufficient_funds,36825.26,4,1,225913.77,0.52,0.69,148.0,SEND_REMINDER,1,36825.26
081f78fd-9488-4553-b3b3-b871d6d45fb1,subscription_failure,insufficient_funds,36825.26,4,1,225913.77,0.52,0.69,148.0,SUGGEST_ALTERNATIVE_PAYMENT,1,36825.26
081f78fd-9488-4553-b3b3-b871d6d45fb1,subscription_failure,insufficient_funds,36825.26,4,1,225913.77,0.52,0.69,148.0,OFFER_INCENTIVE,1,36825.26
081f78fd-9488-4553-b3b3-b871d6d45fb1,subscription_failure,insufficient_funds,36825.26,4,1,225913.77,0.52,0.69,148.0,ESCALATE_TO_HUMAN,0,0.0
df719d07-db70-4bf8-8a25-f9193f82a887,subscription_failure,card_expired,80214.23,4,1,40384.58,0.78,0.29,140.0,RETRY_NOW,0,0.0
df719d07-db70-4bf8-8a25-f9193f82a887,subscription_failure,card_expired,80214.23,4,1,40384.58,0.78,0.29,140.0,RETRY_LATER,1,80214.23
df719d07-db70-4bf8-8a25-f9193f82a887,subscription_failure,card_expired,80214.23,4,1,40384.58,0.78,0.29,140.0,SEND_REMINDER,0,0.0
df719d07-db70-4bf8-8a25-f9193f82a887,subscription_failure,card_expired,80214.23,4,1,40384.58,0.78,0.29,140.0,SUGGEST_ALTERNATIVE_PAYMENT,1,80214.23
df719d07-db70-4bf8-8a25-f9193f82a887,subscription_failure,card_expired,80214.23,4,1,40384.58,0.78,0.29,140.0,OFFER_INCENTIVE,0,0.0
df719d07-db70-4bf8-8a25-f9193f82a887,subscription_failure,card_expired,80214.23,4,1,40384.58,0.78,0.29,140.0,ESCALATE_TO_HUMAN,0,0.0
55838ea3-eaf5-46c5-91b3-bd1de89bba10,overdue_invoice,invoice_dispute,60849.33,1,3,241352.53,0.58,0.14,154.0,RETRY_NOW,0,0.0
55838ea3-eaf5-46c5-91b3-bd1de89bba10,overdue_invoice,invoice_dispute,60849.33,1,3,241352.53,0.58,0.14,154.0,RETRY_LATER,0,0.0
55838ea3-eaf5-46c5-91b3-bd1de89bba10,overdue_invoice,invoice_dispute,60849.33,1,3,241352.53,0.58,0.14,154.0,SEND_REMINDER,1,60849.33
55838ea3-eaf5-46c5-91b3-bd1de89bba10,overdue_invoice,invoice_dispute,60849.33,1,3,241352.53,0.58,0.14,154.0,SUGGEST_ALTERNATIVE_PAYMENT,1,60849.33
55838ea3-eaf5-46c5-91b3-bd1de89bba10,overdue_invoice,invoice_dispute,60849.33,1,3,241352.53,0.58,0.14,154.0,OFFER_INCENTIVE,0,0.0
55838ea3-eaf5-46c5-91b3-bd1de89bba10,overdue_invoice,invoice_dispute,60849.33,1,3,241352.53,0.58,0.14,154.0,ESCALATE_TO_HUMAN,1,60849.33
2699744f-ed7e-4c13-aaf3-1e1a1e843c8e,subscription_failure,card_expired,30996.34,3,2,213631.92,0.68,0.04,115.0,RETRY_NOW,1,30996.34
2699744f-ed7e-4c13-aaf3-1e1a1e843c8e,subscription_failure,card_expired,30996.34,3,2,213631.92,0.68,0.04,115.0,RETRY_LATER,1,30996.34
2699744f-ed7e-4c13-aaf3-1e1a1e843c8e,subscription_failure,card_expired,30996.34,3,2,213631.92,0.68,0.04,115.0,SEND_REMINDER,0,0.0
2699744f-ed7e-4c13-aaf3-1e1a1e843c8e,subscription_failure,card_expired,30996.34,3,2,213631.92,0.68,0.04,115.0,SUGGEST_ALTERNATIVE_PAYMENT,1,30996.34
2699744f-ed7e-4c13-aaf3-1e1a1e843c8e,subscription_failure,card_expired,30996.34,3,2,213631.92,0.68,0.04,115.0,OFFER_INCENTIVE,0,0.0
2699744f-ed7e-4c13-aaf3-1e1a1e843c8e,subscription_failure,card_expired,30996.34,3,2,213631.92,0.68,0.04,115.0,ESCALATE_TO_HUMAN,0,0.0
511d2ccd-421d-4f71-8dd4-f8a2828f0c88,overdue_invoice,invoice_dispute,65963.17,2,0,350955.7,0.62,0.22,94.0,RETRY_NOW,0,0.0
511d2ccd-421d-4f71-8dd4-f8a2828f0c88,overdue_invoice,invoice_dispute,65963.17,2,0,350955.7,0.62,0.22,94.0,RETRY_LATER,1,65963.17
511d2ccd-421d-4f71-8dd4-f8a2828f0c88,overdue_invoice,invoice_dispute,65963.17,2,0,350955.7,0.62,0.22,94.0,SEND_REMINDER,0,0.0
511d2ccd-421d-4f71-8dd4-f8a2828f0c88,overdue_invoice,invoice_dispute,65963.17,2,0,350955.7,0.62,0.22,94.0,SUGGEST_ALTERNATIVE_PAYMENT,1,65963.17
511d2ccd-421d-4f71-8dd4-f8a2828f0c88,overdue_invoice,invoice_dispute,65963.17,2,0,350955.7,0.62,0.22,94.0,OFFER_INCENTIVE,1,65963.17
511d2ccd-421d-4f71-8dd4-f8a2828f0c88,overdue_invoice,invoice_dispute,65963.17,2,0,350955.7,0.62,0.22,94.0,ESCALATE_TO_HUMAN,1,65963.17
fcb872fd-4242-40bc-8800-9e0f872cfcc5,checkout_abandonment,payment_method_unavailable,24036.84,2,4,369314.45,0.45,0.7,8.0,RETRY_NOW,1,24036.84
fcb872fd-4242-40bc-8800-9e0f872cfcc5,checkout_abandonment,payment_method_unavailable,24036.84,2,4,369314.45,0.45,0.7,8.0,RETRY_LATER,1,24036.84
fcb872fd-4242-40bc-8800-9e0f872cfcc5,checkout_abandonment,payment_method_unavailable,24036.84,2,4,369314.45,0.45,0.7,8.0,SEND_REMINDER,0,0.0
fcb872fd-4242-40bc-8800-9e0f872cfcc5,checkout_abandonment,payment_method_unavailable,24036.84,2,4,369314.45,0.45,0.7,8.0,SUGGEST_ALTERNATIVE_PAYMENT,1,24036.84
fcb872fd-4242-40bc-8800-9e0f872cfcc5,checkout_abandonment,payment_method_unavailable,24036.84,2,4,369314.45,0.45,0.7,8.0,OFFER_INCENTIVE,0,0.0
fcb872fd-4242-40bc-8800-9e0f872cfcc5,checkout_abandonment,payment_method_unavailable,24036.84,2,4,369314.45,0.45,0.7,8.0,ESCALATE_TO_HUMAN,1,24036.84
4f59170d-cc5f-4999-880a-50dd11d3d540,overdue_invoice,forgotten_invoice,4241.92,0,4,144251.44,0.49,0.51,153.0,RETRY_NOW,1,4241.92
4f59170d-cc5f-4999-880a-50dd11d3d540,overdue_invoice,forgotten_invoice,4241.92,0,4,144251.44,0.49,0.51,153.0,RETRY_LATER,0,0.0
4f59170d-cc5f-4999-880a-50dd11d3d540,overdue_invoice,forgotten_invoice,4241.92,0,4,144251.44,0.49,0.51,153.0,SEND_REMINDER,1,4241.92
4f59170d-cc5f-4999-880a-50dd11d3d540,overdue_invoice,forgotten_invoice,4241.92,0,4,144251.44,0.49,0.51,153.0,SUGGEST_ALTERNATIVE_PAYMENT,1,4241.92
4f59170d-cc5f-4999-880a-50dd11d3d540,overdue_invoice,forgotten_invoice,4241.92,0,4,144251.44,0.49,0.51,153.0,OFFER_INCENTIVE,1,4241.92
4f59170d-cc5f-4999-880a-50dd11d3d540,overdue_invoice,forgotten_invoice,4241.92,0,4,144251.44,0.49,0.51,153.0,ESCALATE_TO_HUMAN,0,0.0
d3515915-85a7-4391-a47c-eb0c87ac0e33,subscription_failure,insufficient_funds,89879.02,0,1,257433.46,0.35,0.53,138.0,RETRY_NOW,1,89879.02
d3515915-85a7-4391-a47c-eb0c87ac0e33,subscription_failure,insufficient_funds,89879.02,0,1,257433.46,0.35,0.53,138.0,RETRY_LATER,1,89879.02
d3515915-85a7-4391-a47c-eb0c87ac0e33,subscription_failure,insufficient_funds,89879.02,0,1,257433.46,0.35,0.53,138.0,SEND_REMINDER,1,89879.02
d3515915-85a7-4391-a47c-eb0c87ac0e33,subscription_failure,insufficient_funds,89879.02,0,1,257433.46,0.35,0.53,138.0,SUGGEST_ALTERNATIVE_PAYMENT,0,0.0
d3515915-85a7-4391-a47c-eb0c87ac0e33,subscription_failure,insufficient_funds,89879.02,0,1,257433.46,0.35,0.53,138.0,OFFER_INCENTIVE,0,0.0
d3515915-85a7-4391-a47c-eb0c87ac0e33,subscription_failure,insufficient_funds,89879.02,0,1,257433.46,0.35,0.53,138.0,ESCALATE_TO_HUMAN,1,89879.02
9d0d02c3-b11f-449d-a9f0-1c45b026f414,payment_failure,payment_timeout,30784.28,4,1,49498.81,0.59,0.45,100.0,RETRY_NOW,1,30784.28
9d0d02c3-b11f-449d-a9f0-1c45b026f414,payment_failure,payment_timeout,30784.28,4,1,49498.81,0.59,0.45,100.0,RETRY_LATER,1,30784.28
9d0d02c3-b11f-449d-a9f0-1c45b026f414,payment_failure,payment_timeout,30784.28,4,1,49498.81,0.59,0.45,100.0,SEND_REMINDER,0,0.0
9d0d02c3-b11f-449d-a9f0-1c45b026f414,payment_failure,payment_timeout,30784.28,4,1,49498.81,0.59,0.45,100.0,SUGGEST_ALTERNATIVE_PAYMENT,0,0.0
9d0d02c3-b11f-449d-a9f0-1c45b026f414,payment_failure,payment_timeout,30784.28,4,1,49498.81,0.59,0.45,100.0,OFFER_INCENTIVE,0,0.0
9d0d02c3-b11f-449d-a9f0-1c45b026f414,payment_failure,payment_timeout,30784.28,4,1,49498.81,0.59,0.45,100.0,ESCALATE_TO_HUMAN,1,30784.28
7a3e8cc8-0726-491c-b26d-b14d4dc0cab0,checkout_abandonment,price_hesitation,81244.02,3,0,388319.01,0.25,0.2,76.0,RETRY_NOW,0,0.0
7a3e8cc8-0726-491c-b26d-b14d4dc0cab0,checkout_abandonment,price_hesitation,81244.02,3,0,388319.01,0.25,0.2,76.0,RETRY_LATER,1,81244.02
7a3e8cc8-0726-491c-b26d-b14d4dc0cab0,checkout_abandonment,price_hesitation,81244.02,3,0,388319.01,0.25,0.2,76.0,SEND_REMINDER,1,81244.02
7a3e8cc8-0726-491c-b26d-b14d4dc0cab0,checkout_abandonment,price_hesitation,81244.02,3,0,388319.01,0.25,0.2,76.0,SUGGEST_ALTERNATIVE_PAYMENT,0,0.0
7a3e8cc8-0726-491c-b26d-b14d4dc0cab0,checkout_abandonment,price_hesitation,81244.02,3,0,388319.01,0.25,0.2,76.0,OFFER_INCENTIVE,0,0.0
7a3e8cc8-0726-491c-b26d-b14d4dc0cab0,checkout_abandonment,price_hesitation,81244.02,3,0,388319.01,0.25,0.2,76.0,ESCALATE_TO_HUMAN,1,81244.02
6a86ab65-4e15-4efd-b071-7834a13e89f8,overdue_invoice,cash_flow_issue,63732.41,1,4,322984.79,0.75,0.49,43.0,RETRY_NOW,1,63732.41
6a86ab65-4e15-4efd-b071-7834a13e89f8,overdue_invoice,cash_flow_issue,63732.41,1,4,322984.79,0.75,0.49,43.0,RETRY_LATER,1,63732.41
6a86ab65-4e15-4efd-b071-7834a13e89f8,overdue_invoice,cash_flow_issue,63732.41,1,4,322984.79,0.75,0.49,43.0,SEND_REMINDER,1,63732.41
6a86ab65-4e15-4efd-b071-7834a13e89f8,overdue_invoice,cash_flow_issue,63732.41,1,4,322984.79,0.75,0.49,43.0,SUGGEST_ALTERNATIVE_PAYMENT,1,63732.41
6a86ab65-4e15-4efd-b071-7834a13e89f8,overdue_invoice,cash_flow_issue,63732.41,1,4,322984.79,0.75,0.49,43.0,OFFER_INCENTIVE,1,63732.41
6a86ab65-4e15-4efd-b071-7834a13e89f8,overdue_invoice,cash_flow_issue,63732.41,1,4,322984.79,0.75,0.49,43.0,ESCALATE_TO_HUMAN,1,63732.41
799bcab8-b075-46f2-bba4-ef4ea08a3ffa,subscription_failure,card_expired,89916.97,2,4,219312.5,0.59,0.19,126.0,RETRY_NOW,1,89916.97
799bcab8-b075-46f2-bba4-ef4ea08a3ffa,subscription_failure,card_expired,89916.97,2,4,219312.5,0.59,0.19,126.0,RETRY_LATER,1,89916.97
799bcab8-b075-46f2-bba4-ef4ea08a3ffa,subscription_failure,card_expired,89916.97,2,4,219312.5,0.59,0.19,126.0,SEND_REMINDER,0,0.0
799bcab8-b075-46f2-bba4-ef4ea08a3ffa,subscription_failure,card_expired,89916.97,2,4,219312.5,0.59,0.19,126.0,SUGGEST_ALTERNATIVE_PAYMENT,0,0.0
799bcab8-b075-46f2-bba4-ef4ea08a3ffa,subscription_failure,card_expired,89916.97,2,4,219312.5,0.59,0.19,126.0,OFFER_INCENTIVE,1,89916.97
799bcab8-b075-46f2-bba4-ef4ea08a3ffa,subscription_failure,card_expired,89916.97,2,4,219312.5,0.59,0.19,126.0,ESCALATE_TO_HUMAN,0,0.0
7b4bb10d-a9f5-4077-83de-3bef42e9b135,checkout_abandonment,unknown,88598.67,4,3,417012.85,0.72,0.03,72.0,RETRY_NOW,0,0.0
7b4bb10d-a9f5-4077-83de-3bef42e9b135,checkout_abandonment,unknown,88598.67,4,3,417012.85,0.72,0.03,72.0,RETRY_LATER,1,88598.67
7b4bb10d-a9f5-4077-83de-3bef42e9b135,checkout_abandonment,unknown,88598.67,4,3,417012.85,0.72,0.03,72.0,SEND_REMINDER,1,88598.67
7b4bb10d-a9f5-4077-83de-3bef42e9b135,checkout_abandonment,unknown,88598.67,4,3,417012.85,0.72,0.03,72.0,SUGGEST_ALTERNATIVE_PAYMENT,1,88598.67
7b4bb10d-a9f5-4077-83de-3bef42e9b135,checkout_abandonment,unknown,88598.67,4,3,417012.85,0.72,0.03,72.0,OFFER_INCENTIVE,1,88598.67
7b4bb10d-a9f5-4077-83de-3bef42e9b135,checkout_abandonment,unknown,88598.67,4,3,417012.85,0.72,0.03,72.0,ESCALATE_TO_HUMAN,1,88598.67
a85537ec-d9ba-4449-a249-25e073183fa4,overdue_invoice,customer_delay,77111.74,3,5,480658.12,0.81,0.9,118.0,RETRY_NOW,1,77111.74
a85537ec-d9ba-4449-a249-25e073183fa4,overdue_invoice,customer_delay,77111.74,3,5,480658.12,0.81,0.9,118.0,RETRY_LATER,1,77111.74
a85537ec-d9ba-4449-a249-25e073183fa4,overdue_invoice,customer_delay,77111.74,3,5,480658.12,0.81,0.9,118.0,SEND_REMINDER,0,0.0
a85537ec-d9ba-4449-a249-25e073183fa4,overdue_invoice,customer_delay,77111.74,3,5,480658.12,0.81,0.9,118.0,SUGGEST_ALTERNATIVE_PAYMENT,1,77111.74
a85537ec-d9ba-4449-a249-25e073183fa4,overdue_invoice,customer_delay,77111.74,3,5,480658.12,0.81,0.9,118.0,OFFER_INCENTIVE,0,0.0
a85537ec-d9ba-4449-a249-25e073183fa4,overdue_invoice,customer_delay,77111.74,3,5,480658.12,0.81,0.9,118.0,ESCALATE_TO_HUMAN,1,77111.74
86918eb4-556e-42a2-b152-8dff0261ed0d,overdue_invoice,forgotten_invoice,7294.48,2,4,152107.4,0.55,0.35,15.0,RETRY_NOW,0,0.0
86918eb4-556e-42a2-b152-8dff0261ed0d,overdue_invoice,forgotten_invoice,7294.48,2,4,152107.4,0.55,0.35,15.0,RETRY_LATER,1,7294.48
86918eb4-556e-42a2-b152-8dff0261ed0d,overdue_invoice,forgotten_invoice,7294.48,2,4,152107.4,0.55,0.35,15.0,SEND_REMINDER,0,0.0
86918eb4-556e-42a2-b152-8dff0261ed0d,overdue_invoice,forgotten_invoice,7294.48,2,4,152107.4,0.55,0.35,15.0,SUGGEST_ALTERNATIVE_PAYMENT,0,0.0
86918eb4-556e-42a2-b152-8dff0261ed0d,overdue_invoice,forgotten_invoice,7294.48,2,4,152107.4,0.55,0.35,15.0,OFFER_INCENTIVE,0,0.0
86918eb4-556e-42a2-b152-8dff0261ed0d,overdue_invoice,forgotten_invoice,7294.48,2,4,152107.4,0.55,0.35,15.0,ESCALATE_TO_HUMAN,1,7294.48
f509f484-5d16-4730-9285-6481e77879fe,subscription_failure,card_expired,19684.73,3,5,82084.64,0.29,0.72,66.0,RETRY_NOW,0,0.0
f509f484-5d16-4730-9285-6481e77879fe,subscription_failure,card_expired,19684.73,3,5,82084.64,0.29,0.72,66.0,RETRY_LATER,0,0.0
f509f484-5d16-4730-9285-6481e77879fe,subscription_failure,card_expired,19684.73,3,5,82084.64,0.29,0.72,66.0,SEND_REMINDER,1,19684.73
f509f484-5d16-4730-9285-6481e77879fe,subscription_failure,card_expired,19684.73,3,5,82084.64,0.29,0.72,66.0,SUGGEST_ALTERNATIVE_PAYMENT,1,19684.73
f509f484-5d16-4730-9285-6481e77879fe,subscription_failure,card_expired,19684.73,3,5,82084.64,0.29,0.72,66.0,OFFER_INCENTIVE,1,19684.73
f509f484-5d16-4730-9285-6481e77879fe,subscription_failure,card_expired,19684.73,3,5,82084.64,0.29,0.72,66.0,ESCALATE_TO_HUMAN,0,0.0
f40b814d-197a-4a57-9edc-ec5bc51c5d43,checkout_abandonment,payment_method_unavailable,48199.72,0,1,167149.19,0.9,0.96,49.0,RETRY_NOW,1,48199.72
f40b814d-197a-4a57-9edc-ec5bc51c5d43,checkout_abandonment,payment_method_unavailable,48199.72,0,1,167149.19,0.9,0.96,49.0,RETRY_LATER,1,48199.72
f40b814d-197a-4a57-9edc-ec5bc51c5d43,checkout_abandonment,payment_method_unavailable,48199.72,0,1,167149.19,0.9,0.96,49.0,SEND_REMINDER,1,48199.72
f40b814d-197a-4a57-9edc-ec5bc51c5d43,checkout_abandonment,payment_method_unavailable,48199.72,0,1,167149.19,0.9,0.96,49.0,SUGGEST_ALTERNATIVE_PAYMENT,1,48199.72
f40b814d-197a-4a57-9edc-ec5bc51c5d43,checkout_abandonment,payment_method_unavailable,48199.72,0,1,167149.19,0.9,0.96,49.0,OFFER_INCENTIVE,1,48199.72
f40b814d-197a-4a57-9edc-ec5bc51c5d43,checkout_abandonment,payment_method_unavailable,48199.72,0,1,167149.19,0.9,0.96,49.0,ESCALATE_TO_HUMAN,1,48199.72
dbae4c27-ef84-4529-aa63-c0669c0510cd,subscription_failure,insufficient_funds,29288.66,0,1,429150.41,0.41,0.92,106.0,RETRY_NOW,1,29288.66
dbae4c27-ef84-4529-aa63-c0669c0510cd,subscription_failure,insufficient_funds,29288.66,0,1,429150.41,0.41,0.92,106.0,RETRY_LATER,1,29288.66
dbae4c27-ef84-4529-aa63-c0669c0510cd,subscription_failure,insufficient_funds,29288.66,0,1,429150.41,0.41,0.92,106.0,SEND_REMINDER,0,0.0
dbae4c27-ef84-4529-aa63-c0669c0510cd,subscription_failure,insufficient_funds,29288.66,0,1,429150.41,0.41,0.92,106.0,SUGGEST_ALTERNATIVE_PAYMENT,1,29288.66
dbae4c27-ef84-4529-aa63-c0669c0510cd,subscription_failure,insufficient_funds,29288.66,0,1,429150.41,0.41,0.92,106.0,OFFER_INCENTIVE,1,29288.66
dbae4c27-ef84-4529-aa63-c0669c0510cd,subscription_failure,insufficient_funds,29288.66,0,1,429150.41,0.41,0.92,106.0,ESCALATE_TO_HUMAN,1,29288.66
e8d374e9-6cf3-4e27-8428-8833aa2b9f72,checkout_abandonment,payment_method_unavailable,94931.62,1,1,106733.19,0.33,0.42,11.0,RETRY_NOW,1,94931.62
e8d374e9-6cf3-4e27-8428-8833aa2b9f72,checkout_abandonment,payment_method_unavailable,94931.62,1,1,106733.19,0.33,0.42,11.0,RETRY_LATER,0,0.0
e8d374e9-6cf3-4e27-8428-8833aa2b9f72,checkout_abandonment,payment_method_unavailable,94931.62,1,1,106733.19,0.33,0.42,11.0,SEND_REMINDER,1,94931.62
e8d374e9-6cf3-4e27-8428-8833aa2b9f72,checkout_abandonment,payment_method_unavailable,94931.62,1,1,106733.19,0.33,0.42,11.0,SUGGEST_ALTERNATIVE_PAYMENT,1,94931.62
e8d374e9-6cf3-4e27-8428-8833aa2b9f72,checkout_abandonment,payment_method_unavailable,94931.62,1,1,106733.19,0.33,0.42,11.0,OFFER_INCENTIVE,0,0.0
e8d374e9-6cf3-4e27-8428-8833aa2b9f72,checkout_abandonment,payment_method_unavailable,94931.62,1,1,106733.19,0.33,0.42,11.0,ESCALATE_TO_HUMAN,0,0.0
a704a9c6-ac24-4000-9ebd-e86505e8ead8,payment_failure,temporary_bank_failure,33443.91,4,5,205230.65,0.98,0.27,139.0,RETRY_NOW,0,0.0
a704a9c6-ac24-4000-9ebd-e86505e8ead8,payment_failure,temporary_bank_failure,33443.91,4,5,205230.65,0.98,0.27,139.0,RETRY_LATER,1,33443.91
a704a9c6-ac24-4000-9ebd-e86505e8ead8,payment_failure,temporary_bank_failure,33443.91,4,5,205230.65,0.98,0.27,139.0,SEND_REMINDER,1,33443.91
a704a9c6-ac24-4000-9ebd-e86505e8ead8,payment_failure,temporary_bank_failure,33443.91,4,5,205230.65,0.98,0.27,139.0,SUGGEST_ALTERNATIVE_PAYMENT,0,0.0
a704a9c6-ac24-4000-9ebd-e86505e8ead8,payment_failure,temporary_bank_failure,33443.91,4,5,205230.65,0.98,0.27,139.0,OFFER_INCENTIVE,0,0.0
a704a9c6-ac24-4000-9ebd-e86505e8ead8,payment_failure,temporary_bank_failure,33443.91,4,5,205230.65,0.98,0.27,139.0,ESCALATE_TO_HUMAN,0,0.0
6b54364b-7510-4b02-980c-62313667ca47,checkout_abandonment,unknown,49496.0,3,0,371512.93,0.86,0.61,66.0,RETRY_NOW,0,0.0
6b54364b-7510-4b02-980c-62313667ca47,checkout_abandonment,unknown,49496.0,3,0,371512.93,0.86,0.61,66.0,RETRY_LATER,0,0.0
6b54364b-7510-4b02-980c-62313667ca47,checkout_abandonment,unknown,49496.0,3,0,371512.93,0.86,0.61,66.0,SEND_REMINDER,1,49496.0
6b54364b-7510-4b02-980c-62313667ca47,checkout_abandonment,unknown,49496.0,3,0,371512.93,0.86,0.61,66.0,SUGGEST_ALTERNATIVE_PAYMENT,1,49496.0
6b54364b-7510-4b02-980c-62313667ca47,checkout_abandonment,unknown,49496.0,3,0,371512.93,0.86,0.61,66.0,OFFER_INCENTIVE,0,0.0
6b54364b-7510-4b02-980c-62313667ca47,checkout_abandonment,unknown,49496.0,3,0,371512.93,0.86,0.61,66.0,ESCALATE_TO_HUMAN,1,49496.0
53af19a0-735e-4c0b-b904-ffe1a7abffff,subscription_failure,authentication_failed,10770.89,2,5,317149.92,0.97,0.58,68.0,RETRY_NOW,0,0.0
53af19a0-735e-4c0b-b904-ffe1a7abffff,subscription_failure,authentication_failed,10770.89,2,5,317149.92,0.97,0.58,68.0,RETRY_LATER,1,10770.89
53af19a0-735e-4c0b-b904-ffe1a7abffff,subscription_failure,authentication_failed,10770.89,2,5,317149.92,0.97,0.58,68.0,SEND_REMINDER,1,10770.89
53af19a0-735e-4c0b-b904-ffe1a7abffff,subscription_failure,authentication_failed,10770.89,2,5,317149.92,0.97,0.58,68.0,SUGGEST_ALTERNATIVE_PAYMENT,0,0.0
53af19a0-735e-4c0b-b904-ffe1a7abffff,subscription_failure,authentication_failed,10770.89,2,5,317149.92,0.97,0.58,68.0,OFFER_INCENTIVE,1,10770.89
53af19a0-735e-4c0b-b904-ffe1a7abffff,subscription_failure,authentication_failed,10770.89,2,5,317149.92,0.97,0.58,68.0,ESCALATE_TO_HUMAN,1,10770.89
0a8e11e0-bacb-4933-a6c3-60096650652f,overdue_invoice,invoice_dispute,37352.56,1,3,265378.44,0.23,0.35,98.0,RETRY_NOW,1,37352.56
0a8e11e0-bacb-4933-a6c3-60096650652f,overdue_invoice,invoice_dispute,37352.56,1,3,265378.44,0.23,0.35,98.0,RETRY_LATER,0,0.0
0a8e11e0-bacb-4933-a6c3-60096650652f,overdue_invoice,invoice_dispute,37352.56,1,3,265378.44,0.23,0.35,98.0,SEND_REMINDER,0,0.0
0a8e11e0-bacb-4933-a6c3-60096650652f,overdue_invoice,invoice_dispute,37352.56,1,3,265378.44,0.23,0.35,98.0,SUGGEST_ALTERNATIVE_PAYMENT,1,37352.56
0a8e11e0-bacb-4933-a6c3-60096650652f,overdue_invoice,invoice_dispute,37352.56,1,3,265378.44,0.23,0.35,98.0,OFFER_INCENTIVE,0,0.0
0a8e11e0-bacb-4933-a6c3-60096650652f,overdue_invoice,invoice_dispute,37352.56,1,3,265378.44,0.23,0.35,98.0,ESCALATE_TO_HUMAN,1,37352.56
d5c48ab3-815a-4ff6-9f1b-1398f1be91cb,checkout_abandonment,price_hesitation,63260.06,3,5,397628.28,0.84,0.48,92.0,RETRY_NOW,0,0.0
d5c48ab3-815a-4ff6-9f1b-1398f1be91cb,checkout_abandonment,price_hesitation,63260.06,3,5,397628.28,0.84,0.48,92.0,RETRY_LATER,1,63260.06
d5c48ab3-815a-4ff6-9f1b-1398f1be91cb,checkout_abandonment,price_hesitation,63260.06,3,5,397628.28,0.84,0.48,92.0,SEND_REMINDER,1,63260.06
d5c48ab3-815a-4ff6-9f1b-1398f1be91cb,checkout_abandonment,price_hesitation,63260.06,3,5,397628.28,0.84,0.48,92.0,SUGGEST_ALTERNATIVE_PAYMENT,0,0.0
d5c48ab3-815a-4ff6-9f1b-1398f1be91cb,checkout_abandonment,price_hesitation,63260.06,3,5,397628.28,0.84,0.48,92.0,OFFER_INCENTIVE,1,63260.06
d5c48ab3-815a-4ff6-9f1b-1398f1be91cb,checkout_abandonment,price_hesitation,63260.06,3,5,397628.28,0.84,0.48,92.0,ESCALATE_TO_HUMAN,0,0.0
4525291a-364b-4234-bf71-0f06a7414759,payment_failure,authentication_failed,25150.5,4,4,220271.47,0.55,0.36,41.0,RETRY_NOW,1,25150.5
4525291a-364b-4234-bf71-0f06a7414759,payment_failure,authentication_failed,25150.5,4,4,220271.47,0.55,0.36,41.0,RETRY_LATER,0,0.0
4525291a-364b-4234-bf71-0f06a7414759,payment_failure,authentication_failed,25150.5,4,4,220271.47,0.55,0.36,41.0,SEND_REMINDER,1,25150.5
4525291a-364b-4234-bf71-0f06a7414759,payment_failure,authentication_failed,25150.5,4,4,220271.47,0.55,0.36,41.0,SUGGEST_ALTERNATIVE_PAYMENT,1,25150.5
4525291a-364b-4234-bf71-0f06a7414759,payment_failure,authentication_failed,25150.5,4,4,220271.47,0.55,0.36,41.0,OFFER_INCENTIVE,1,25150.5
4525291a-364b-4234-bf71-0f06a7414759,payment_failure,authentication_failed,25150.5,4,4,220271.47,0.55,0.36,41.0,ESCALATE_TO_HUMAN,0,0.0
fbc248fd-82fe-4b26-b44c-79e01e0b1828,payment_failure,technical_error,26697.95,2,4,113894.9,0.57,0.15,16.0,RETRY_NOW,0,0.0
fbc248fd-82fe-4b26-b44c-79e01e0b1828,payment_failure,technical_error,26697.95,2,4,113894.9,0.57,0.15,16.0,RETRY_LATER,1,26697.95
fbc248fd-82fe-4b26-b44c-79e01e0b1828,payment_failure,technical_error,26697.95,2,4,113894.9,0.57,0.15,16.0,SEND_REMINDER,1,26697.95
fbc248fd-82fe-4b26-b44c-79e01e0b1828,payment_failure,technical_error,26697.95,2,4,113894.9,0.57,0.15,16.0,SUGGEST_ALTERNATIVE_PAYMENT,1,26697.95
fbc248fd-82fe-4b26-b44c-79e01e0b1828,payment_failure,technical_error,26697.95,2,4,113894.9,0.57,0.15,16.0,OFFER_INCENTIVE,0,0.0
fbc248fd-82fe-4b26-b44c-79e01e0b1828,payment_failure,technical_error,26697.95,2,4,113894.9,0.57,0.15,16.0,ESCALATE_TO_HUMAN,1,26697.95
6d72f223-e669-4216-a37d-c73b671dc003,payment_failure,technical_error,13981.21,4,3,198450.3,0.21,0.44,85.0,RETRY_NOW,0,0.0
6d72f223-e669-4216-a37d-c73b671dc003,payment_failure,technical_error,13981.21,4,3,198450.3,0.21,0.44,85.0,RETRY_LATER,1,13981.21
6d72f223-e669-4216-a37d-c73b671dc003,payment_failure,technical_error,13981.21,4,3,198450.3,0.21,0.44,85.0,SEND_REMINDER,0,0.0
6d72f223-e669-4216-a37d-c73b671dc003,payment_failure,technical_error,13981.21,4,3,198450.3,0.21,0.44,85.0,SUGGEST_ALTERNATIVE_PAYMENT,1,13981.21
6d72f223-e669-4216-a37d-c73b671dc003,payment_failure,technical_error,13981.21,4,3,198450.3,0.21,0.44,85.0,OFFER_INCENTIVE,0,0.0
6d72f223-e669-4216-a37d-c73b671dc003,payment_failure,technical_error,13981.21,4,3,198450.3,0.21,0.44,85.0,ESCALATE_TO_HUMAN,0,0.0
264d5ef1-27f8-407b-a936-71a581ca22dc,overdue_invoice,customer_delay,30353.4,3,0,284349.43,0.65,0.06,42.0,RETRY_NOW,1,30353.4
264d5ef1-27f8-407b-a936-71a581ca22dc,overdue_invoice,customer_delay,30353.4,3,0,284349.43,0.65,0.06,42.0,RETRY_LATER,0,0.0
264d5ef1-27f8-407b-a936-71a581ca22dc,overdue_invoice,customer_delay,30353.4,3,0,284349.43,0.65,0.06,42.0,SEND_REMINDER,1,30353.4
264d5ef1-27f8-407b-a936-71a581ca22dc,overdue_invoice,customer_delay,30353.4,3,0,284349.43,0.65,0.06,42.0,SUGGEST_ALTERNATIVE_PAYMENT,1,30353.4
264d5ef1-27f8-407b-a936-71a581ca22dc,overdue_invoice,customer_delay,30353.4,3,0,284349.43,0.65,0.06,42.0,OFFER_INCENTIVE,1,30353.4
264d5ef1-27f8-407b-a936-71a581ca22dc,overdue_invoice,customer_delay,30353.4,3,0,284349.43,0.65,0.06,42.0,ESCALATE_TO_HUMAN,1,30353.4
15c387a3-4ee1-46ef-afc4-fbca9c3648a9,subscription_failure,mandate_failed,44751.22,0,1,52013.48,0.81,0.45,111.0,RETRY_NOW,1,44751.22
15c387a3-4ee1-46ef-afc4-fbca9c3648a9,subscription_failure,mandate_failed,44751.22,0,1,52013.48,0.81,0.45,111.0,RETRY_LATER,1,44751.22
15c387a3-4ee1-46ef-afc4-fbca9c3648a9,subscription_failure,mandate_failed,44751.22,0,1,52013.48,0.81,0.45,111.0,SEND_REMINDER,1,44751.22
15c387a3-4ee1-46ef-afc4-fbca9c3648a9,subscription_failure,mandate_failed,44751.22,0,1,52013.48,0.81,0.45,111.0,SUGGEST_ALTERNATIVE_PAYMENT,1,44751.22
15c387a3-4ee1-46ef-afc4-fbca9c3648a9,subscription_failure,mandate_failed,44751.22,0,1,52013.48,0.81,0.45,111.0,OFFER_INCENTIVE,0,0.0
15c387a3-4ee1-46ef-afc4-fbca9c3648a9,subscription_failure,mandate_failed,44751.22,0,1,52013.48,0.81,0.45,111.0,ESCALATE_TO_HUMAN,1,44751.22
2765843e-9766-4e62-b303-cd3714538493,subscription_failure,card_expired,31232.17,3,1,171524.44,0.96,1.0,58.0,RETRY_NOW,0,0.0
2765843e-9766-4e62-b303-cd3714538493,subscription_failure,card_expired,31232.17,3,1,171524.44,0.96,1.0,58.0,RETRY_LATER,1,31232.17
2765843e-9766-4e62-b303-cd3714538493,subscription_failure,card_expired,31232.17,3,1,171524.44,0.96,1.0,58.0,SEND_REMINDER,0,0.0
2765843e-9766-4e62-b303-cd3714538493,subscription_failure,card_expired,31232.17,3,1,171524.44,0.96,1.0,58.0,SUGGEST_ALTERNATIVE_PAYMENT,1,31232.17
2765843e-9766-4e62-b303-cd3714538493,subscription_failure,card_expired,31232.17,3,1,171524.44,0.96,1.0,58.0,OFFER_INCENTIVE,1,31232.17
2765843e-9766-4e62-b303-cd3714538493,subscription_failure,card_expired,31232.17,3,1,171524.44,0.96,1.0,58.0,ESCALATE_TO_HUMAN,1,31232.17
f1270544-8936-430d-a8bd-23391f5f6697,checkout_abandonment,unknown,97947.63,4,3,163220.05,0.43,0.89,115.0,RETRY_NOW,1,97947.63
f1270544-8936-430d-a8bd-23391f5f6697,checkout_abandonment,unknown,97947.63,4,3,163220.05,0.43,0.89,115.0,RETRY_LATER,1,97947.63
f1270544-8936-430d-a8bd-23391f5f6697,checkout_abandonment,unknown,97947.63,4,3,163220.05,0.43,0.89,115.0,SEND_REMINDER,1,97947.63
f1270544-8936-430d-a8bd-23391f5f6697,checkout_abandonment,unknown,97947.63,4,3,163220.05,0.43,0.89,115.0,SUGGEST_ALTERNATIVE_PAYMENT,0,0.0
f1270544-8936-430d-a8bd-23391f5f6697,checkout_abandonment,unknown,97947.63,4,3,163220.05,0.43,0.89,115.0,OFFER_INCENTIVE,0,0.0
f1270544-8936-430d-a8bd-23391f5f6697,checkout_abandonment,unknown,97947.63,4,3,163220.05,0.43,0.89,115.0,ESCALATE_TO_HUMAN,1,97947.63
5ccd0e5e-f50b-4eb2-9446-dc3f4f35c62d,subscription_failure,card_expired,91830.67,1,2,66114.28,0.36,0.02,16.0,RETRY_NOW,1,91830.67
5ccd0e5e-f50b-4eb2-9446-dc3f4f35c62d,subscription_failure,card_expired,91830.67,1,2,66114.28,0.36,0.02,16.0,RETRY_LATER,0,0.0
5ccd0e5e-f50b-4eb2-9446-dc3f4f35c62d,subscription_failure,card_expired,91830.67,1,2,66114.28,0.36,0.02,16.0,SEND_REMINDER,0,0.0
5ccd0e5e-f50b-4eb2-9446-dc3f4f35c62d,subscription_failure,card_expired,91830.67,1,2,66114.28,0.36,0.02,16.0,SUGGEST_ALTERNATIVE_PAYMENT,1,91830.67
5ccd0e5e-f50b-4eb2-9446-dc3f4f35c62d,subscription_failure,card_expired,91830.67,1,2,66114.28,0.36,0.02,16.0,OFFER_INCENTIVE,1,91830.67
5ccd0e5e-f50b-4eb2-9446-dc3f4f35c62d,subscription_failure,card_expired,91830.67,1,2,66114.28,0.36,0.02,16.0,ESCALATE_TO_HUMAN,0,0.0
324ec439-8e6e-4d3d-98a6-0ce7db3b5980,subscription_failure,mandate_failed,45680.86,1,0,253472.91,0.82,0.86,159.0,RETRY_NOW,1,45680.86
324ec439-8e6e-4d3d-98a6-0ce7db3b5980,subscription_failure,mandate_failed,45680.86,1,0,253472.91,0.82,0.86,159.0,RETRY_LATER,1,45680.86
324ec439-8e6e-4d3d-98a6-0ce7db3b5980,subscription_failure,mandate_failed,45680.86,1,0,253472.91,0.82,0.86,159.0,SEND_REMINDER,0,0.0
324ec439-8e6e-4d3d-98a6-0ce7db3b5980,subscription_failure,mandate_failed,45680.86,1,0,253472.91,0.82,0.86,159.0,SUGGEST_ALTERNATIVE_PAYMENT,1,45680.86
324ec439-8e6e-4d3d-98a6-0ce7db3b5980,subscription_failure,mandate_failed,45680.86,1,0,253472.91,0.82,0.86,159.0,OFFER_INCENTIVE,1,45680.86
324ec439-8e6e-4d3d-98a6-0ce7db3b5980,subscription_failure,mandate_failed,45680.86,1,0,253472.91,0.82,0.86,159.0,ESCALATE_TO_HUMAN,1,45680.86
40e236d7-c846-459f-a7b7-1e73ffd9e98c,checkout_abandonment,high_friction,11904.94,0,4,284079.03,0.74,0.64,119.0,RETRY_NOW,1,11904.94
40e236d7-c846-459f-a7b7-1e73ffd9e98c,checkout_abandonment,high_friction,11904.94,0,4,284079.03,0.74,0.64,119.0,RETRY_LATER,1,11904.94
40e236d7-c846-459f-a7b7-1e73ffd9e98c,checkout_abandonment,high_friction,11904.94,0,4,284079.03,0.74,0.64,119.0,SEND_REMINDER,1,11904.94
40e236d7-c846-459f-a7b7-1e73ffd9e98c,checkout_abandonment,high_friction,11904.94,0,4,284079.03,0.74,0.64,119.0,SUGGEST_ALTERNATIVE_PAYMENT,1,11904.94
40e236d7-c846-459f-a7b7-1e73ffd9e98c,checkout_abandonment,high_friction,11904.94,0,4,284079.03,0.74,0.64,119.0,OFFER_INCENTIVE,0,0.0
40e236d7-c846-459f-a7b7-1e73ffd9e98c,checkout_abandonment,high_friction,11904.94,0,4,284079.03,0.74,0.64,119.0,ESCALATE_TO_HUMAN,1,11904.94
c003f442-59e2-486a-9399-fa53a738d935,subscription_failure,card_expired,17833.17,4,2,347086.64,0.97,0.67,58.0,RETRY_NOW,1,17833.17
c003f442-59e2-486a-9399-fa53a738d935,subscription_failure,card_expired,17833.17,4,2,347086.64,0.97,0.67,58.0,RETRY_LATER,1,17833.17
c003f442-59e2-486a-9399-fa53a738d935,subscription_failure,card_expired,17833.17,4,2,347086.64,0.97,0.67,58.0,SEND_REMINDER,1,17833.17
c003f442-59e2-486a-9399-fa53a738d935,subscription_failure,card_expired,17833.17,4,2,347086.64,0.97,0.67,58.0,SUGGEST_ALTERNATIVE_PAYMENT,1,17833.17
c003f442-59e2-486a-9399-fa53a738d935,subscription_failure,card_expired,17833.17,4,2,347086.64,0.97,0.67,58.0,OFFER_INCENTIVE,1,17833.17
c003f442-59e2-486a-9399-fa53a738d935,subscription_failure,card_expired,17833.17,4,2,347086.64,0.97,0.67,58.0,ESCALATE_TO_HUMAN,1,17833.17
c6079b80-7c46-4cd5-9933-b2f9855598fa,subscription_failure,insufficient_funds,97063.92,3,4,67552.54,0.56,0.3,132.0,RETRY_NOW,1,97063.92
c6079b80-7c46-4cd5-9933-b2f9855598fa,subscription_failure,insufficient_funds,97063.92,3,4,67552.54,0.56,0.3,132.0,RETRY_LATER,0,0.0
c6079b80-7c46-4cd5-9933-b2f9855598fa,subscription_failure,insufficient_funds,97063.92,3,4,67552.54,0.56,0.3,132.0,SEND_REMINDER,1,97063.92
c6079b80-7c46-4cd5-9933-b2f9855598fa,subscription_failure,insufficient_funds,97063.92,3,4,67552.54,0.56,0.3,132.0,SUGGEST_ALTERNATIVE_PAYMENT,0,0.0
c6079b80-7c46-4cd5-9933-b2f9855598fa,subscription_failure,insufficient_funds,97063.92,3,4,67552.54,0.56,0.3,132.0,OFFER_INCENTIVE,0,0.0
c6079b80-7c46-4cd5-9933-b2f9855598fa,subscription_failure,insufficient_funds,97063.92,3,4,67552.54,0.56,0.3,132.0,ESCALATE_TO_HUMAN,1,97063.92
a3ca1af0-3984-468f-a5b6-db4b27fbd3aa,payment_failure,temporary_bank_failure,26888.64,2,0,34829.6,0.4,0.05,1.0,RETRY_NOW,1,26888.64
a3ca1af0-3984-468f-a5b6-db4b27fbd3aa,payment_failure,temporary_bank_failure,26888.64,2,0,34829.6,0.4,0.05,1.0,RETRY_LATER,0,0.0
a3ca1af0-3984-468f-a5b6-db4b27fbd3aa,payment_failure,temporary_bank_failure,26888.64,2,0,34829.6,0.4,0.05,1.0,SEND_REMINDER,0,0.0
a3ca1af0-3984-468f-a5b6-db4b27fbd3aa,payment_failure,temporary_bank_failure,26888.64,2,0,34829.6,0.4,0.05,1.0,SUGGEST_ALTERNATIVE_PAYMENT,1,26888.64
a3ca1af0-3984-468f-a5b6-db4b27fbd3aa,payment_failure,temporary_bank_failure,26888.64,2,0,34829.6,0.4,0.05,1.0,OFFER_INCENTIVE,1,26888.64
a3ca1af0-3984-468f-a5b6-db4b27fbd3aa,payment_failure,temporary_bank_failure,26888.64,2,0,34829.6,0.4,0.05,1.0,ESCALATE_TO_HUMAN,1,26888.64
855cbe8c-16a1-4b4a-a957-da8fe074abd7,subscription_failure,mandate_failed,47975.55,2,4,429667.57,0.39,0.41,140.0,RETRY_NOW,1,47975.55
855cbe8c-16a1-4b4a-a957-da8fe074abd7,subscription_failure,mandate_failed,47975.55,2,4,429667.57,0.39,0.41,140.0,RETRY_LATER,1,47975.55
855cbe8c-16a1-4b4a-a957-da8fe074abd7,subscription_failure,mandate_failed,47975.55,2,4,429667.57,0.39,0.41,140.0,SEND_REMINDER,1,47975.55
855cbe8c-16a1-4b4a-a957-da8fe074abd7,subscription_failure,mandate_failed,47975.55,2,4,429667.57,0.39,0.41,140.0,SUGGEST_ALTERNATIVE_PAYMENT,1,47975.55
855cbe8c-16a1-4b4a-a957-da8fe074abd7,subscription_failure,mandate_failed,47975.55,2,4,429667.57,0.39,0.41,140.0,OFFER_INCENTIVE,0,0.0
855cbe8c-16a1-4b4a-a957-da8fe074abd7,subscription_failure,mandate_failed,47975.55,2,4,429667.57,0.39,0.41,140.0,ESCALATE_TO_HUMAN,1,47975.55
5cf1f604-004b-453e-be0b-c3cc0ff66a2e,payment_failure,technical_error,85273.87,2,3,86085.63,0.73,0.27,160.0,RETRY_NOW,0,0.0
5cf1f604-004b-453e-be0b-c3cc0ff66a2e,payment_failure,technical_error,85273.87,2,3,86085.63,0.73,0.27,160.0,RETRY_LATER,0,0.0
5cf1f604-004b-453e-be0b-c3cc0ff66a2e,payment_failure,technical_error,85273.87,2,3,86085.63,0.73,0.27,160.0,SEND_REMINDER,0,0.0
5cf1f604-004b-453e-be0b-c3cc0ff66a2e,payment_failure,technical_error,85273.87,2,3,86085.63,0.73,0.27,160.0,SUGGEST_ALTERNATIVE_PAYMENT,1,85273.87
5cf1f604-004b-453e-be0b-c3cc0ff66a2e,payment_failure,technical_error,85273.87,2,3,86085.63,0.73,0.27,160.0,OFFER_INCENTIVE,1,85273.87
5cf1f604-004b-453e-be0b-c3cc0ff66a2e,payment_failure,technical_error,85273.87,2,3,86085.63,0.73,0.27,160.0,ESCALATE_TO_HUMAN,1,85273.87
d710ba78-51b5-4bc5-80b1-0493a22f9f3a,checkout_abandonment,price_hesitation,74226.42,4,1,46787.08,0.98,0.42,97.0,RETRY_NOW,0,0.0
d710ba78-51b5-4bc5-80b1-0493a22f9f3a,checkout_abandonment,price_hesitation,74226.42,4,1,46787.08,0.98,0.42,97.0,RETRY_LATER,1,74226.42
d710ba78-51b5-4bc5-80b1-0493a22f9f3a,checkout_abandonment,price_hesitation,74226.42,4,1,46787.08,0.98,0.42,97.0,SEND_REMINDER,0,0.0
d710ba78-51b5-4bc5-80b1-0493a22f9f3a,checkout_abandonment,price_hesitation,74226.42,4,1,46787.08,0.98,0.42,97.0,SUGGEST_ALTERNATIVE_PAYMENT,0,0.0
d710ba78-51b5-4bc5-80b1-0493a22f9f3a,checkout_abandonment,price_hesitation,74226.42,4,1,46787.08,0.98,0.42,97.0,OFFER_INCENTIVE,1,74226.42
d710ba78-51b5-4bc5-80b1-0493a22f9f3a,checkout_abandonment,price_hesitation,74226.42,4,1,46787.08,0.98,0.42,97.0,ESCALATE_TO_HUMAN,1,74226.42
4865fb8d-850d-4e5b-bf24-a2488601aa42,payment_failure,authentication_failed,10469.7,1,0,236729.55,0.46,0.98,141.0,RETRY_NOW,1,10469.7
4865fb8d-850d-4e5b-bf24-a2488601aa42,payment_failure,authentication_failed,10469.7,1,0,236729.55,0.46,0.98,141.0,RETRY_LATER,1,10469.7
4865fb8d-850d-4e5b-bf24-a2488601aa42,payment_failure,authentication_failed,10469.7,1,0,236729.55,0.46,0.98,141.0,SEND_REMINDER,0,0.0
4865fb8d-850d-4e5b-bf24-a2488601aa42,payment_failure,authentication_failed,10469.7,1,0,236729.55,0.46,0.98,141.0,SUGGEST_ALTERNATIVE_PAYMENT,1,10469.7
4865fb8d-850d-4e5b-bf24-a2488601aa42,payment_failure,authentication_failed,10469.7,1,0,236729.55,0.46,0.98,141.0,OFFER_INCENTIVE,1,10469.7
4865fb8d-850d-4e5b-bf24-a2488601aa42,payment_failure,authentication_failed,10469.7,1,0,236729.55,0.46,0.98,141.0,ESCALATE_TO_HUMAN,0,0.0
fe362c14-c574-46bc-8847-1a8ffad70811,payment_failure,payment_timeout,78761.79,3,0,261758.44,0.7,0.15,107.0,RETRY_NOW,1,78761.79
fe362c14-c574-46bc-8847-1a8ffad70811,payment_failure,payment_timeout,78761.79,3,0,261758.44,0.7,0.15,107.0,RETRY_LATER,1,78761.79
fe362c14-c574-46bc-8847-1a8ffad70811,payment_failure,payment_timeout,78761.79,3,0,261758.44,0.7,0.15,107.0,SEND_REMINDER,0,0.0
fe362c14-c574-46bc-8847-1a8ffad70811,payment_failure,payment_timeout,78761.79,3,0,261758.44,0.7,0.15,107.0,SUGGEST_ALTERNATIVE_PAYMENT,0,0.0
fe362c14-c574-46bc-8847-1a8ffad70811,payment_failure,payment_timeout,78761.79,3,0,261758.44,0.7,0.15,107.0,OFFER_INCENTIVE,0,0.0
fe362c14-c574-46bc-8847-1a8ffad70811,payment_failure,payment_timeout,78761.79,3,0,261758.44,0.7,0.15,107.0,ESCALATE_TO_HUMAN,1,78761.79
4a13c8b9-5fd3-4fa5-8e0c-2794297944dd,checkout_abandonment,price_hesitation,85421.46,3,4,145508.05,0.35,0.27,116.0,RETRY_NOW,0,0.0
4a13c8b9-5fd3-4fa5-8e0c-2794297944dd,checkout_abandonment,price_hesitation,85421.46,3,4,145508.05,0.35,0.27,116.0,RETRY_LATER,1,85421.46
4a13c8b9-5fd3-4fa5-8e0c-2794297944dd,checkout_abandonment,price_hesitation,85421.46,3,4,145508.05,0.35,0.27,116.0,SEND_REMINDER,1,85421.46
4a13c8b9-5fd3-4fa5-8e0c-2794297944dd,checkout_abandonment,price_hesitation,85421.46,3,4,145508.05,0.35,0.27,116.0,SUGGEST_ALTERNATIVE_PAYMENT,1,85421.46
4a13c8b9-5fd3-4fa5-8e0c-2794297944dd,checkout_abandonment,price_hesitation,85421.46,3,4,145508.05,0.35,0.27,116.0,OFFER_INCENTIVE,0,0.0
4a13c8b9-5fd3-4fa5-8e0c-2794297944dd,checkout_abandonment,price_hesitation,85421.46,3,4,145508.05,0.35,0.27,116.0,ESCALATE_TO_HUMAN,1,85421.46
0745d97f-d66b-4fc4-ade7-43942e51181b,subscription_failure,mandate_failed,73151.09,1,0,145101.49,0.97,0.96,34.0,RETRY_NOW,0,0.0
0745d97f-d66b-4fc4-ade7-43942e51181b,subscription_failure,mandate_failed,73151.09,1,0,145101.49,0.97,0.96,34.0,RETRY_LATER,1,73151.09
0745d97f-d66b-4fc4-ade7-43942e51181b,subscription_failure,mandate_failed,73151.09,1,0,145101.49,0.97,0.96,34.0,SEND_REMINDER,1,73151.09
0745d97f-d66b-4fc4-ade7-43942e51181b,subscription_failure,mandate_failed,73151.09,1,0,145101.49,0.97,0.96,34.0,SUGGEST_ALTERNATIVE_PAYMENT,0,0.0
0745d97f-d66b-4fc4-ade7-43942e51181b,subscription_failure,mandate_failed,73151.09,1,0,145101.49,0.97,0.96,34.0,OFFER_INCENTIVE,1,73151.09
0745d97f-d66b-4fc4-ade7-43942e51181b,subscription_failure,mandate_failed,73151.09,1,0,145101.49,0.97,0.96,34.0,ESCALATE_TO_HUMAN,1,73151.09
d47d7eae-5139-482d-b4ae-513820864792,payment_failure,payment_timeout,45435.15,1,4,22165.54,0.86,0.4,138.0,RETRY_NOW,0,0.0
d47d7eae-5139-482d-b4ae-513820864792,payment_failure,payment_timeout,45435.15,1,4,22165.54,0.86,0.4,138.0,RETRY_LATER,1,45435.15
d47d7eae-5139-482d-b4ae-513820864792,payment_failure,payment_timeout,45435.15,1,4,22165.54,0.86,0.4,138.0,SEND_REMINDER,1,45435.15
d47d7eae-5139-482d-b4ae-513820864792,payment_failure,payment_timeout,45435.15,1,4,22165.54,0.86,0.4,138.0,SUGGEST_ALTERNATIVE_PAYMENT,1,45435.15
d47d7eae-5139-482d-b4ae-513820864792,payment_failure,payment_timeout,45435.15,1,4,22165.54,0.86,0.4,138.0,OFFER_INCENTIVE,1,45435.15
d47d7eae-5139-482d-b4ae-513820864792,payment_failure,payment_timeout,45435.15,1,4,22165.54,0.86,0.4,138.0,ESCALATE_TO_HUMAN,1,45435.15
54894abb-5954-4a9d-a78c-66eda774f4e9,subscription_failure,authentication_failed,23207.68,2,4,146386.82,0.45,0.4,166.0,RETRY_NOW,0,0.0
54894abb-5954-4a9d-a78c-66eda774f4e9,subscription_failure,authentication_failed,23207.68,2,4,146386.82,0.45,0.4,166.0,RETRY_LATER,0,0.0
54894abb-5954-4a9d-a78c-66eda774f4e9,subscription_failure,authentication_failed,23207.68,2,4,146386.82,0.45,0.4,166.0,SEND_REMINDER,0,0.0
54894abb-5954-4a9d-a78c-66eda774f4e9,subscription_failure,authentication_failed,23207.68,2,4,146386.82,0.45,0.4,166.0,SUGGEST_ALTERNATIVE_PAYMENT,0,0.0
54894abb-5954-4a9d-a78c-66eda774f4e9,subscription_failure,authentication_failed,23207.68,2,4,146386.82,0.45,0.4,166.0,OFFER_INCENTIVE,0,0.0
54894abb-5954-4a9d-a78c-66eda774f4e9,subscription_failure,authentication_failed,23207.68,2,4,146386.82,0.45,0.4,166.0,ESCALATE_TO_HUMAN,0,0.0
81c0bb70-eba0-42da-b8ef-b5538b071647,payment_failure,authentication_failed,67875.36,1,4,491966.33,0.33,0.55,45.0,RETRY_NOW,1,67875.36
81c0bb70-eba0-42da-b8ef-b5538b071647,payment_failure,authentication_failed,67875.36,1,4,491966.33,0.33,0.55,45.0,RETRY_LATER,1,67875.36
81c0bb70-eba0-42da-b8ef-b5538b071647,payment_failure,authentication_failed,67875.36,1,4,491966.33,0.33,0.55,45.0,SEND_REMINDER,1,67875.36
81c0bb70-eba0-42da-b8ef-b5538b071647,payment_failure,authentication_failed,67875.36,1,4,491966.33,0.33,0.55,45.0,SUGGEST_ALTERNATIVE_PAYMENT,1,67875.36
81c0bb70-eba0-42da-b8ef-b5538b071647,payment_failure,authentication_failed,67875.36,1,4,491966.33,0.33,0.55,45.0,OFFER_INCENTIVE,0,0.0
81c0bb70-eba0-42da-b8ef-b5538b071647,payment_failure,authentication_failed,67875.36,1,4,491966.33,0.33,0.55,45.0,ESCALATE_TO_HUMAN,1,67875.36
f28e78d0-d29e-40cd-ac94-4c255b05f8da,subscription_failure,authentication_failed,97434.83,2,5,413085.84,0.55,0.6,107.0,RETRY_NOW,1,97434.83
f28e78d0-d29e-40cd-ac94-4c255b05f8da,subscription_failure,authentication_failed,97434.83,2,5,413085.84,0.55,0.6,107.0,RETRY_LATER,1,97434.83
f28e78d0-d29e-40cd-ac94-4c255b05f8da,subscription_failure,authentication_failed,97434.83,2,5,413085.84,0.55,0.6,107.0,SEND_REMINDER,0,0.0
f28e78d0-d29e-40cd-ac94-4c255b05f8da,subscription_failure,authentication_failed,97434.83,2,5,413085.84,0.55,0.6,107.0,SUGGEST_ALTERNATIVE_PAYMENT,1,97434.83
f28e78d0-d29e-40cd-ac94-4c255b05f8da,subscription_failure,authentication_failed,97434.83,2,5,413085.84,0.55,0.6,107.0,OFFER_INCENTIVE,1,97434.83
f28e78d0-d29e-40cd-ac94-4c255b05f8da,subscription_failure,authentication_failed,97434.83,2,5,413085.84,0.55,0.6,107.0,ESCALATE_TO_HUMAN,1,97434.83
a436e375-1275-46a1-955c-991da32d2063,overdue_invoice,customer_delay,50126.59,3,4,12564.97,0.45,0.97,118.0,RETRY_NOW,0,0.0
a436e375-1275-46a1-955c-991da32d2063,overdue_invoice,customer_delay,50126.59,3,4,12564.97,0.45,0.97,118.0,RETRY_LATER,0,0.0
a436e375-1275-46a1-955c-991da32d2063,overdue_invoice,customer_delay,50126.59,3,4,12564.97,0.45,0.97,118.0,SEND_REMINDER,0,0.0
a436e375-1275-46a1-955c-991da32d2063,overdue_invoice,customer_delay,50126.59,3,4,12564.97,0.45,0.97,118.0,SUGGEST_ALTERNATIVE_PAYMENT,1,50126.59
a436e375-1275-46a1-955c-991da32d2063,overdue_invoice,customer_delay,50126.59,3,4,12564.97,0.45,0.97,118.0,OFFER_INCENTIVE,0,0.0
a436e375-1275-46a1-955c-991da32d2063,overdue_invoice,customer_delay,50126.59,3,4,12564.97,0.45,0.97,118.0,ESCALATE_TO_HUMAN,0,0.0
3d244101-3f6f-4182-8fa7-e9d12561e1a7,overdue_invoice,customer_delay,99455.27,0,5,15065.59,0.5,0.34,167.0,RETRY_NOW,1,99455.27
3d244101-3f6f-4182-8fa7-e9d12561e1a7,overdue_invoice,customer_delay,99455.27,0,5,15065.59,0.5,0.34,167.0,RETRY_LATER,1,99455.27
3d244101-3f6f-4182-8fa7-e9d12561e1a7,overdue_invoice,customer_delay,99455.27,0,5,15065.59,0.5,0.34,167.0,SEND_REMINDER,0,0.0
3d244101-3f6f-4182-8fa7-e9d12561e1a7,overdue_invoice,customer_delay,99455.27,0,5,15065.59,0.5,0.34,167.0,SUGGEST_ALTERNATIVE_PAYMENT,1,99455.27
3d244101-3f6f-4182-8fa7-e9d12561e1a7,overdue_invoice,customer_delay,99455.27,0,5,15065.59,0.5,0.34,167.0,OFFER_INCENTIVE,1,99455.27
3d244101-3f6f-4182-8fa7-e9d12561e1a7,overdue_invoice,customer_delay,99455.27,0,5,15065.59,0.5,0.34,167.0,ESCALATE_TO_HUMAN,1,99455.27
3ce20d07-5b06-42c5-a075-603f313ca90e,subscription_failure,authentication_failed,57958.74,1,2,409372.86,0.82,0.99,37.0,RETRY_NOW,1,57958.74
3ce20d07-5b06-42c5-a075-603f313ca90e,subscription_failure,authentication_failed,57958.74,1,2,409372.86,0.82,0.99,37.0,RETRY_LATER,1,57958.74
3ce20d07-5b06-42c5-a075-603f313ca90e,subscription_failure,authentication_failed,57958.74,1,2,409372.86,0.82,0.99,37.0,SEND_REMINDER,0,0.0
3ce20d07-5b06-42c5-a075-603f313ca90e,subscription_failure,authentication_failed,57958.74,1,2,409372.86,0.82,0.99,37.0,SUGGEST_ALTERNATIVE_PAYMENT,1,57958.74
3ce20d07-5b06-42c5-a075-603f313ca90e,subscription_failure,authentication_failed,57958.74,1,2,409372.86,0.82,0.99,37.0,OFFER_INCENTIVE,1,57958.74
3ce20d07-5b06-42c5-a075-603f313ca90e,subscription_failure,authentication_failed,57958.74,1,2,409372.86,0.82,0.99,37.0,ESCALATE_TO_HUMAN,1,57958.74
cfdab145-758f-4631-8519-2ed9a67fce98,overdue_invoice,cash_flow_issue,31793.11,0,1,139206.86,0.31,0.6,142.0,RETRY_NOW,0,0.0
cfdab145-758f-4631-8519-2ed9a67fce98,overdue_invoice,cash_flow_issue,31793.11,0,1,139206.86,0.31,0.6,142.0,RETRY_LATER,1,31793.11
cfdab145-758f-4631-8519-2ed9a67fce98,overdue_invoice,cash_flow_issue,31793.11,0,1,139206.86,0.31,0.6,142.0,SEND_REMINDER,1,31793.11
cfdab145-758f-4631-8519-2ed9a67fce98,overdue_invoice,cash_flow_issue,31793.11,0,1,139206.86,0.31,0.6,142.0,SUGGEST_ALTERNATIVE_PAYMENT,0,0.0
cfdab145-758f-4631-8519-2ed9a67fce98,overdue_invoice,cash_flow_issue,31793.11,0,1,139206.86,0.31,0.6,142.0,OFFER_INCENTIVE,1,31793.11
cfdab145-758f-4631-8519-2ed9a67fce98,overdue_invoice,cash_flow_issue,31793.11,0,1,139206.86,0.31,0.6,142.0,ESCALATE_TO_HUMAN,1,31793.11
32b818da-4b6b-4f13-9d89-90bfc598ce3b,overdue_invoice,cash_flow_issue,10213.49,0,2,226771.15,0.78,0.81,12.0,RETRY_NOW,0,0.0
32b818da-4b6b-4f13-9d89-90bfc598ce3b,overdue_invoice,cash_flow_issue,10213.49,0,2,226771.15,0.78,0.81,12.0,RETRY_LATER,1,10213.49
32b818da-4b6b-4f13-9d89-90bfc598ce3b,overdue_invoice,cash_flow_issue,10213.49,0,2,226771.15,0.78,0.81,12.0,SEND_REMINDER,1,10213.49
32b818da-4b6b-4f13-9d89-90bfc598ce3b,overdue_invoice,cash_flow_issue,10213.49,0,2,226771.15,0.78,0.81,12.0,SUGGEST_ALTERNATIVE_PAYMENT,0,0.0
32b818da-4b6b-4f13-9d89-90bfc598ce3b,overdue_invoice,cash_flow_issue,10213.49,0,2,226771.15,0.78,0.81,12.0,OFFER_INCENTIVE,1,10213.49
32b818da-4b6b-4f13-9d89-90bfc598ce3b,overdue_invoice,cash_flow_issue,10213.49,0,2,226771.15,0.78,0.81,12.0,ESCALATE_TO_HUMAN,1,10213.49
eddbdad4-506a-4de6-9a53-b7f51ad14c1a,overdue_invoice,cash_flow_issue,52929.94,4,0,111038.7,0.45,0.2,2.0,RETRY_NOW,0,0.0
eddbdad4-506a-4de6-9a53-b7f51ad14c1a,overdue_invoice,cash_flow_issue,52929.94,4,0,111038.7,0.45,0.2,2.0,RETRY_LATER,1,52929.94
eddbdad4-506a-4de6-9a53-b7f51ad14c1a,overdue_invoice,cash_flow_issue,52929.94,4,0,111038.7,0.45,0.2,2.0,SEND_REMINDER,0,0.0
eddbdad4-506a-4de6-9a53-b7f51ad14c1a,overdue_invoice,cash_flow_issue,52929.94,4,0,111038.7,0.45,0.2,2.0,SUGGEST_ALTERNATIVE_PAYMENT,0,0.0
eddbdad4-506a-4de6-9a53-b7f51ad14c1a,overdue_invoice,cash_flow_issue,52929.94,4,0,111038.7,0.45,0.2,2.0,OFFER_INCENTIVE,0,0.0
eddbdad4-506a-4de6-9a53-b7f51ad14c1a,overdue_invoice,cash_flow_issue,52929.94,4,0,111038.7,0.45,0.2,2.0,ESCALATE_TO_HUMAN,1,52929.94
62231c3a-d529-4831-9e6e-03985d5b932a,subscription_failure,insufficient_funds,35434.42,1,1,323076.05,0.97,0.15,27.0,RETRY_NOW,0,0.0
62231c3a-d529-4831-9e6e-03985d5b932a,subscription_failure,insufficient_funds,35434.42,1,1,323076.05,0.97,0.15,27.0,RETRY_LATER,0,0.0
62231c3a-d529-4831-9e6e-03985d5b932a,subscription_failure,insufficient_funds,35434.42,1,1,323076.05,0.97,0.15,27.0,SEND_REMINDER,0,0.0
62231c3a-d529-4831-9e6e-03985d5b932a,subscription_failure,insufficient_funds,35434.42,1,1,323076.05,0.97,0.15,27.0,SUGGEST_ALTERNATIVE_PAYMENT,0,0.0
62231c3a-d529-4831-9e6e-03985d5b932a,subscription_failure,insufficient_funds,35434.42,1,1,323076.05,0.97,0.15,27.0,OFFER_INCENTIVE,1,35434.42
62231c3a-d529-4831-9e6e-03985d5b932a,subscription_failure,insufficient_funds,35434.42,1,1,323076.05,0.97,0.15,27.0,ESCALATE_TO_HUMAN,1,35434.42
3c01b88d-1dc1-4d1f-9666-1503398349cb,overdue_invoice,forgotten_invoice,95060.34,1,3,28083.33,0.49,0.56,85.0,RETRY_NOW,1,95060.34
3c01b88d-1dc1-4d1f-9666-1503398349cb,overdue_invoice,forgotten_invoice,95060.34,1,3,28083.33,0.49,0.56,85.0,RETRY_LATER,0,0.0
3c01b88d-1dc1-4d1f-9666-1503398349cb,overdue_invoice,forgotten_invoice,95060.34,1,3,28083.33,0.49,0.56,85.0,SEND_REMINDER,1,95060.34
3c01b88d-1dc1-4d1f-9666-1503398349cb,overdue_invoice,forgotten_invoice,95060.34,1,3,28083.33,0.49,0.56,85.0,SUGGEST_ALTERNATIVE_PAYMENT,1,95060.34
3c01b88d-1dc1-4d1f-9666-1503398349cb,overdue_invoice,forgotten_invoice,95060.34,1,3,28083.33,0.49,0.56,85.0,OFFER_INCENTIVE,1,95060.34
3c01b88d-1dc1-4d1f-9666-1503398349cb,overdue_invoice,forgotten_invoice,95060.34,1,3,28083.33,0.49,0.56,85.0,ESCALATE_TO_HUMAN,1,95060.34
6b499861-d023-49d6-b79b-ee639452b25d,subscription_failure,card_expired,60519.52,1,3,240025.86,0.76,0.29,82.0,RETRY_NOW,1,60519.52
6b499861-d023-49d6-b79b-ee639452b25d,subscription_failure,card_expired,60519.52,1,3,240025.86,0.76,0.29,82.0,RETRY_LATER,1,60519.52
6b499861-d023-49d6-b79b-ee639452b25d,subscription_failure,card_expired,60519.52,1,3,240025.86,0.76,0.29,82.0,SEND_REMINDER,0,0.0
6b499861-d023-49d6-b79b-ee639452b25d,subscription_failure,card_expired,60519.52,1,3,240025.86,0.76,0.29,82.0,SUGGEST_ALTERNATIVE_PAYMENT,1,60519.52
6b499861-d023-49d6-b79b-ee639452b25d,subscription_failure,card_expired,60519.52,1,3,240025.86,0.76,0.29,82.0,OFFER_INCENTIVE,1,60519.52
6b499861-d023-49d6-b79b-ee639452b25d,subscription_failure,card_expired,60519.52,1,3,240025.86,0.76,0.29,82.0,ESCALATE_TO_HUMAN,1,60519.52
ea136c22-c1a3-490d-a78e-acdc28bb585d,payment_failure,temporary_bank_failure,94598.73,3,0,320505.37,0.86,0.85,52.0,RETRY_NOW,1,94598.73
ea136c22-c1a3-490d-a78e-acdc28bb585d,payment_failure,temporary_bank_failure,94598.73,3,0,320505.37,0.86,0.85,52.0,RETRY_LATER,0,0.0
ea136c22-c1a3-490d-a78e-acdc28bb585d,payment_failure,temporary_bank_failure,94598.73,3,0,320505.37,0.86,0.85,52.0,SEND_REMINDER,1,94598.73
ea136c22-c1a3-490d-a78e-acdc28bb585d,payment_failure,temporary_bank_failure,94598.73,3,0,320505.37,0.86,0.85,52.0,SUGGEST_ALTERNATIVE_PAYMENT,1,94598.73
ea136c22-c1a3-490d-a78e-acdc28bb585d,payment_failure,temporary_bank_failure,94598.73,3,0,320505.37,0.86,0.85,52.0,OFFER_INCENTIVE,0,0.0
ea136c22-c1a3-490d-a78e-acdc28bb585d,payment_failure,temporary_bank_failure,94598.73,3,0,320505.37,0.86,0.85,52.0,ESCALATE_TO_HUMAN,1,94598.73
97048fd7-4b1a-4f47-b149-ac520e301a6c,payment_failure,technical_error,52216.3,2,3,103503.93,0.5,0.11,93.0,RETRY_NOW,0,0.0
97048fd7-4b1a-4f47-b149-ac520e301a6c,payment_failure,technical_error,52216.3,2,3,103503.93,0.5,0.11,93.0,RETRY_LATER,1,52216.3
97048fd7-4b1a-4f47-b149-ac520e301a6c,payment_failure,technical_error,52216.3,2,3,103503.93,0.5,0.11,93.0,SEND_REMINDER,1,52216.3
97048fd7-4b1a-4f47-b149-ac520e301a6c,payment_failure,technical_error,52216.3,2,3,103503.93,0.5,0.11,93.0,SUGGEST_ALTERNATIVE_PAYMENT,1,52216.3
97048fd7-4b1a-4f47-b149-ac520e301a6c,payment_failure,technical_error,52216.3,2,3,103503.93,0.5,0.11,93.0,OFFER_INCENTIVE,0,0.0
97048fd7-4b1a-4f47-b149-ac520e301a6c,payment_failure,technical_error,52216.3,2,3,103503.93,0.5,0.11,93.0,ESCALATE_TO_HUMAN,1,52216.3
d7fd7970-199d-45c3-b564-b37051eb203f,checkout_abandonment,high_friction,33669.52,2,2,71572.76,0.67,0.7,168.0,RETRY_NOW,0,0.0
d7fd7970-199d-45c3-b564-b37051eb203f,checkout_abandonment,high_friction,33669.52,2,2,71572.76,0.67,0.7,168.0,RETRY_LATER,1,33669.52
d7fd7970-199d-45c3-b564-b37051eb203f,checkout_abandonment,high_friction,33669.52,2,2,71572.76,0.67,0.7,168.0,SEND_REMINDER,0,0.0
d7fd7970-199d-45c3-b564-b37051eb203f,checkout_abandonment,high_friction,33669.52,2,2,71572.76,0.67,0.7,168.0,SUGGEST_ALTERNATIVE_PAYMENT,1,33669.52
d7fd7970-199d-45c3-b564-b37051eb203f,checkout_abandonment,high_friction,33669.52,2,2,71572.76,0.67,0.7,168.0,OFFER_INCENTIVE,0,0.0
d7fd7970-199d-45c3-b564-b37051eb203f,checkout_abandonment,high_friction,33669.52,2,2,71572.76,0.67,0.7,168.0,ESCALATE_TO_HUMAN,0,0.0
ca0a2173-da10-4e01-aeca-fa381ac89e47,overdue_invoice,invoice_dispute,27408.35,0,2,298961.06,0.22,0.81,15.0,RETRY_NOW,1,27408.35
ca0a2173-da10-4e01-aeca-fa381ac89e47,overdue_invoice,invoice_dispute,27408.35,0,2,298961.06,0.22,0.81,15.0,RETRY_LATER,1,27408.35
ca0a2173-da10-4e01-aeca-fa381ac89e47,overdue_invoice,invoice_dispute,27408.35,0,2,298961.06,0.22,0.81,15.0,SEND_REMINDER,1,27408.35
ca0a2173-da10-4e01-aeca-fa381ac89e47,overdue_invoice,invoice_dispute,27408.35,0,2,298961.06,0.22,0.81,15.0,SUGGEST_ALTERNATIVE_PAYMENT,1,27408.35
ca0a2173-da10-4e01-aeca-fa381ac89e47,overdue_invoice,invoice_dispute,27408.35,0,2,298961.06,0.22,0.81,15.0,OFFER_INCENTIVE,1,27408.35
ca0a2173-da10-4e01-aeca-fa381ac89e47,overdue_invoice,invoice_dispute,27408.35,0,2,298961.06,0.22,0.81,15.0,ESCALATE_TO_HUMAN,1,27408.35
1a0385ea-0b72-449b-9e21-690b1c6b1919,checkout_abandonment,high_friction,20675.27,1,0,309679.85,0.4,0.92,31.0,RETRY_NOW,1,20675.27
1a0385ea-0b72-449b-9e21-690b1c6b1919,checkout_abandonment,high_friction,20675.27,1,0,309679.85,0.4,0.92,31.0,RETRY_LATER,1,20675.27
1a0385ea-0b72-449b-9e21-690b1c6b1919,checkout_abandonment,high_friction,20675.27,1,0,309679.85,0.4,0.92,31.0,SEND_REMINDER,1,20675.27
1a0385ea-0b72-449b-9e21-690b1c6b1919,checkout_abandonment,high_friction,20675.27,1,0,309679.85,0.4,0.92,31.0,SUGGEST_ALTERNATIVE_PAYMENT,0,0.0
1a0385ea-0b72-449b-9e21-690b1c6b1919,checkout_abandonment,high_friction,20675.27,1,0,309679.85,0.4,0.92,31.0,OFFER_INCENTIVE,1,20675.27
1a0385ea-0b72-449b-9e21-690b1c6b1919,checkout_abandonment,high_friction,20675.27,1,0,309679.85,0.4,0.92,31.0,ESCALATE_TO_HUMAN,1,20675.27
10143d4e-ce45-49b4-9d8a-fe78787106d8,overdue_invoice,customer_delay,40173.65,2,5,156961.63,0.78,0.37,66.0,RETRY_NOW,1,40173.65
10143d4e-ce45-49b4-9d8a-fe78787106d8,overdue_invoice,customer_delay,40173.65,2,5,156961.63,0.78,0.37,66.0,RETRY_LATER,1,40173.65
10143d4e-ce45-49b4-9d8a-fe78787106d8,overdue_invoice,customer_delay,40173.65,2,5,156961.63,0.78,0.37,66.0,SEND_REMINDER,0,0.0
10143d4e-ce45-49b4-9d8a-fe78787106d8,overdue_invoice,customer_delay,40173.65,2,5,156961.63,0.78,0.37,66.0,SUGGEST_ALTERNATIVE_PAYMENT,1,40173.65
10143d4e-ce45-49b4-9d8a-fe78787106d8,overdue_invoice,customer_delay,40173.65,2,5,156961.63,0.78,0.37,66.0,OFFER_INCENTIVE,0,0.0
10143d4e-ce45-49b4-9d8a-fe78787106d8,overdue_invoice,customer_delay,40173.65,2,5,156961.63,0.78,0.37,66.0,ESCALATE_TO_HUMAN,1,40173.65
160861c1-5c01-4013-bd48-2a4419fe8626,subscription_failure,authentication_failed,4269.69,2,4,89818.09,0.26,0.57,19.0,RETRY_NOW,1,4269.69
160861c1-5c01-4013-bd48-2a4419fe8626,subscription_failure,authentication_failed,4269.69,2,4,89818.09,0.26,0.57,19.0,RETRY_LATER,1,4269.69
160861c1-5c01-4013-bd48-2a4419fe8626,subscription_failure,authentication_failed,4269.69,2,4,89818.09,0.26,0.57,19.0,SEND_REMINDER,0,0.0
160861c1-5c01-4013-bd48-2a4419fe8626,subscription_failure,authentication_failed,4269.69,2,4,89818.09,0.26,0.57,19.0,SUGGEST_ALTERNATIVE_PAYMENT,0,0.0
160861c1-5c01-4013-bd48-2a4419fe8626,subscription_failure,authentication_failed,4269.69,2,4,89818.09,0.26,0.57,19.0,OFFER_INCENTIVE,0,0.0
160861c1-5c01-4013-bd48-2a4419fe8626,subscription_failure,authentication_failed,4269.69,2,4,89818.09,0.26,0.57,19.0,ESCALATE_TO_HUMAN,1,4269.69
9d13c212-2b8b-41dc-aefc-c59195a64fb6,overdue_invoice,forgotten_invoice,5840.86,4,0,290576.24,0.71,0.89,121.0,RETRY_NOW,1,5840.86
9d13c212-2b8b-41dc-aefc-c59195a64fb6,overdue_invoice,forgotten_invoice,5840.86,4,0,290576.24,0.71,0.89,121.0,RETRY_LATER,1,5840.86
9d13c212-2b8b-41dc-aefc-c59195a64fb6,overdue_invoice,forgotten_invoice,5840.86,4,0,290576.24,0.71,0.89,121.0,SEND_REMINDER,1,5840.86
9d13c212-2b8b-41dc-aefc-c59195a64fb6,overdue_invoice,forgotten_invoice,5840.86,4,0,290576.24,0.71,0.89,121.0,SUGGEST_ALTERNATIVE_PAYMENT,1,5840.86
9d13c212-2b8b-41dc-aefc-c59195a64fb6,overdue_invoice,forgotten_invoice,5840.86,4,0,290576.24,0.71,0.89,121.0,OFFER_INCENTIVE,1,5840.86
9d13c212-2b8b-41dc-aefc-c59195a64fb6,overdue_invoice,forgotten_invoice,5840.86,4,0,290576.24,0.71,0.89,121.0,ESCALATE_TO_HUMAN,0,0.0
96ed3da6-1716-4487-a822-9b3ff94c4ff8,overdue_invoice,customer_delay,77059.14,3,1,251950.44,0.82,0.8,52.0,RETRY_NOW,1,77059.14
96ed3da6-1716-4487-a822-9b3ff94c4ff8,overdue_invoice,customer_delay,77059.14,3,1,251950.44,0.82,0.8,52.0,RETRY_LATER,1,77059.14
96ed3da6-1716-4487-a822-9b3ff94c4ff8,overdue_invoice,customer_delay,77059.14,3,1,251950.44,0.82,0.8,52.0,SEND_REMINDER,1,77059.14
96ed3da6-1716-4487-a822-9b3ff94c4ff8,overdue_invoice,customer_delay,77059.14,3,1,251950.44,0.82,0.8,52.0,SUGGEST_ALTERNATIVE_PAYMENT,1,77059.14
96ed3da6-1716-4487-a822-9b3ff94c4ff8,overdue_invoice,customer_delay,77059.14,3,1,251950.44,0.82,0.8,52.0,OFFER_INCENTIVE,1,77059.14
96ed3da6-1716-4487-a822-9b3ff94c4ff8,overdue_invoice,customer_delay,77059.14,3,1,251950.44,0.82,0.8,52.0,ESCALATE_TO_HUMAN,1,77059.14
395cd3a6-3f78-4bed-8b15-22bc69ea5e7a,subscription_failure,insufficient_funds,55233.09,3,5,422582.15,1.0,0.83,111.0,RETRY_NOW,1,55233.09
395cd3a6-3f78-4bed-8b15-22bc69ea5e7a,subscription_failure,insufficient_funds,55233.09,3,5,422582.15,1.0,0.83,111.0,RETRY_LATER,1,55233.09
395cd3a6-3f78-4bed-8b15-22bc69ea5e7a,subscription_failure,insufficient_funds,55233.09,3,5,422582.15,1.0,0.83,111.0,SEND_REMINDER,0,0.0
395cd3a6-3f78-4bed-8b15-22bc69ea5e7a,subscription_failure,insufficient_funds,55233.09,3,5,422582.15,1.0,0.83,111.0,SUGGEST_ALTERNATIVE_PAYMENT,1,55233.09
395cd3a6-3f78-4bed-8b15-22bc69ea5e7a,subscription_failure,insufficient_funds,55233.09,3,5,422582.15,1.0,0.83,111.0,OFFER_INCENTIVE,1,55233.09
395cd3a6-3f78-4bed-8b15-22bc69ea5e7a,subscription_failure,insufficient_funds,55233.09,3,5,422582.15,1.0,0.83,111.0,ESCALATE_TO_HUMAN,1,55233.09
27a7a993-1260-4c7a-96c1-47bba802c10a,overdue_invoice,invoice_dispute,83141.63,3,3,448706.84,0.64,0.75,67.0,RETRY_NOW,0,0.0
27a7a993-1260-4c7a-96c1-47bba802c10a,overdue_invoice,invoice_dispute,83141.63,3,3,448706.84,0.64,0.75,67.0,RETRY_LATER,1,83141.63
27a7a993-1260-4c7a-96c1-47bba802c10a,overdue_invoice,invoice_dispute,83141.63,3,3,448706.84,0.64,0.75,67.0,SEND_REMINDER,1,83141.63
27a7a993-1260-4c7a-96c1-47bba802c10a,overdue_invoice,invoice_dispute,83141.63,3,3,448706.84,0.64,0.75,67.0,SUGGEST_ALTERNATIVE_PAYMENT,1,83141.63
27a7a993-1260-4c7a-96c1-47bba802c10a,overdue_invoice,invoice_dispute,83141.63,3,3,448706.84,0.64,0.75,67.0,OFFER_INCENTIVE,0,0.0
27a7a993-1260-4c7a-96c1-47bba802c10a,overdue_invoice,invoice_dispute,83141.63,3,3,448706.84,0.64,0.75,67.0,ESCALATE_TO_HUMAN,1,83141.63
9746735f-9077-4d41-9ce6-fc967a308770,subscription_failure,insufficient_funds,8713.24,3,2,25606.24,0.66,0.4,22.0,RETRY_NOW,0,0.0
9746735f-9077-4d41-9ce6-fc967a308770,subscription_failure,insufficient_funds,8713.24,3,2,25606.24,0.66,0.4,22.0,RETRY_LATER,0,0.0
9746735f-9077-4d41-9ce6-fc967a308770,subscription_failure,insufficient_funds,8713.24,3,2,25606.24,0.66,0.4,22.0,SEND_REMINDER,0,0.0
9746735f-9077-4d41-9ce6-fc967a308770,subscription_failure,insufficient_funds,8713.24,3,2,25606.24,0.66,0.4,22.0,SUGGEST_ALTERNATIVE_PAYMENT,0,0.0
9746735f-9077-4d41-9ce6-fc967a308770,subscription_failure,insufficient_funds,8713.24,3,2,25606.24,0.66,0.4,22.0,OFFER_INCENTIVE,0,0.0
9746735f-9077-4d41-9ce6-fc967a308770,subscription_failure,insufficient_funds,8713.24,3,2,25606.24,0.66,0.4,22.0,ESCALATE_TO_HUMAN,1,8713.24
2eee9c36-1c94-4397-aa68-9e5a397b9a32,overdue_invoice,cash_flow_issue,60828.61,4,3,113617.88,0.83,0.91,116.0,RETRY_NOW,1,60828.61
2eee9c36-1c94-4397-aa68-9e5a397b9a32,overdue_invoice,cash_flow_issue,60828.61,4,3,113617.88,0.83,0.91,116.0,RETRY_LATER,0,0.0
2eee9c36-1c94-4397-aa68-9e5a397b9a32,overdue_invoice,cash_flow_issue,60828.61,4,3,113617.88,0.83,0.91,116.0,SEND_REMINDER,0,0.0
2eee9c36-1c94-4397-aa68-9e5a397b9a32,overdue_invoice,cash_flow_issue,60828.61,4,3,113617.88,0.83,0.91,116.0,SUGGEST_ALTERNATIVE_PAYMENT,1,60828.61
2eee9c36-1c94-4397-aa68-9e5a397b9a32,overdue_invoice,cash_flow_issue,60828.61,4,3,113617.88,0.83,0.91,116.0,OFFER_INCENTIVE,0,0.0
2eee9c36-1c94-4397-aa68-9e5a397b9a32,overdue_invoice,cash_flow_issue,60828.61,4,3,113617.88,0.83,0.91,116.0,ESCALATE_TO_HUMAN,1,60828.61
be0cd080-87a9-4ccf-ab00-b8742d42c857,checkout_abandonment,payment_method_unavailable,64904.2,3,0,441506.51,0.6,0.28,23.0,RETRY_NOW,0,0.0
be0cd080-87a9-4ccf-ab00-b8742d42c857,checkout_abandonment,payment_method_unavailable,64904.2,3,0,441506.51,0.6,0.28,23.0,RETRY_LATER,1,64904.2
be0cd080-87a9-4ccf-ab00-b8742d42c857,checkout_abandonment,payment_method_unavailable,64904.2,3,0,441506.51,0.6,0.28,23.0,SEND_REMINDER,1,64904.2
be0cd080-87a9-4ccf-ab00-b8742d42c857,checkout_abandonment,payment_method_unavailable,64904.2,3,0,441506.51,0.6,0.28,23.0,SUGGEST_ALTERNATIVE_PAYMENT,1,64904.2
be0cd080-87a9-4ccf-ab00-b8742d42c857,checkout_abandonment,payment_method_unavailable,64904.2,3,0,441506.51,0.6,0.28,23.0,OFFER_INCENTIVE,0,0.0
be0cd080-87a9-4ccf-ab00-b8742d42c857,checkout_abandonment,payment_method_unavailable,64904.2,3,0,441506.51,0.6,0.28,23.0,ESCALATE_TO_HUMAN,0,0.0
2a797ff7-611f-4aa3-b4c4-02c6c8f0fab8,checkout_abandonment,unknown,69553.12,0,2,23949.49,0.92,0.37,92.0,RETRY_NOW,1,69553.12
2a797ff7-611f-4aa3-b4c4-02c6c8f0fab8,checkout_abandonment,unknown,69553.12,0,2,23949.49,0.92,0.37,92.0,RETRY_LATER,1,69553.12
2a797ff7-611f-4aa3-b4c4-02c6c8f0fab8,checkout_abandonment,unknown,69553.12,0,2,23949.49,0.92,0.37,92.0,SEND_REMINDER,1,69553.12
2a797ff7-611f-4aa3-b4c4-02c6c8f0fab8,checkout_abandonment,unknown,69553.12,0,2,23949.49,0.92,0.37,92.0,SUGGEST_ALTERNATIVE_PAYMENT,1,69553.12
2a797ff7-611f-4aa3-b4c4-02c6c8f0fab8,checkout_abandonment,unknown,69553.12,0,2,23949.49,0.92,0.37,92.0,OFFER_INCENTIVE,1,69553.12
2a797ff7-611f-4aa3-b4c4-02c6c8f0fab8,checkout_abandonment,unknown,69553.12,0,2,23949.49,0.92,0.37,92.0,ESCALATE_TO_HUMAN,1,69553.12
64938865-3ec3-48a3-af0d-3c7cab012427,subscription_failure,card_expired,22871.92,4,5,390589.36,0.43,0.55,127.0,RETRY_NOW,1,22871.92
64938865-3ec3-48a3-af0d-3c7cab012427,subscription_failure,card_expired,22871.92,4,5,390589.36,0.43,0.55,127.0,RETRY_LATER,0,0.0
64938865-3ec3-48a3-af0d-3c7cab012427,subscription_failure,card_expired,22871.92,4,5,390589.36,0.43,0.55,127.0,SEND_REMINDER,0,0.0
64938865-3ec3-48a3-af0d-3c7cab012427,subscription_failure,card_expired,22871.92,4,5,390589.36,0.43,0.55,127.0,SUGGEST_ALTERNATIVE_PAYMENT,0,0.0
64938865-3ec3-48a3-af0d-3c7cab012427,subscription_failure,card_expired,22871.92,4,5,390589.36,0.43,0.55,127.0,OFFER_INCENTIVE,0,0.0
64938865-3ec3-48a3-af0d-3c7cab012427,subscription_failure,card_expired,22871.92,4,5,390589.36,0.43,0.55,127.0,ESCALATE_TO_HUMAN,0,0.0
06ebbc01-e23f-4bc0-a196-a86d3e869a11,subscription_failure,card_expired,69430.47,2,1,59994.2,0.25,0.69,104.0,RETRY_NOW,0,0.0
06ebbc01-e23f-4bc0-a196-a86d3e869a11,subscription_failure,card_expired,69430.47,2,1,59994.2,0.25,0.69,104.0,RETRY_LATER,0,0.0
06ebbc01-e23f-4bc0-a196-a86d3e869a11,subscription_failure,card_expired,69430.47,2,1,59994.2,0.25,0.69,104.0,SEND_REMINDER,1,69430.47
06ebbc01-e23f-4bc0-a196-a86d3e869a11,subscription_failure,card_expired,69430.47,2,1,59994.2,0.25,0.69,104.0,SUGGEST_ALTERNATIVE_PAYMENT,1,69430.47
06ebbc01-e23f-4bc0-a196-a86d3e869a11,subscription_failure,card_expired,69430.47,2,1,59994.2,0.25,0.69,104.0,OFFER_INCENTIVE,0,0.0
06ebbc01-e23f-4bc0-a196-a86d3e869a11,subscription_failure,card_expired,69430.47,2,1,59994.2,0.25,0.69,104.0,ESCALATE_TO_HUMAN,1,69430.47
4b6e6f74-9989-463c-b8ba-b7a36bea0ee9,payment_failure,temporary_bank_failure,39980.12,4,5,331676.57,0.6,0.76,43.0,RETRY_NOW,1,39980.12
4b6e6f74-9989-463c-b8ba-b7a36bea0ee9,payment_failure,temporary_bank_failure,39980.12,4,5,331676.57,0.6,0.76,43.0,RETRY_LATER,0,0.0
4b6e6f74-9989-463c-b8ba-b7a36bea0ee9,payment_failure,temporary_bank_failure,39980.12,4,5,331676.57,0.6,0.76,43.0,SEND_REMINDER,0,0.0
4b6e6f74-9989-463c-b8ba-b7a36bea0ee9,payment_failure,temporary_bank_failure,39980.12,4,5,331676.57,0.6,0.76,43.0,SUGGEST_ALTERNATIVE_PAYMENT,1,39980.12
4b6e6f74-9989-463c-b8ba-b7a36bea0ee9,payment_failure,temporary_bank_failure,39980.12,4,5,331676.57,0.6,0.76,43.0,OFFER_INCENTIVE,1,39980.12
4b6e6f74-9989-463c-b8ba-b7a36bea0ee9,payment_failure,temporary_bank_failure,39980.12,4,5,331676.57,0.6,0.76,43.0,ESCALATE_TO_HUMAN,1,39980.12
9c94c233-c864-487f-8f25-689a029e09af,payment_failure,payment_timeout,5023.45,1,4,288808.84,0.71,0.62,107.0,RETRY_NOW,0,0.0
9c94c233-c864-487f-8f25-689a029e09af,payment_failure,payment_timeout,5023.45,1,4,288808.84,0.71,0.62,107.0,RETRY_LATER,1,5023.45
9c94c233-c864-487f-8f25-689a029e09af,payment_failure,payment_timeout,5023.45,1,4,288808.84,0.71,0.62,107.0,SEND_REMINDER,0,0.0
9c94c233-c864-487f-8f25-689a029e09af,payment_failure,payment_timeout,5023.45,1,4,288808.84,0.71,0.62,107.0,SUGGEST_ALTERNATIVE_PAYMENT,1,5023.45
9c94c233-c864-487f-8f25-689a029e09af,payment_failure,payment_timeout,5023.45,1,4,288808.84,0.71,0.62,107.0,OFFER_INCENTIVE,1,5023.45
9c94c233-c864-487f-8f25-689a029e09af,payment_failure,payment_timeout,5023.45,1,4,288808.84,0.71,0.62,107.0,ESCALATE_TO_HUMAN,1,5023.45
25ef66f6-e35e-40b9-a583-2d2d58fa7a76,checkout_abandonment,price_hesitation,15707.51,4,0,270150.14,0.81,0.32,154.0,RETRY_NOW,0,0.0
25ef66f6-e35e-40b9-a583-2d2d58fa7a76,checkout_abandonment,price_hesitation,15707.51,4,0,270150.14,0.81,0.32,154.0,RETRY_LATER,0,0.0
25ef66f6-e35e-40b9-a583-2d2d58fa7a76,checkout_abandonment,price_hesitation,15707.51,4,0,270150.14,0.81,0.32,154.0,SEND_REMINDER,1,15707.51
25ef66f6-e35e-40b9-a583-2d2d58fa7a76,checkout_abandonment,price_hesitation,15707.51,4,0,270150.14,0.81,0.32,154.0,SUGGEST_ALTERNATIVE_PAYMENT,1,15707.51
25ef66f6-e35e-40b9-a583-2d2d58fa7a76,checkout_abandonment,price_hesitation,15707.51,4,0,270150.14,0.81,0.32,154.0,OFFER_INCENTIVE,0,0.0
25ef66f6-e35e-40b9-a583-2d2d58fa7a76,checkout_abandonment,price_hesitation,15707.51,4,0,270150.14,0.81,0.32,154.0,ESCALATE_TO_HUMAN,1,15707.51
b27b9c2d-8a29-40d1-9fc5-6fa70c0d7f0c,payment_failure,authentication_failed,11976.5,2,0,90105.34,0.98,0.6,28.0,RETRY_NOW,0,0.0
b27b9c2d-8a29-40d1-9fc5-6fa70c0d7f0c,payment_failure,authentication_failed,11976.5,2,0,90105.34,0.98,0.6,28.0,RETRY_LATER,1,11976.5
b27b9c2d-8a29-40d1-9fc5-6fa70c0d7f0c,payment_failure,authentication_failed,11976.5,2,0,90105.34,0.98,0.6,28.0,SEND_REMINDER,0,0.0
b27b9c2d-8a29-40d1-9fc5-6fa70c0d7f0c,payment_failure,authentication_failed,11976.5,2,0,90105.34,0.98,0.6,28.0,SUGGEST_ALTERNATIVE_PAYMENT,0,0.0
b27b9c2d-8a29-40d1-9fc5-6fa70c0d7f0c,payment_failure,authentication_failed,11976.5,2,0,90105.34,0.98,0.6,28.0,OFFER_INCENTIVE,0,0.0
b27b9c2d-8a29-40d1-9fc5-6fa70c0d7f0c,payment_failure,authentication_failed,11976.5,2,0,90105.34,0.98,0.6,28.0,ESCALATE_TO_HUMAN,1,11976.5
7d0c36a6-dab3-487a-ba75-6d84da7e7420,checkout_abandonment,unknown,71902.41,2,4,317484.74,0.36,0.25,126.0,RETRY_NOW,0,0.0
7d0c36a6-dab3-487a-ba75-6d84da7e7420,checkout_abandonment,unknown,71902.41,2,4,317484.74,0.36,0.25,126.0,RETRY_LATER,1,71902.41
7d0c36a6-dab3-487a-ba75-6d84da7e7420,checkout_abandonment,unknown,71902.41,2,4,317484.74,0.36,0.25,126.0,SEND_REMINDER,0,0.0
7d0c36a6-dab3-487a-ba75-6d84da7e7420,checkout_abandonment,unknown,71902.41,2,4,317484.74,0.36,0.25,126.0,SUGGEST_ALTERNATIVE_PAYMENT,1,71902.41
7d0c36a6-dab3-487a-ba75-6d84da7e7420,checkout_abandonment,unknown,71902.41,2,4,317484.74,0.36,0.25,126.0,OFFER_INCENTIVE,0,0.0
7d0c36a6-dab3-487a-ba75-6d84da7e7420,checkout_abandonment,unknown,71902.41,2,4,317484.74,0.36,0.25,126.0,ESCALATE_TO_HUMAN,1,71902.41
df125074-600b-4d8b-9a81-5ecebc7e1e23,subscription_failure,card_expired,59575.6,3,5,255347.34,0.61,0.3,145.0,RETRY_NOW,1,59575.6
df125074-600b-4d8b-9a81-5ecebc7e1e23,subscription_failure,card_expired,59575.6,3,5,255347.34,0.61,0.3,145.0,RETRY_LATER,1,59575.6
df125074-600b-4d8b-9a81-5ecebc7e1e23,subscription_failure,card_expired,59575.6,3,5,255347.34,0.61,0.3,145.0,SEND_REMINDER,0,0.0
df125074-600b-4d8b-9a81-5ecebc7e1e23,subscription_failure,card_expired,59575.6,3,5,255347.34,0.61,0.3,145.0,SUGGEST_ALTERNATIVE_PAYMENT,1,59575.6
df125074-600b-4d8b-9a81-5ecebc7e1e23,subscription_failure,card_expired,59575.6,3,5,255347.34,0.61,0.3,145.0,OFFER_INCENTIVE,0,0.0
df125074-600b-4d8b-9a81-5ecebc7e1e23,subscription_failure,card_expired,59575.6,3,5,255347.34,0.61,0.3,145.0,ESCALATE_TO_HUMAN,0,0.0
485d3e38-99c5-47b8-8f24-5f6b64d0132a,payment_failure,authentication_failed,77264.39,0,2,166926.79,0.79,0.34,140.0,RETRY_NOW,1,77264.39
485d3e38-99c5-47b8-8f24-5f6b64d0132a,payment_failure,authentication_failed,77264.39,0,2,166926.79,0.79,0.34,140.0,RETRY_LATER,1,77264.39
485d3e38-99c5-47b8-8f24-5f6b64d0132a,payment_failure,authentication_failed,77264.39,0,2,166926.79,0.79,0.34,140.0,SEND_REMINDER,1,77264.39
485d3e38-99c5-47b8-8f24-5f6b64d0132a,payment_failure,authentication_failed,77264.39,0,2,166926.79,0.79,0.34,140.0,SUGGEST_ALTERNATIVE_PAYMENT,1,77264.39
485d3e38-99c5-47b8-8f24-5f6b64d0132a,payment_failure,authentication_failed,77264.39,0,2,166926.79,0.79,0.34,140.0,OFFER_INCENTIVE,1,77264.39
485d3e38-99c5-47b8-8f24-5f6b64d0132a,payment_failure,authentication_failed,77264.39,0,2,166926.79,0.79,0.34,140.0,ESCALATE_TO_HUMAN,1,77264.39
a5a4e297-856b-4bb4-b832-f44901e8e5a6,overdue_invoice,cash_flow_issue,56684.69,3,1,495907.54,0.69,0.55,106.0,RETRY_NOW,0,0.0
a5a4e297-856b-4bb4-b832-f44901e8e5a6,overdue_invoice,cash_flow_issue,56684.69,3,1,495907.54,0.69,0.55,106.0,RETRY_LATER,1,56684.69
a5a4e297-856b-4bb4-b832-f44901e8e5a6,overdue_invoice,cash_flow_issue,56684.69,3,1,495907.54,0.69,0.55,106.0,SEND_REMINDER,0,0.0
a5a4e297-856b-4bb4-b832-f44901e8e5a6,overdue_invoice,cash_flow_issue,56684.69,3,1,495907.54,0.69,0.55,106.0,SUGGEST_ALTERNATIVE_PAYMENT,1,56684.69
a5a4e297-856b-4bb4-b832-f44901e8e5a6,overdue_invoice,cash_flow_issue,56684.69,3,1,495907.54,0.69,0.55,106.0,OFFER_INCENTIVE,0,0.0
a5a4e297-856b-4bb4-b832-f44901e8e5a6,overdue_invoice,cash_flow_issue,56684.69,3,1,495907.54,0.69,0.55,106.0,ESCALATE_TO_HUMAN,0,0.0
ff09f7a5-62fb-4cfc-aac7-1415df540ffd,payment_failure,technical_error,98166.13,4,3,52752.84,0.88,0.68,146.0,RETRY_NOW,0,0.0
ff09f7a5-62fb-4cfc-aac7-1415df540ffd,payment_failure,technical_error,98166.13,4,3,52752.84,0.88,0.68,146.0,RETRY_LATER,0,0.0
ff09f7a5-62fb-4cfc-aac7-1415df540ffd,payment_failure,technical_error,98166.13,4,3,52752.84,0.88,0.68,146.0,SEND_REMINDER,0,0.0
ff09f7a5-62fb-4cfc-aac7-1415df540ffd,payment_failure,technical_error,98166.13,4,3,52752.84,0.88,0.68,146.0,SUGGEST_ALTERNATIVE_PAYMENT,1,98166.13
ff09f7a5-62fb-4cfc-aac7-1415df540ffd,payment_failure,technical_error,98166.13,4,3,52752.84,0.88,0.68,146.0,OFFER_INCENTIVE,1,98166.13
ff09f7a5-62fb-4cfc-aac7-1415df540ffd,payment_failure,technical_error,98166.13,4,3,52752.84,0.88,0.68,146.0,ESCALATE_TO_HUMAN,1,98166.13
33880b3b-8956-4789-834f-693d0952b536,checkout_abandonment,payment_method_unavailable,57410.06,1,2,190985.28,0.34,0.27,78.0,RETRY_NOW,1,57410.06
33880b3b-8956-4789-834f-693d0952b536,checkout_abandonment,payment_method_unavailable,57410.06,1,2,190985.28,0.34,0.27,78.0,RETRY_LATER,0,0.0
33880b3b-8956-4789-834f-693d0952b536,checkout_abandonment,payment_method_unavailable,57410.06,1,2,190985.28,0.34,0.27,78.0,SEND_REMINDER,1,57410.06
33880b3b-8956-4789-834f-693d0952b536,checkout_abandonment,payment_method_unavailable,57410.06,1,2,190985.28,0.34,0.27,78.0,SUGGEST_ALTERNATIVE_PAYMENT,0,0.0
33880b3b-8956-4789-834f-693d0952b536,checkout_abandonment,payment_method_unavailable,57410.06,1,2,190985.28,0.34,0.27,78.0,OFFER_INCENTIVE,1,57410.06
33880b3b-8956-4789-834f-693d0952b536,checkout_abandonment,payment_method_unavailable,57410.06,1,2,190985.28,0.34,0.27,78.0,ESCALATE_TO_HUMAN,1,57410.06
5f0f6a89-8b66-4c26-972e-fcda7651b36c,subscription_failure,mandate_failed,91567.96,3,5,32545.3,0.38,0.65,78.0,RETRY_NOW,1,91567.96
5f0f6a89-8b66-4c26-972e-fcda7651b36c,subscription_failure,mandate_failed,91567.96,3,5,32545.3,0.38,0.65,78.0,RETRY_LATER,1,91567.96
5f0f6a89-8b66-4c26-972e-fcda7651b36c,subscription_failure,mandate_failed,91567.96,3,5,32545.3,0.38,0.65,78.0,SEND_REMINDER,0,0.0
5f0f6a89-8b66-4c26-972e-fcda7651b36c,subscription_failure,mandate_failed,91567.96,3,5,32545.3,0.38,0.65,78.0,SUGGEST_ALTERNATIVE_PAYMENT,1,91567.96
5f0f6a89-8b66-4c26-972e-fcda7651b36c,subscription_failure,mandate_failed,91567.96,3,5,32545.3,0.38,0.65,78.0,OFFER_INCENTIVE,1,91567.96
5f0f6a89-8b66-4c26-972e-fcda7651b36c,subscription_failure,mandate_failed,91567.96,3,5,32545.3,0.38,0.65,78.0,ESCALATE_TO_HUMAN,1,91567.96
931014f0-9a1c-47a7-ae86-0527aa3ab028,checkout_abandonment,payment_method_unavailable,65189.34,0,1,326225.57,0.82,0.84,52.0,RETRY_NOW,1,65189.34
931014f0-9a1c-47a7-ae86-0527aa3ab028,checkout_abandonment,payment_method_unavailable,65189.34,0,1,326225.57,0.82,0.84,52.0,RETRY_LATER,0,0.0
931014f0-9a1c-47a7-ae86-0527aa3ab028,checkout_abandonment,payment_method_unavailable,65189.34,0,1,326225.57,0.82,0.84,52.0,SEND_REMINDER,0,0.0
931014f0-9a1c-47a7-ae86-0527aa3ab028,checkout_abandonment,payment_method_unavailable,65189.34,0,1,326225.57,0.82,0.84,52.0,SUGGEST_ALTERNATIVE_PAYMENT,1,65189.34
931014f0-9a1c-47a7-ae86-0527aa3ab028,checkout_abandonment,payment_method_unavailable,65189.34,0,1,326225.57,0.82,0.84,52.0,OFFER_INCENTIVE,1,65189.34
931014f0-9a1c-47a7-ae86-0527aa3ab028,checkout_abandonment,payment_method_unavailable,65189.34,0,1,326225.57,0.82,0.84,52.0,ESCALATE_TO_HUMAN,1,65189.34
7dd1abde-65a9-4228-a3c6-6de93b7fe7d9,overdue_invoice,forgotten_invoice,62131.29,3,1,475969.13,0.89,0.82,50.0,RETRY_NOW,1,62131.29
7dd1abde-65a9-4228-a3c6-6de93b7fe7d9,overdue_invoice,forgotten_invoice,62131.29,3,1,475969.13,0.89,0.82,50.0,RETRY_LATER,0,0.0
7dd1abde-65a9-4228-a3c6-6de93b7fe7d9,overdue_invoice,forgotten_invoice,62131.29,3,1,475969.13,0.89,0.82,50.0,SEND_REMINDER,1,62131.29
7dd1abde-65a9-4228-a3c6-6de93b7fe7d9,overdue_invoice,forgotten_invoice,62131.29,3,1,475969.13,0.89,0.82,50.0,SUGGEST_ALTERNATIVE_PAYMENT,1,62131.29
7dd1abde-65a9-4228-a3c6-6de93b7fe7d9,overdue_invoice,forgotten_invoice,62131.29,3,1,475969.13,0.89,0.82,50.0,OFFER_INCENTIVE,1,62131.29
7dd1abde-65a9-4228-a3c6-6de93b7fe7d9,overdue_invoice,forgotten_invoice,62131.29,3,1,475969.13,0.89,0.82,50.0,ESCALATE_TO_HUMAN,1,62131.29
ae7468e0-3707-4268-887f-38affcb4d5ca,payment_failure,insufficient_funds,18298.42,1,3,356604.56,0.67,0.25,24.0,RETRY_NOW,1,18298.42
ae7468e0-3707-4268-887f-38affcb4d5ca,payment_failure,insufficient_funds,18298.42,1,3,356604.56,0.67,0.25,24.0,RETRY_LATER,1,18298.42
ae7468e0-3707-4268-887f-38affcb4d5ca,payment_failure,insufficient_funds,18298.42,1,3,356604.56,0.67,0.25,24.0,SEND_REMINDER,1,18298.42
ae7468e0-3707-4268-887f-38affcb4d5ca,payment_failure,insufficient_funds,18298.42,1,3,356604.56,0.67,0.25,24.0,SUGGEST_ALTERNATIVE_PAYMENT,1,18298.42
ae7468e0-3707-4268-887f-38affcb4d5ca,payment_failure,insufficient_funds,18298.42,1,3,356604.56,0.67,0.25,24.0,OFFER_INCENTIVE,0,0.0
ae7468e0-3707-4268-887f-38affcb4d5ca,payment_failure,insufficient_funds,18298.42,1,3,356604.56,0.67,0.25,24.0,ESCALATE_TO_HUMAN,1,18298.42
36236eb3-53b1-4084-ab51-a81bfda732ab,payment_failure,technical_error,90061.8,4,5,225872.34,0.45,0.69,79.0,RETRY_NOW,1,90061.8
36236eb3-53b1-4084-ab51-a81bfda732ab,payment_failure,technical_error,90061.8,4,5,225872.34,0.45,0.69,79.0,RETRY_LATER,1,90061.8
36236eb3-53b1-4084-ab51-a81bfda732ab,payment_failure,technical_error,90061.8,4,5,225872.34,0.45,0.69,79.0,SEND_REMINDER,0,0.0
36236eb3-53b1-4084-ab51-a81bfda732ab,payment_failure,technical_error,90061.8,4,5,225872.34,0.45,0.69,79.0,SUGGEST_ALTERNATIVE_PAYMENT,1,90061.8
36236eb3-53b1-4084-ab51-a81bfda732ab,payment_failure,technical_error,90061.8,4,5,225872.34,0.45,0.69,79.0,OFFER_INCENTIVE,0,0.0
36236eb3-53b1-4084-ab51-a81bfda732ab,payment_failure,technical_error,90061.8,4,5,225872.34,0.45,0.69,79.0,ESCALATE_TO_HUMAN,1,90061.8
43c24447-e09c-4b15-af79-85b202601f5d,subscription_failure,insufficient_funds,93335.88,4,5,69499.2,0.76,0.24,151.0,RETRY_NOW,1,93335.88
43c24447-e09c-4b15-af79-85b202601f5d,subscription_failure,insufficient_funds,93335.88,4,5,69499.2,0.76,0.24,151.0,RETRY_LATER,1,93335.88
43c24447-e09c-4b15-af79-85b202601f5d,subscription_failure,insufficient_funds,93335.88,4,5,69499.2,0.76,0.24,151.0,SEND_REMINDER,0,0.0
43c24447-e09c-4b15-af79-85b202601f5d,subscription_failure,insufficient_funds,93335.88,4,5,69499.2,0.76,0.24,151.0,SUGGEST_ALTERNATIVE_PAYMENT,1,93335.88
43c24447-e09c-4b15-af79-85b202601f5d,subscription_failure,insufficient_funds,93335.88,4,5,69499.2,0.76,0.24,151.0,OFFER_INCENTIVE,0,0.0
43c24447-e09c-4b15-af79-85b202601f5d,subscription_failure,insufficient_funds,93335.88,4,5,69499.2,0.76,0.24,151.0,ESCALATE_TO_HUMAN,0,0.0
4f3fb636-3528-40f5-bc49-7bdf8e800398,subscription_failure,authentication_failed,22851.75,1,3,13188.27,0.36,0.85,157.0,RETRY_NOW,1,22851.75
4f3fb636-3528-40f5-bc49-7bdf8e800398,subscription_failure,authentication_failed,22851.75,1,3,13188.27,0.36,0.85,157.0,RETRY_LATER,1,22851.75
4f3fb636-3528-40f5-bc49-7bdf8e800398,subscription_failure,authentication_failed,22851.75,1,3,13188.27,0.36,0.85,157.0,SEND_REMINDER,1,22851.75
4f3fb636-3528-40f5-bc49-7bdf8e800398,subscription_failure,authentication_failed,22851.75,1,3,13188.27,0.36,0.85,157.0,SUGGEST_ALTERNATIVE_PAYMENT,1,22851.75
4f3fb636-3528-40f5-bc49-7bdf8e800398,subscription_failure,authentication_failed,22851.75,1,3,13188.27,0.36,0.85,157.0,OFFER_INCENTIVE,1,22851.75
4f3fb636-3528-40f5-bc49-7bdf8e800398,subscription_failure,authentication_failed,22851.75,1,3,13188.27,0.36,0.85,157.0,ESCALATE_TO_HUMAN,0,0.0
d7ded5d7-8aa7-4947-9549-ed2d21346b66,subscription_failure,authentication_failed,34465.48,0,1,308380.68,0.78,0.33,50.0,RETRY_NOW,1,34465.48
d7ded5d7-8aa7-4947-9549-ed2d21346b66,subscription_failure,authentication_failed,34465.48,0,1,308380.68,0.78,0.33,50.0,RETRY_LATER,1,34465.48
d7ded5d7-8aa7-4947-9549-ed2d21346b66,subscription_failure,authentication_failed,34465.48,0,1,308380.68,0.78,0.33,50.0,SEND_REMINDER,1,34465.48
d7ded5d7-8aa7-4947-9549-ed2d21346b66,subscription_failure,authentication_failed,34465.48,0,1,308380.68,0.78,0.33,50.0,SUGGEST_ALTERNATIVE_PAYMENT,1,34465.48
d7ded5d7-8aa7-4947-9549-ed2d21346b66,subscription_failure,authentication_failed,34465.48,0,1,308380.68,0.78,0.33,50.0,OFFER_INCENTIVE,1,34465.48
d7ded5d7-8aa7-4947-9549-ed2d21346b66,subscription_failure,authentication_failed,34465.48,0,1,308380.68,0.78,0.33,50.0,ESCALATE_TO_HUMAN,1,34465.48
8b2cb0d9-ec44-4c5a-8dbc-a0a9e5156081,checkout_abandonment,payment_method_unavailable,86891.64,3,5,464354.77,0.71,0.57,157.0,RETRY_NOW,0,0.0
8b2cb0d9-ec44-4c5a-8dbc-a0a9e5156081,checkout_abandonment,payment_method_unavailable,86891.64,3,5,464354.77,0.71,0.57,157.0,RETRY_LATER,0,0.0
8b2cb0d9-ec44-4c5a-8dbc-a0a9e5156081,checkout_abandonment,payment_method_unavailable,86891.64,3,5,464354.77,0.71,0.57,157.0,SEND_REMINDER,1,86891.64
8b2cb0d9-ec44-4c5a-8dbc-a0a9e5156081,checkout_abandonment,payment_method_unavailable,86891.64,3,5,464354.77,0.71,0.57,157.0,SUGGEST_ALTERNATIVE_PAYMENT,1,86891.64
8b2cb0d9-ec44-4c5a-8dbc-a0a9e5156081,checkout_abandonment,payment_method_unavailable,86891.64,3,5,464354.77,0.71,0.57,157.0,OFFER_INCENTIVE,1,86891.64
8b2cb0d9-ec44-4c5a-8dbc-a0a9e5156081,checkout_abandonment,payment_method_unavailable,86891.64,3,5,464354.77,0.71,0.57,157.0,ESCALATE_TO_HUMAN,0,0.0
3ecc7e92-65e8-4f03-8be1-ba95f0ce963c,overdue_invoice,cash_flow_issue,55288.93,3,5,169444.58,0.95,0.74,165.0,RETRY_NOW,1,55288.93
3ecc7e92-65e8-4f03-8be1-ba95f0ce963c,overdue_invoice,cash_flow_issue,55288.93,3,5,169444.58,0.95,0.74,165.0,RETRY_LATER,1,55288.93
3ecc7e92-65e8-4f03-8be1-ba95f0ce963c,overdue_invoice,cash_flow_issue,55288.93,3,5,169444.58,0.95,0.74,165.0,SEND_REMINDER,0,0.0
3ecc7e92-65e8-4f03-8be1-ba95f0ce963c,overdue_invoice,cash_flow_issue,55288.93,3,5,169444.58,0.95,0.74,165.0,SUGGEST_ALTERNATIVE_PAYMENT,1,55288.93
3ecc7e92-65e8-4f03-8be1-ba95f0ce963c,overdue_invoice,cash_flow_issue,55288.93,3,5,169444.58,0.95,0.74,165.0,OFFER_INCENTIVE,1,55288.93
3ecc7e92-65e8-4f03-8be1-ba95f0ce963c,overdue_invoice,cash_flow_issue,55288.93,3,5,169444.58,0.95,0.74,165.0,ESCALATE_TO_HUMAN,0,0.0
1ad614aa-4bf2-41e1-85dc-57cfb15ff1c7,overdue_invoice,customer_delay,49864.58,2,1,213905.35,0.51,0.27,48.0,RETRY_NOW,1,49864.58
1ad614aa-4bf2-41e1-85dc-57cfb15ff1c7,overdue_invoice,customer_delay,49864.58,2,1,213905.35,0.51,0.27,48.0,RETRY_LATER,1,49864.58
1ad614aa-4bf2-41e1-85dc-57cfb15ff1c7,overdue_invoice,customer_delay,49864.58,2,1,213905.35,0.51,0.27,48.0,SEND_REMINDER,0,0.0
1ad614aa-4bf2-41e1-85dc-57cfb15ff1c7,overdue_invoice,customer_delay,49864.58,2,1,213905.35,0.51,0.27,48.0,SUGGEST_ALTERNATIVE_PAYMENT,0,0.0
1ad614aa-4bf2-41e1-85dc-57cfb15ff1c7,overdue_invoice,customer_delay,49864.58,2,1,213905.35,0.51,0.27,48.0,OFFER_INCENTIVE,1,49864.58
1ad614aa-4bf2-41e1-85dc-57cfb15ff1c7,overdue_invoice,customer_delay,49864.58,2,1,213905.35,0.51,0.27,48.0,ESCALATE_TO_HUMAN,1,49864.58
888abb85-9534-4c2f-96b2-141e98790f04,overdue_invoice,invoice_dispute,8254.9,3,0,260202.68,0.67,0.7,3.0,RETRY_NOW,1,8254.9
888abb85-9534-4c2f-96b2-141e98790f04,overdue_invoice,invoice_dispute,8254.9,3,0,260202.68,0.67,0.7,3.0,RETRY_LATER,1,8254.9
888abb85-9534-4c2f-96b2-141e98790f04,overdue_invoice,invoice_dispute,8254.9,3,0,260202.68,0.67,0.7,3.0,SEND_REMINDER,1,8254.9
888abb85-9534-4c2f-96b2-141e98790f04,overdue_invoice,invoice_dispute,8254.9,3,0,260202.68,0.67,0.7,3.0,SUGGEST_ALTERNATIVE_PAYMENT,0,0.0
888abb85-9534-4c2f-96b2-141e98790f04,overdue_invoice,invoice_dispute,8254.9,3,0,260202.68,0.67,0.7,3.0,OFFER_INCENTIVE,0,0.0
888abb85-9534-4c2f-96b2-141e98790f04,overdue_invoice,invoice_dispute,8254.9,3,0,260202.68,0.67,0.7,3.0,ESCALATE_TO_HUMAN,1,8254.9
589d4a77-ad69-4ea9-97b3-5a0c1172c936,overdue_invoice,forgotten_invoice,37434.06,4,2,449162.48,0.45,0.18,126.0,RETRY_NOW,0,0.0
589d4a77-ad69-4ea9-97b3-5a0c1172c936,overdue_invoice,forgotten_invoice,37434.06,4,2,449162.48,0.45,0.18,126.0,RETRY_LATER,1,37434.06
589d4a77-ad69-4ea9-97b3-5a0c1172c936,overdue_invoice,forgotten_invoice,37434.06,4,2,449162.48,0.45,0.18,126.0,SEND_REMINDER,0,0.0
589d4a77-ad69-4ea9-97b3-5a0c1172c936,overdue_invoice,forgotten_invoice,37434.06,4,2,449162.48,0.45,0.18,126.0,SUGGEST_ALTERNATIVE_PAYMENT,1,37434.06
589d4a77-ad69-4ea9-97b3-5a0c1172c936,overdue_invoice,forgotten_invoice,37434.06,4,2,449162.48,0.45,0.18,126.0,OFFER_INCENTIVE,0,0.0
589d4a77-ad69-4ea9-97b3-5a0c1172c936,overdue_invoice,forgotten_invoice,37434.06,4,2,449162.48,0.45,0.18,126.0,ESCALATE_TO_HUMAN,0,0.0
43ec65d9-fc35-4bda-8f39-6bbdb0a138a6,subscription_failure,card_expired,57946.54,1,2,23866.37,0.76,0.86,21.0,RETRY_NOW,1,57946.54
43ec65d9-fc35-4bda-8f39-6bbdb0a138a6,subscription_failure,card_expired,57946.54,1,2,23866.37,0.76,0.86,21.0,RETRY_LATER,1,57946.54
43ec65d9-fc35-4bda-8f39-6bbdb0a138a6,subscription_failure,card_expired,57946.54,1,2,23866.37,0.76,0.86,21.0,SEND_REMINDER,1,57946.54
43ec65d9-fc35-4bda-8f39-6bbdb0a138a6,subscription_failure,card_expired,57946.54,1,2,23866.37,0.76,0.86,21.0,SUGGEST_ALTERNATIVE_PAYMENT,1,57946.54
43ec65d9-fc35-4bda-8f39-6bbdb0a138a6,subscription_failure,card_expired,57946.54,1,2,23866.37,0.76,0.86,21.0,OFFER_INCENTIVE,0,0.0
43ec65d9-fc35-4bda-8f39-6bbdb0a138a6,subscription_failure,card_expired,57946.54,1,2,23866.37,0.76,0.86,21.0,ESCALATE_TO_HUMAN,1,57946.54
a4ba10d5-aae4-4476-8fd9-f0f6c5169891,checkout_abandonment,payment_method_unavailable,64336.83,4,0,35137.39,0.74,0.65,157.0,RETRY_NOW,1,64336.83
a4ba10d5-aae4-4476-8fd9-f0f6c5169891,checkout_abandonment,payment_method_unavailable,64336.83,4,0,35137.39,0.74,0.65,157.0,RETRY_LATER,1,64336.83
a4ba10d5-aae4-4476-8fd9-f0f6c5169891,checkout_abandonment,payment_method_unavailable,64336.83,4,0,35137.39,0.74,0.65,157.0,SEND_REMINDER,1,64336.83
a4ba10d5-aae4-4476-8fd9-f0f6c5169891,checkout_abandonment,payment_method_unavailable,64336.83,4,0,35137.39,0.74,0.65,157.0,SUGGEST_ALTERNATIVE_PAYMENT,1,64336.83
a4ba10d5-aae4-4476-8fd9-f0f6c5169891,checkout_abandonment,payment_method_unavailable,64336.83,4,0,35137.39,0.74,0.65,157.0,OFFER_INCENTIVE,1,64336.83
a4ba10d5-aae4-4476-8fd9-f0f6c5169891,checkout_abandonment,payment_method_unavailable,64336.83,4,0,35137.39,0.74,0.65,157.0,ESCALATE_TO_HUMAN,0,0.0
818ee032-123e-4ef2-87b1-42d86b5b9742,overdue_invoice,customer_delay,92876.17,0,2,234561.51,0.87,0.74,143.0,RETRY_NOW,1,92876.17
818ee032-123e-4ef2-87b1-42d86b5b9742,overdue_invoice,customer_delay,92876.17,0,2,234561.51,0.87,0.74,143.0,RETRY_LATER,1,92876.17
818ee032-123e-4ef2-87b1-42d86b5b9742,overdue_invoice,customer_delay,92876.17,0,2,234561.51,0.87,0.74,143.0,SEND_REMINDER,1,92876.17
818ee032-123e-4ef2-87b1-42d86b5b9742,overdue_invoice,customer_delay,92876.17,0,2,234561.51,0.87,0.74,143.0,SUGGEST_ALTERNATIVE_PAYMENT,1,92876.17
818ee032-123e-4ef2-87b1-42d86b5b9742,overdue_invoice,customer_delay,92876.17,0,2,234561.51,0.87,0.74,143.0,OFFER_INCENTIVE,0,0.0
818ee032-123e-4ef2-87b1-42d86b5b9742,overdue_invoice,customer_delay,92876.17,0,2,234561.51,0.87,0.74,143.0,ESCALATE_TO_HUMAN,1,92876.17
c627dc56-a4c0-4d58-8faa-c978cb7b6588,checkout_abandonment,payment_method_unavailable,98887.68,4,1,103397.58,0.83,0.22,151.0,RETRY_NOW,1,98887.68
c627dc56-a4c0-4d58-8faa-c978cb7b6588,checkout_abandonment,payment_method_unavailable,98887.68,4,1,103397.58,0.83,0.22,151.0,RETRY_LATER,1,98887.68
c627dc56-a4c0-4d58-8faa-c978cb7b6588,checkout_abandonment,payment_method_unavailable,98887.68,4,1,103397.58,0.83,0.22,151.0,SEND_REMINDER,1,98887.68
c627dc56-a4c0-4d58-8faa-c978cb7b6588,checkout_abandonment,payment_method_unavailable,98887.68,4,1,103397.58,0.83,0.22,151.0,SUGGEST_ALTERNATIVE_PAYMENT,1,98887.68
c627dc56-a4c0-4d58-8faa-c978cb7b6588,checkout_abandonment,payment_method_unavailable,98887.68,4,1,103397.58,0.83,0.22,151.0,OFFER_INCENTIVE,1,98887.68
c627dc56-a4c0-4d58-8faa-c978cb7b6588,checkout_abandonment,payment_method_unavailable,98887.68,4,1,103397.58,0.83,0.22,151.0,ESCALATE_TO_HUMAN,1,98887.68
9f6e6eb4-5aaa-486e-99bd-7dc8eb67bdda,checkout_abandonment,price_hesitation,44126.27,3,5,346724.8,0.43,0.14,128.0,RETRY_NOW,0,0.0
9f6e6eb4-5aaa-486e-99bd-7dc8eb67bdda,checkout_abandonment,price_hesitation,44126.27,3,5,346724.8,0.43,0.14,128.0,RETRY_LATER,1,44126.27
9f6e6eb4-5aaa-486e-99bd-7dc8eb67bdda,checkout_abandonment,price_hesitation,44126.27,3,5,346724.8,0.43,0.14,128.0,SEND_REMINDER,1,44126.27
9f6e6eb4-5aaa-486e-99bd-7dc8eb67bdda,checkout_abandonment,price_hesitation,44126.27,3,5,346724.8,0.43,0.14,128.0,SUGGEST_ALTERNATIVE_PAYMENT,0,0.0
9f6e6eb4-5aaa-486e-99bd-7dc8eb67bdda,checkout_abandonment,price_hesitation,44126.27,3,5,346724.8,0.43,0.14,128.0,OFFER_INCENTIVE,0,0.0
9f6e6eb4-5aaa-486e-99bd-7dc8eb67bdda,checkout_abandonment,price_hesitation,44126.27,3,5,346724.8,0.43,0.14,128.0,ESCALATE_TO_HUMAN,0,0.0
7e2614be-3863-477c-9df8-be98d4f39dab,subscription_failure,insufficient_funds,29032.84,3,3,344197.21,0.63,0.01,77.0,RETRY_NOW,0,0.0
7e2614be-3863-477c-9df8-be98d4f39dab,subscription_failure,insufficient_funds,29032.84,3,3,344197.21,0.63,0.01,77.0,RETRY_LATER,1,29032.84
7e2614be-3863-477c-9df8-be98d4f39dab,subscription_failure,insufficient_funds,29032.84,3,3,344197.21,0.63,0.01,77.0,SEND_REMINDER,0,0.0
7e2614be-3863-477c-9df8-be98d4f39dab,subscription_failure,insufficient_funds,29032.84,3,3,344197.21,0.63,0.01,77.0,SUGGEST_ALTERNATIVE_PAYMENT,0,0.0
7e2614be-3863-477c-9df8-be98d4f39dab,subscription_failure,insufficient_funds,29032.84,3,3,344197.21,0.63,0.01,77.0,OFFER_INCENTIVE,1,29032.84
7e2614be-3863-477c-9df8-be98d4f39dab,subscription_failure,insufficient_funds,29032.84,3,3,344197.21,0.63,0.01,77.0,ESCALATE_TO_HUMAN,1,29032.84
7bdc35aa-92f5-43ed-ad7a-40856daa3b93,checkout_abandonment,payment_method_unavailable,21536.0,3,2,443889.6,0.89,0.92,12.0,RETRY_NOW,1,21536.0
7bdc35aa-92f5-43ed-ad7a-40856daa3b93,checkout_abandonment,payment_method_unavailable,21536.0,3,2,443889.6,0.89,0.92,12.0,RETRY_LATER,1,21536.0
7bdc35aa-92f5-43ed-ad7a-40856daa3b93,checkout_abandonment,payment_method_unavailable,21536.0,3,2,443889.6,0.89,0.92,12.0,SEND_REMINDER,1,21536.0
7bdc35aa-92f5-43ed-ad7a-40856daa3b93,checkout_abandonment,payment_method_unavailable,21536.0,3,2,443889.6,0.89,0.92,12.0,SUGGEST_ALTERNATIVE_PAYMENT,1,21536.0
7bdc35aa-92f5-43ed-ad7a-40856daa3b93,checkout_abandonment,payment_method_unavailable,21536.0,3,2,443889.6,0.89,0.92,12.0,OFFER_INCENTIVE,0,0.0
7bdc35aa-92f5-43ed-ad7a-40856daa3b93,checkout_abandonment,payment_method_unavailable,21536.0,3,2,443889.6,0.89,0.92,12.0,ESCALATE_TO_HUMAN,1,21536.0
4e54d36e-2c13-4b8d-a690-49f05c14642b,payment_failure,payment_timeout,97999.85,0,4,398580.65,0.67,0.27,122.0,RETRY_NOW,1,97999.85
4e54d36e-2c13-4b8d-a690-49f05c14642b,payment_failure,payment_timeout,97999.85,0,4,398580.65,0.67,0.27,122.0,RETRY_LATER,1,97999.85
4e54d36e-2c13-4b8d-a690-49f05c14642b,payment_failure,payment_timeout,97999.85,0,4,398580.65,0.67,0.27,122.0,SEND_REMINDER,1,97999.85
4e54d36e-2c13-4b8d-a690-49f05c14642b,payment_failure,payment_timeout,97999.85,0,4,398580.65,0.67,0.27,122.0,SUGGEST_ALTERNATIVE_PAYMENT,1,97999.85
4e54d36e-2c13-4b8d-a690-49f05c14642b,payment_failure,payment_timeout,97999.85,0,4,398580.65,0.67,0.27,122.0,OFFER_INCENTIVE,0,0.0
4e54d36e-2c13-4b8d-a690-49f05c14642b,payment_failure,payment_timeout,97999.85,0,4,398580.65,0.67,0.27,122.0,ESCALATE_TO_HUMAN,1,97999.85
0f2bcc3f-f85b-4c70-902d-fb65c7ce7645,overdue_invoice,invoice_dispute,95080.24,2,4,50577.96,0.88,0.36,166.0,RETRY_NOW,0,0.0
0f2bcc3f-f85b-4c70-902d-fb65c7ce7645,overdue_invoice,invoice_dispute,95080.24,2,4,50577.96,0.88,0.36,166.0,RETRY_LATER,1,95080.24
0f2bcc3f-f85b-4c70-902d-fb65c7ce7645,overdue_invoice,invoice_dispute,95080.24,2,4,50577.96,0.88,0.36,166.0,SEND_REMINDER,0,0.0
0f2bcc3f-f85b-4c70-902d-fb65c7ce7645,overdue_invoice,invoice_dispute,95080.24,2,4,50577.96,0.88,0.36,166.0,SUGGEST_ALTERNATIVE_PAYMENT,0,0.0
0f2bcc3f-f85b-4c70-902d-fb65c7ce7645,overdue_invoice,invoice_dispute,95080.24,2,4,50577.96,0.88,0.36,166.0,OFFER_INCENTIVE,0,0.0
0f2bcc3f-f85b-4c70-902d-fb65c7ce7645,overdue_invoice,invoice_dispute,95080.24,2,4,50577.96,0.88,0.36,166.0,ESCALATE_TO_HUMAN,0,0.0
99ff925c-88e1-425d-a257-4e270b5101c4,subscription_failure,mandate_failed,13171.16,4,3,474445.26,0.78,0.03,146.0,RETRY_NOW,0,0.0
99ff925c-88e1-425d-a257-4e270b5101c4,subscription_failure,mandate_failed,13171.16,4,3,474445.26,0.78,0.03,146.0,RETRY_LATER,0,0.0
99ff925c-88e1-425d-a257-4e270b5101c4,subscription_failure,mandate_failed,13171.16,4,3,474445.26,0.78,0.03,146.0,SEND_REMINDER,0,0.0
99ff925c-88e1-425d-a257-4e270b5101c4,subscription_failure,mandate_failed,13171.16,4,3,474445.26,0.78,0.03,146.0,SUGGEST_ALTERNATIVE_PAYMENT,1,13171.16
99ff925c-88e1-425d-a257-4e270b5101c4,subscription_failure,mandate_failed,13171.16,4,3,474445.26,0.78,0.03,146.0,OFFER_INCENTIVE,1,13171.16
99ff925c-88e1-425d-a257-4e270b5101c4,subscription_failure,mandate_failed,13171.16,4,3,474445.26,0.78,0.03,146.0,ESCALATE_TO_HUMAN,0,0.0
7006ec47-5ae8-4257-bf27-67671365b694,overdue_invoice,customer_delay,75683.12,0,4,494250.5,0.31,0.05,89.0,RETRY_NOW,0,0.0
7006ec47-5ae8-4257-bf27-67671365b694,overdue_invoice,customer_delay,75683.12,0,4,494250.5,0.31,0.05,89.0,RETRY_LATER,0,0.0
7006ec47-5ae8-4257-bf27-67671365b694,overdue_invoice,customer_delay,75683.12,0,4,494250.5,0.31,0.05,89.0,SEND_REMINDER,0,0.0
7006ec47-5ae8-4257-bf27-67671365b694,overdue_invoice,customer_delay,75683.12,0,4,494250.5,0.31,0.05,89.0,SUGGEST_ALTERNATIVE_PAYMENT,0,0.0
7006ec47-5ae8-4257-bf27-67671365b694,overdue_invoice,customer_delay,75683.12,0,4,494250.5,0.31,0.05,89.0,OFFER_INCENTIVE,0,0.0
7006ec47-5ae8-4257-bf27-67671365b694,overdue_invoice,customer_delay,75683.12,0,4,494250.5,0.31,0.05,89.0,ESCALATE_TO_HUMAN,0,0.0
2103e5ac-95ba-4022-ab9a-a8154a37b9f0,checkout_abandonment,payment_method_unavailable,73991.16,4,4,295203.87,0.42,0.98,73.0,RETRY_NOW,0,0.0
2103e5ac-95ba-4022-ab9a-a8154a37b9f0,checkout_abandonment,payment_method_unavailable,73991.16,4,4,295203.87,0.42,0.98,73.0,RETRY_LATER,1,73991.16
2103e5ac-95ba-4022-ab9a-a8154a37b9f0,checkout_abandonment,payment_method_unavailable,73991.16,4,4,295203.87,0.42,0.98,73.0,SEND_REMINDER,1,73991.16
2103e5ac-95ba-4022-ab9a-a8154a37b9f0,checkout_abandonment,payment_method_unavailable,73991.16,4,4,295203.87,0.42,0.98,73.0,SUGGEST_ALTERNATIVE_PAYMENT,1,73991.16
2103e5ac-95ba-4022-ab9a-a8154a37b9f0,checkout_abandonment,payment_method_unavailable,73991.16,4,4,295203.87,0.42,0.98,73.0,OFFER_INCENTIVE,0,0.0
2103e5ac-95ba-4022-ab9a-a8154a37b9f0,checkout_abandonment,payment_method_unavailable,73991.16,4,4,295203.87,0.42,0.98,73.0,ESCALATE_TO_HUMAN,1,73991.16
338907e2-5f6f-40bc-ad4e-831bb3b31647,overdue_invoice,forgotten_invoice,47959.48,3,3,150007.71,0.95,0.75,138.0,RETRY_NOW,1,47959.48
338907e2-5f6f-40bc-ad4e-831bb3b31647,overdue_invoice,forgotten_invoice,47959.48,3,3,150007.71,0.95,0.75,138.0,RETRY_LATER,1,47959.48
338907e2-5f6f-40bc-ad4e-831bb3b31647,overdue_invoice,forgotten_invoice,47959.48,3,3,150007.71,0.95,0.75,138.0,SEND_REMINDER,1,47959.48
338907e2-5f6f-40bc-ad4e-831bb3b31647,overdue_invoice,forgotten_invoice,47959.48,3,3,150007.71,0.95,0.75,138.0,SUGGEST_ALTERNATIVE_PAYMENT,1,47959.48
338907e2-5f6f-40bc-ad4e-831bb3b31647,overdue_invoice,forgotten_invoice,47959.48,3,3,150007.71,0.95,0.75,138.0,OFFER_INCENTIVE,1,47959.48
338907e2-5f6f-40bc-ad4e-831bb3b31647,overdue_invoice,forgotten_invoice,47959.48,3,3,150007.71,0.95,0.75,138.0,ESCALATE_TO_HUMAN,1,47959.48
4aa0e37b-bcf9-41a0-b42f-2a2edcb18f44,checkout_abandonment,payment_method_unavailable,92613.5,1,3,82088.38,0.39,0.18,7.0,RETRY_NOW,1,92613.5
4aa0e37b-bcf9-41a0-b42f-2a2edcb18f44,checkout_abandonment,payment_method_unavailable,92613.5,1,3,82088.38,0.39,0.18,7.0,RETRY_LATER,0,0.0
4aa0e37b-bcf9-41a0-b42f-2a2edcb18f44,checkout_abandonment,payment_method_unavailable,92613.5,1,3,82088.38,0.39,0.18,7.0,SEND_REMINDER,1,92613.5
4aa0e37b-bcf9-41a0-b42f-2a2edcb18f44,checkout_abandonment,payment_method_unavailable,92613.5,1,3,82088.38,0.39,0.18,7.0,SUGGEST_ALTERNATIVE_PAYMENT,1,92613.5
4aa0e37b-bcf9-41a0-b42f-2a2edcb18f44,checkout_abandonment,payment_method_unavailable,92613.5,1,3,82088.38,0.39,0.18,7.0,OFFER_INCENTIVE,0,0.0
4aa0e37b-bcf9-41a0-b42f-2a2edcb18f44,checkout_abandonment,payment_method_unavailable,92613.5,1,3,82088.38,0.39,0.18,7.0,ESCALATE_TO_HUMAN,0,0.0
bca56cc0-741a-4907-a14b-2cc547a86ca5,subscription_failure,mandate_failed,6016.19,1,2,84273.81,0.89,0.89,27.0,RETRY_NOW,1,6016.19
bca56cc0-741a-4907-a14b-2cc547a86ca5,subscription_failure,mandate_failed,6016.19,1,2,84273.81,0.89,0.89,27.0,RETRY_LATER,1,6016.19
bca56cc0-741a-4907-a14b-2cc547a86ca5,subscription_failure,mandate_failed,6016.19,1,2,84273.81,0.89,0.89,27.0,SEND_REMINDER,1,6016.19
bca56cc0-741a-4907-a14b-2cc547a86ca5,subscription_failure,mandate_failed,6016.19,1,2,84273.81,0.89,0.89,27.0,SUGGEST_ALTERNATIVE_PAYMENT,1,6016.19
bca56cc0-741a-4907-a14b-2cc547a86ca5,subscription_failure,mandate_failed,6016.19,1,2,84273.81,0.89,0.89,27.0,OFFER_INCENTIVE,0,0.0
bca56cc0-741a-4907-a14b-2cc547a86ca5,subscription_failure,mandate_failed,6016.19,1,2,84273.81,0.89,0.89,27.0,ESCALATE_TO_HUMAN,1,6016.19
07b1d096-5f74-49db-bc53-841e9b89b7bf,checkout_abandonment,payment_method_unavailable,78004.65,1,2,315885.35,0.59,0.06,163.0,RETRY_NOW,1,78004.65
07b1d096-5f74-49db-bc53-841e9b89b7bf,checkout_abandonment,payment_method_unavailable,78004.65,1,2,315885.35,0.59,0.06,163.0,RETRY_LATER,0,0.0
07b1d096-5f74-49db-bc53-841e9b89b7bf,checkout_abandonment,payment_method_unavailable,78004.65,1,2,315885.35,0.59,0.06,163.0,SEND_REMINDER,1,78004.65
07b1d096-5f74-49db-bc53-841e9b89b7bf,checkout_abandonment,payment_method_unavailable,78004.65,1,2,315885.35,0.59,0.06,163.0,SUGGEST_ALTERNATIVE_PAYMENT,1,78004.65
07b1d096-5f74-49db-bc53-841e9b89b7bf,checkout_abandonment,payment_method_unavailable,78004.65,1,2,315885.35,0.59,0.06,163.0,OFFER_INCENTIVE,0,0.0
07b1d096-5f74-49db-bc53-841e9b89b7bf,checkout_abandonment,payment_method_unavailable,78004.65,1,2,315885.35,0.59,0.06,163.0,ESCALATE_TO_HUMAN,0,0.0
72e2aea1-c8bd-456c-a819-6b93e3587d8a,overdue_invoice,cash_flow_issue,91516.75,4,4,483925.31,0.65,0.39,35.0,RETRY_NOW,0,0.0
72e2aea1-c8bd-456c-a819-6b93e3587d8a,overdue_invoice,cash_flow_issue,91516.75,4,4,483925.31,0.65,0.39,35.0,RETRY_LATER,1,91516.75
72e2aea1-c8bd-456c-a819-6b93e3587d8a,overdue_invoice,cash_flow_issue,91516.75,4,4,483925.31,0.65,0.39,35.0,SEND_REMINDER,0,0.0
72e2aea1-c8bd-456c-a819-6b93e3587d8a,overdue_invoice,cash_flow_issue,91516.75,4,4,483925.31,0.65,0.39,35.0,SUGGEST_ALTERNATIVE_PAYMENT,1,91516.75
72e2aea1-c8bd-456c-a819-6b93e3587d8a,overdue_invoice,cash_flow_issue,91516.75,4,4,483925.31,0.65,0.39,35.0,OFFER_INCENTIVE,1,91516.75
72e2aea1-c8bd-456c-a819-6b93e3587d8a,overdue_invoice,cash_flow_issue,91516.75,4,4,483925.31,0.65,0.39,35.0,ESCALATE_TO_HUMAN,0,0.0
e302c966-fb93-49ac-916f-bb482a402643,payment_failure,payment_timeout,4855.84,0,1,90140.76,0.95,0.49,28.0,RETRY_NOW,0,0.0
e302c966-fb93-49ac-916f-bb482a402643,payment_failure,payment_timeout,4855.84,0,1,90140.76,0.95,0.49,28.0,RETRY_LATER,1,4855.84
e302c966-fb93-49ac-916f-bb482a402643,payment_failure,payment_timeout,4855.84,0,1,90140.76,0.95,0.49,28.0,SEND_REMINDER,1,4855.84
e302c966-fb93-49ac-916f-bb482a402643,payment_failure,payment_timeout,4855.84,0,1,90140.76,0.95,0.49,28.0,SUGGEST_ALTERNATIVE_PAYMENT,1,4855.84
e302c966-fb93-49ac-916f-bb482a402643,payment_failure,payment_timeout,4855.84,0,1,90140.76,0.95,0.49,28.0,OFFER_INCENTIVE,0,0.0
e302c966-fb93-49ac-916f-bb482a402643,payment_failure,payment_timeout,4855.84,0,1,90140.76,0.95,0.49,28.0,ESCALATE_TO_HUMAN,1,4855.84
5e826857-9f64-4ca0-9627-158902052141,subscription_failure,card_expired,93209.73,2,0,439185.36,0.28,0.74,28.0,RETRY_NOW,1,93209.73
5e826857-9f64-4ca0-9627-158902052141,subscription_failure,card_expired,93209.73,2,0,439185.36,0.28,0.74,28.0,RETRY_LATER,0,0.0
5e826857-9f64-4ca0-9627-158902052141,subscription_failure,card_expired,93209.73,2,0,439185.36,0.28,0.74,28.0,SEND_REMINDER,0,0.0
5e826857-9f64-4ca0-9627-158902052141,subscription_failure,card_expired,93209.73,2,0,439185.36,0.28,0.74,28.0,SUGGEST_ALTERNATIVE_PAYMENT,1,93209.73
5e826857-9f64-4ca0-9627-158902052141,subscription_failure,card_expired,93209.73,2,0,439185.36,0.28,0.74,28.0,OFFER_INCENTIVE,1,93209.73
5e826857-9f64-4ca0-9627-158902052141,subscription_failure,card_expired,93209.73,2,0,439185.36,0.28,0.74,28.0,ESCALATE_TO_HUMAN,0,0.0
4d78e91a-5b3b-49d4-9f0c-5c5f5e86b653,overdue_invoice,customer_delay,10749.43,4,0,439466.8,0.25,0.77,7.0,RETRY_NOW,0,0.0
4d78e91a-5b3b-49d4-9f0c-5c5f5e86b653,overdue_invoice,customer_delay,10749.43,4,0,439466.8,0.25,0.77,7.0,RETRY_LATER,1,10749.43
4d78e91a-5b3b-49d4-9f0c-5c5f5e86b653,overdue_invoice,customer_delay,10749.43,4,0,439466.8,0.25,0.77,7.0,SEND_REMINDER,0,0.0
4d78e91a-5b3b-49d4-9f0c-5c5f5e86b653,overdue_invoice,customer_delay,10749.43,4,0,439466.8,0.25,0.77,7.0,SUGGEST_ALTERNATIVE_PAYMENT,1,10749.43
4d78e91a-5b3b-49d4-9f0c-5c5f5e86b653,overdue_invoice,customer_delay,10749.43,4,0,439466.8,0.25,0.77,7.0,OFFER_INCENTIVE,1,10749.43
4d78e91a-5b3b-49d4-9f0c-5c5f5e86b653,overdue_invoice,customer_delay,10749.43,4,0,439466.8,0.25,0.77,7.0,ESCALATE_TO_HUMAN,0,0.0
843f0121-606f-4c15-a829-249aea7c25a0,subscription_failure,card_expired,39417.85,4,1,294706.39,0.82,1.0,89.0,RETRY_NOW,0,0.0
843f0121-606f-4c15-a829-249aea7c25a0,subscription_failure,card_expired,39417.85,4,1,294706.39,0.82,1.0,89.0,RETRY_LATER,1,39417.85
843f0121-606f-4c15-a829-249aea7c25a0,subscription_failure,card_expired,39417.85,4,1,294706.39,0.82,1.0,89.0,SEND_REMINDER,1,39417.85
843f0121-606f-4c15-a829-249aea7c25a0,subscription_failure,card_expired,39417.85,4,1,294706.39,0.82,1.0,89.0,SUGGEST_ALTERNATIVE_PAYMENT,1,39417.85
843f0121-606f-4c15-a829-249aea7c25a0,subscription_failure,card_expired,39417.85,4,1,294706.39,0.82,1.0,89.0,OFFER_INCENTIVE,0,0.0
843f0121-606f-4c15-a829-249aea7c25a0,subscription_failure,card_expired,39417.85,4,1,294706.39,0.82,1.0,89.0,ESCALATE_TO_HUMAN,0,0.0
9baa5afe-3679-4bb7-9e00-201d03d47545,payment_failure,payment_timeout,24487.63,0,2,36434.99,0.71,0.13,82.0,RETRY_NOW,1,24487.63
9baa5afe-3679-4bb7-9e00-201d03d47545,payment_failure,payment_timeout,24487.63,0,2,36434.99,0.71,0.13,82.0,RETRY_LATER,0,0.0
9baa5afe-3679-4bb7-9e00-201d03d47545,payment_failure,payment_timeout,24487.63,0,2,36434.99,0.71,0.13,82.0,SEND_REMINDER,0,0.0
9baa5afe-3679-4bb7-9e00-201d03d47545,payment_failure,payment_timeout,24487.63,0,2,36434.99,0.71,0.13,82.0,SUGGEST_ALTERNATIVE_PAYMENT,1,24487.63
9baa5afe-3679-4bb7-9e00-201d03d47545,payment_failure,payment_timeout,24487.63,0,2,36434.99,0.71,0.13,82.0,OFFER_INCENTIVE,1,24487.63
9baa5afe-3679-4bb7-9e00-201d03d47545,payment_failure,payment_timeout,24487.63,0,2,36434.99,0.71,0.13,82.0,ESCALATE_TO_HUMAN,0,0.0
9a045dbf-e4c5-4bf5-8eae-c64c76d99e66,overdue_invoice,customer_delay,54441.4,0,1,19943.91,0.34,0.22,155.0,RETRY_NOW,0,0.0
9a045dbf-e4c5-4bf5-8eae-c64c76d99e66,overdue_invoice,customer_delay,54441.4,0,1,19943.91,0.34,0.22,155.0,RETRY_LATER,0,0.0
9a045dbf-e4c5-4bf5-8eae-c64c76d99e66,overdue_invoice,customer_delay,54441.4,0,1,19943.91,0.34,0.22,155.0,SEND_REMINDER,1,54441.4
9a045dbf-e4c5-4bf5-8eae-c64c76d99e66,overdue_invoice,customer_delay,54441.4,0,1,19943.91,0.34,0.22,155.0,SUGGEST_ALTERNATIVE_PAYMENT,1,54441.4
9a045dbf-e4c5-4bf5-8eae-c64c76d99e66,overdue_invoice,customer_delay,54441.4,0,1,19943.91,0.34,0.22,155.0,OFFER_INCENTIVE,0,0.0
9a045dbf-e4c5-4bf5-8eae-c64c76d99e66,overdue_invoice,customer_delay,54441.4,0,1,19943.91,0.34,0.22,155.0,ESCALATE_TO_HUMAN,1,54441.4
50921984-a09f-4df3-aa66-b600d915a921,subscription_failure,card_expired,51740.52,0,2,121627.19,0.28,0.25,116.0,RETRY_NOW,1,51740.52
50921984-a09f-4df3-aa66-b600d915a921,subscription_failure,card_expired,51740.52,0,2,121627.19,0.28,0.25,116.0,RETRY_LATER,0,0.0
50921984-a09f-4df3-aa66-b600d915a921,subscription_failure,card_expired,51740.52,0,2,121627.19,0.28,0.25,116.0,SEND_REMINDER,1,51740.52
50921984-a09f-4df3-aa66-b600d915a921,subscription_failure,card_expired,51740.52,0,2,121627.19,0.28,0.25,116.0,SUGGEST_ALTERNATIVE_PAYMENT,1,51740.52
50921984-a09f-4df3-aa66-b600d915a921,subscription_failure,card_expired,51740.52,0,2,121627.19,0.28,0.25,116.0,OFFER_INCENTIVE,1,51740.52
50921984-a09f-4df3-aa66-b600d915a921,subscription_failure,card_expired,51740.52,0,2,121627.19,0.28,0.25,116.0,ESCALATE_TO_HUMAN,0,0.0
a5c3f685-b74c-4e86-b4c6-ab3fe48c7238,subscription_failure,insufficient_funds,62001.17,3,2,465863.2,0.27,0.25,59.0,RETRY_NOW,0,0.0
a5c3f685-b74c-4e86-b4c6-ab3fe48c7238,subscription_failure,insufficient_funds,62001.17,3,2,465863.2,0.27,0.25,59.0,RETRY_LATER,0,0.0
a5c3f685-b74c-4e86-b4c6-ab3fe48c7238,subscription_failure,insufficient_funds,62001.17,3,2,465863.2,0.27,0.25,59.0,SEND_REMINDER,1,62001.17
a5c3f685-b74c-4e86-b4c6-ab3fe48c7238,subscription_failure,insufficient_funds,62001.17,3,2,465863.2,0.27,0.25,59.0,SUGGEST_ALTERNATIVE_PAYMENT,0,0.0
a5c3f685-b74c-4e86-b4c6-ab3fe48c7238,subscription_failure,insufficient_funds,62001.17,3,2,465863.2,0.27,0.25,59.0,OFFER_INCENTIVE,0,0.0
a5c3f685-b74c-4e86-b4c6-ab3fe48c7238,subscription_failure,insufficient_funds,62001.17,3,2,465863.2,0.27,0.25,59.0,ESCALATE_TO_HUMAN,1,62001.17
0073d0fc-8c1a-4b92-80e6-9b4d27e83963,checkout_abandonment,high_friction,83578.83,4,3,363890.16,0.64,0.78,29.0,RETRY_NOW,1,83578.83
0073d0fc-8c1a-4b92-80e6-9b4d27e83963,checkout_abandonment,high_friction,83578.83,4,3,363890.16,0.64,0.78,29.0,RETRY_LATER,1,83578.83
0073d0fc-8c1a-4b92-80e6-9b4d27e83963,checkout_abandonment,high_friction,83578.83,4,3,363890.16,0.64,0.78,29.0,SEND_REMINDER,1,83578.83
0073d0fc-8c1a-4b92-80e6-9b4d27e83963,checkout_abandonment,high_friction,83578.83,4,3,363890.16,0.64,0.78,29.0,SUGGEST_ALTERNATIVE_PAYMENT,0,0.0
0073d0fc-8c1a-4b92-80e6-9b4d27e83963,checkout_abandonment,high_friction,83578.83,4,3,363890.16,0.64,0.78,29.0,OFFER_INCENTIVE,1,83578.83
0073d0fc-8c1a-4b92-80e6-9b4d27e83963,checkout_abandonment,high_friction,83578.83,4,3,363890.16,0.64,0.78,29.0,ESCALATE_TO_HUMAN,0,0.0
404bf17e-c3bb-4004-938d-0857aa073758,subscription_failure,mandate_failed,18354.43,2,0,267533.41,0.21,0.55,14.0,RETRY_NOW,0,0.0
404bf17e-c3bb-4004-938d-0857aa073758,subscription_failure,mandate_failed,18354.43,2,0,267533.41,0.21,0.55,14.0,RETRY_LATER,1,18354.43
404bf17e-c3bb-4004-938d-0857aa073758,subscription_failure,mandate_failed,18354.43,2,0,267533.41,0.21,0.55,14.0,SEND_REMINDER,1,18354.43
404bf17e-c3bb-4004-938d-0857aa073758,subscription_failure,mandate_failed,18354.43,2,0,267533.41,0.21,0.55,14.0,SUGGEST_ALTERNATIVE_PAYMENT,1,18354.43
404bf17e-c3bb-4004-938d-0857aa073758,subscription_failure,mandate_failed,18354.43,2,0,267533.41,0.21,0.55,14.0,OFFER_INCENTIVE,1,18354.43
404bf17e-c3bb-4004-938d-0857aa073758,subscription_failure,mandate_failed,18354.43,2,0,267533.41,0.21,0.55,14.0,ESCALATE_TO_HUMAN,1,18354.43
7a1328fb-33b8-4955-b1b2-b27c4c012dce,checkout_abandonment,payment_method_unavailable,83189.15,3,2,455341.97,0.27,0.41,7.0,RETRY_NOW,0,0.0
7a1328fb-33b8-4955-b1b2-b27c4c012dce,checkout_abandonment,payment_method_unavailable,83189.15,3,2,455341.97,0.27,0.41,7.0,RETRY_LATER,0,0.0
7a1328fb-33b8-4955-b1b2-b27c4c012dce,checkout_abandonment,payment_method_unavailable,83189.15,3,2,455341.97,0.27,0.41,7.0,SEND_REMINDER,1,83189.15
7a1328fb-33b8-4955-b1b2-b27c4c012dce,checkout_abandonment,payment_method_unavailable,83189.15,3,2,455341.97,0.27,0.41,7.0,SUGGEST_ALTERNATIVE_PAYMENT,1,83189.15
7a1328fb-33b8-4955-b1b2-b27c4c012dce,checkout_abandonment,payment_method_unavailable,83189.15,3,2,455341.97,0.27,0.41,7.0,OFFER_INCENTIVE,0,0.0
7a1328fb-33b8-4955-b1b2-b27c4c012dce,checkout_abandonment,payment_method_unavailable,83189.15,3,2,455341.97,0.27,0.41,7.0,ESCALATE_TO_HUMAN,1,83189.15
4c0214d6-16d9-498a-a397-89b391326f95,subscription_failure,mandate_failed,56112.75,1,5,164909.8,0.71,0.09,135.0,RETRY_NOW,1,56112.75
4c0214d6-16d9-498a-a397-89b391326f95,subscription_failure,mandate_failed,56112.75,1,5,164909.8,0.71,0.09,135.0,RETRY_LATER,1,56112.75
4c0214d6-16d9-498a-a397-89b391326f95,subscription_failure,mandate_failed,56112.75,1,5,164909.8,0.71,0.09,135.0,SEND_REMINDER,0,0.0
4c0214d6-16d9-498a-a397-89b391326f95,subscription_failure,mandate_failed,56112.75,1,5,164909.8,0.71,0.09,135.0,SUGGEST_ALTERNATIVE_PAYMENT,1,56112.75
4c0214d6-16d9-498a-a397-89b391326f95,subscription_failure,mandate_failed,56112.75,1,5,164909.8,0.71,0.09,135.0,OFFER_INCENTIVE,0,0.0
4c0214d6-16d9-498a-a397-89b391326f95,subscription_failure,mandate_failed,56112.75,1,5,164909.8,0.71,0.09,135.0,ESCALATE_TO_HUMAN,1,56112.75
d48f7534-5e2d-4673-979d-40653bad8e15,payment_failure,temporary_bank_failure,13588.82,4,2,492991.84,0.22,0.57,156.0,RETRY_NOW,0,0.0
d48f7534-5e2d-4673-979d-40653bad8e15,payment_failure,temporary_bank_failure,13588.82,4,2,492991.84,0.22,0.57,156.0,RETRY_LATER,0,0.0
d48f7534-5e2d-4673-979d-40653bad8e15,payment_failure,temporary_bank_failure,13588.82,4,2,492991.84,0.22,0.57,156.0,SEND_REMINDER,0,0.0
d48f7534-5e2d-4673-979d-40653bad8e15,payment_failure,temporary_bank_failure,13588.82,4,2,492991.84,0.22,0.57,156.0,SUGGEST_ALTERNATIVE_PAYMENT,0,0.0
d48f7534-5e2d-4673-979d-40653bad8e15,payment_failure,temporary_bank_failure,13588.82,4,2,492991.84,0.22,0.57,156.0,OFFER_INCENTIVE,0,0.0
d48f7534-5e2d-4673-979d-40653bad8e15,payment_failure,temporary_bank_failure,13588.82,4,2,492991.84,0.22,0.57,156.0,ESCALATE_TO_HUMAN,0,0.0
bdc79e46-199a-4d2d-9dbf-c1f5e2fac591,checkout_abandonment,payment_method_unavailable,26855.58,2,5,281122.7,0.4,0.43,150.0,RETRY_NOW,1,26855.58
bdc79e46-199a-4d2d-9dbf-c1f5e2fac591,checkout_abandonment,payment_method_unavailable,26855.58,2,5,281122.7,0.4,0.43,150.0,RETRY_LATER,1,26855.58
bdc79e46-199a-4d2d-9dbf-c1f5e2fac591,checkout_abandonment,payment_method_unavailable,26855.58,2,5,281122.7,0.4,0.43,150.0,SEND_REMINDER,1,26855.58
bdc79e46-199a-4d2d-9dbf-c1f5e2fac591,checkout_abandonment,payment_method_unavailable,26855.58,2,5,281122.7,0.4,0.43,150.0,SUGGEST_ALTERNATIVE_PAYMENT,1,26855.58
bdc79e46-199a-4d2d-9dbf-c1f5e2fac591,checkout_abandonment,payment_method_unavailable,26855.58,2,5,281122.7,0.4,0.43,150.0,OFFER_INCENTIVE,0,0.0
bdc79e46-199a-4d2d-9dbf-c1f5e2fac591,checkout_abandonment,payment_method_unavailable,26855.58,2,5,281122.7,0.4,0.43,150.0,ESCALATE_TO_HUMAN,1,26855.58
8936427d-d89e-4ad5-9c77-aa90a47b3ba0,subscription_failure,card_expired,41604.17,1,2,76238.45,0.9,0.99,105.0,RETRY_NOW,1,41604.17
8936427d-d89e-4ad5-9c77-aa90a47b3ba0,subscription_failure,card_expired,41604.17,1,2,76238.45,0.9,0.99,105.0,RETRY_LATER,1,41604.17
8936427d-d89e-4ad5-9c77-aa90a47b3ba0,subscription_failure,card_expired,41604.17,1,2,76238.45,0.9,0.99,105.0,SEND_REMINDER,1,41604.17
8936427d-d89e-4ad5-9c77-aa90a47b3ba0,subscription_failure,card_expired,41604.17,1,2,76238.45,0.9,0.99,105.0,SUGGEST_ALTERNATIVE_PAYMENT,1,41604.17
8936427d-d89e-4ad5-9c77-aa90a47b3ba0,subscription_failure,card_expired,41604.17,1,2,76238.45,0.9,0.99,105.0,OFFER_INCENTIVE,1,41604.17
8936427d-d89e-4ad5-9c77-aa90a47b3ba0,subscription_failure,card_expired,41604.17,1,2,76238.45,0.9,0.99,105.0,ESCALATE_TO_HUMAN,1,41604.17
12f7cb56-b908-491b-9447-92d303bc7ef8,checkout_abandonment,unknown,32413.47,2,1,13079.21,0.68,0.62,90.0,RETRY_NOW,0,0.0
12f7cb56-b908-491b-9447-92d303bc7ef8,checkout_abandonment,unknown,32413.47,2,1,13079.21,0.68,0.62,90.0,RETRY_LATER,1,32413.47
12f7cb56-b908-491b-9447-92d303bc7ef8,checkout_abandonment,unknown,32413.47,2,1,13079.21,0.68,0.62,90.0,SEND_REMINDER,1,32413.47
12f7cb56-b908-491b-9447-92d303bc7ef8,checkout_abandonment,unknown,32413.47,2,1,13079.21,0.68,0.62,90.0,SUGGEST_ALTERNATIVE_PAYMENT,1,32413.47
12f7cb56-b908-491b-9447-92d303bc7ef8,checkout_abandonment,unknown,32413.47,2,1,13079.21,0.68,0.62,90.0,OFFER_INCENTIVE,1,32413.47
12f7cb56-b908-491b-9447-92d303bc7ef8,checkout_abandonment,unknown,32413.47,2,1,13079.21,0.68,0.62,90.0,ESCALATE_TO_HUMAN,0,0.0
240fa487-59bb-44a8-a8f6-7087ab458380,overdue_invoice,customer_delay,49428.78,1,1,343539.06,0.66,0.95,145.0,RETRY_NOW,1,49428.78
240fa487-59bb-44a8-a8f6-7087ab458380,overdue_invoice,customer_delay,49428.78,1,1,343539.06,0.66,0.95,145.0,RETRY_LATER,1,49428.78
240fa487-59bb-44a8-a8f6-7087ab458380,overdue_invoice,customer_delay,49428.78,1,1,343539.06,0.66,0.95,145.0,SEND_REMINDER,1,49428.78
240fa487-59bb-44a8-a8f6-7087ab458380,overdue_invoice,customer_delay,49428.78,1,1,343539.06,0.66,0.95,145.0,SUGGEST_ALTERNATIVE_PAYMENT,1,49428.78
240fa487-59bb-44a8-a8f6-7087ab458380,overdue_invoice,customer_delay,49428.78,1,1,343539.06,0.66,0.95,145.0,OFFER_INCENTIVE,1,49428.78
240fa487-59bb-44a8-a8f6-7087ab458380,overdue_invoice,customer_delay,49428.78,1,1,343539.06,0.66,0.95,145.0,ESCALATE_TO_HUMAN,1,49428.78
ae8a6451-dc03-4718-a384-8f0cd6ff0c5c,overdue_invoice,forgotten_invoice,20367.64,2,0,86245.26,0.22,0.84,122.0,RETRY_NOW,1,20367.64
ae8a6451-dc03-4718-a384-8f0cd6ff0c5c,overdue_invoice,forgotten_invoice,20367.64,2,0,86245.26,0.22,0.84,122.0,RETRY_LATER,1,20367.64
ae8a6451-dc03-4718-a384-8f0cd6ff0c5c,overdue_invoice,forgotten_invoice,20367.64,2,0,86245.26,0.22,0.84,122.0,SEND_REMINDER,1,20367.64
ae8a6451-dc03-4718-a384-8f0cd6ff0c5c,overdue_invoice,forgotten_invoice,20367.64,2,0,86245.26,0.22,0.84,122.0,SUGGEST_ALTERNATIVE_PAYMENT,1,20367.64
ae8a6451-dc03-4718-a384-8f0cd6ff0c5c,overdue_invoice,forgotten_invoice,20367.64,2,0,86245.26,0.22,0.84,122.0,OFFER_INCENTIVE,0,0.0
ae8a6451-dc03-4718-a384-8f0cd6ff0c5c,overdue_invoice,forgotten_invoice,20367.64,2,0,86245.26,0.22,0.84,122.0,ESCALATE_TO_HUMAN,1,20367.64
de578052-c20e-4b90-9d41-01da51327df7,overdue_invoice,forgotten_invoice,94711.44,4,3,264309.22,0.33,0.93,55.0,RETRY_NOW,1,94711.44
de578052-c20e-4b90-9d41-01da51327df7,overdue_invoice,forgotten_invoice,94711.44,4,3,264309.22,0.33,0.93,55.0,RETRY_LATER,1,94711.44
de578052-c20e-4b90-9d41-01da51327df7,overdue_invoice,forgotten_invoice,94711.44,4,3,264309.22,0.33,0.93,55.0,SEND_REMINDER,0,0.0
de578052-c20e-4b90-9d41-01da51327df7,overdue_invoice,forgotten_invoice,94711.44,4,3,264309.22,0.33,0.93,55.0,SUGGEST_ALTERNATIVE_PAYMENT,1,94711.44
de578052-c20e-4b90-9d41-01da51327df7,overdue_invoice,forgotten_invoice,94711.44,4,3,264309.22,0.33,0.93,55.0,OFFER_INCENTIVE,0,0.0
de578052-c20e-4b90-9d41-01da51327df7,overdue_invoice,forgotten_invoice,94711.44,4,3,264309.22,0.33,0.93,55.0,ESCALATE_TO_HUMAN,1,94711.44
7912035a-7167-42ea-aeab-6d5958079d57,checkout_abandonment,payment_method_unavailable,87857.04,1,1,320257.17,0.82,0.5,111.0,RETRY_NOW,0,0.0
7912035a-7167-42ea-aeab-6d5958079d57,checkout_abandonment,payment_method_unavailable,87857.04,1,1,320257.17,0.82,0.5,111.0,RETRY_LATER,1,87857.04
7912035a-7167-42ea-aeab-6d5958079d57,checkout_abandonment,payment_method_unavailable,87857.04,1,1,320257.17,0.82,0.5,111.0,SEND_REMINDER,1,87857.04
7912035a-7167-42ea-aeab-6d5958079d57,checkout_abandonment,payment_method_unavailable,87857.04,1,1,320257.17,0.82,0.5,111.0,SUGGEST_ALTERNATIVE_PAYMENT,1,87857.04
7912035a-7167-42ea-aeab-6d5958079d57,checkout_abandonment,payment_method_unavailable,87857.04,1,1,320257.17,0.82,0.5,111.0,OFFER_INCENTIVE,1,87857.04
7912035a-7167-42ea-aeab-6d5958079d57,checkout_abandonment,payment_method_unavailable,87857.04,1,1,320257.17,0.82,0.5,111.0,ESCALATE_TO_HUMAN,1,87857.04
73ee5f85-d5e6-4579-be3a-6299107448c6,overdue_invoice,invoice_dispute,79476.67,0,2,368244.76,0.97,0.66,132.0,RETRY_NOW,1,79476.67
73ee5f85-d5e6-4579-be3a-6299107448c6,overdue_invoice,invoice_dispute,79476.67,0,2,368244.76,0.97,0.66,132.0,RETRY_LATER,1,79476.67
73ee5f85-d5e6-4579-be3a-6299107448c6,overdue_invoice,invoice_dispute,79476.67,0,2,368244.76,0.97,0.66,132.0,SEND_REMINDER,1,79476.67
73ee5f85-d5e6-4579-be3a-6299107448c6,overdue_invoice,invoice_dispute,79476.67,0,2,368244.76,0.97,0.66,132.0,SUGGEST_ALTERNATIVE_PAYMENT,1,79476.67
73ee5f85-d5e6-4579-be3a-6299107448c6,overdue_invoice,invoice_dispute,79476.67,0,2,368244.76,0.97,0.66,132.0,OFFER_INCENTIVE,0,0.0
73ee5f85-d5e6-4579-be3a-6299107448c6,overdue_invoice,invoice_dispute,79476.67,0,2,368244.76,0.97,0.66,132.0,ESCALATE_TO_HUMAN,1,79476.67
ac950110-a901-47d3-ab56-36e862c975fc,overdue_invoice,forgotten_invoice,17279.63,3,2,393044.4,0.45,0.13,93.0,RETRY_NOW,1,17279.63
ac950110-a901-47d3-ab56-36e862c975fc,overdue_invoice,forgotten_invoice,17279.63,3,2,393044.4,0.45,0.13,93.0,RETRY_LATER,0,0.0
ac950110-a901-47d3-ab56-36e862c975fc,overdue_invoice,forgotten_invoice,17279.63,3,2,393044.4,0.45,0.13,93.0,SEND_REMINDER,0,0.0
ac950110-a901-47d3-ab56-36e862c975fc,overdue_invoice,forgotten_invoice,17279.63,3,2,393044.4,0.45,0.13,93.0,SUGGEST_ALTERNATIVE_PAYMENT,1,17279.63
ac950110-a901-47d3-ab56-36e862c975fc,overdue_invoice,forgotten_invoice,17279.63,3,2,393044.4,0.45,0.13,93.0,OFFER_INCENTIVE,0,0.0
ac950110-a901-47d3-ab56-36e862c975fc,overdue_invoice,forgotten_invoice,17279.63,3,2,393044.4,0.45,0.13,93.0,ESCALATE_TO_HUMAN,0,0.0
23b7e3c6-6e99-485a-a8b1-e5df03581232,subscription_failure,authentication_failed,66466.67,0,0,180749.35,0.93,0.87,75.0,RETRY_NOW,1,66466.67
23b7e3c6-6e99-485a-a8b1-e5df03581232,subscription_failure,authentication_failed,66466.67,0,0,180749.35,0.93,0.87,75.0,RETRY_LATER,1,66466.67
23b7e3c6-6e99-485a-a8b1-e5df03581232,subscription_failure,authentication_failed,66466.67,0,0,180749.35,0.93,0.87,75.0,SEND_REMINDER,1,66466.67
23b7e3c6-6e99-485a-a8b1-e5df03581232,subscription_failure,authentication_failed,66466.67,0,0,180749.35,0.93,0.87,75.0,SUGGEST_ALTERNATIVE_PAYMENT,0,0.0
23b7e3c6-6e99-485a-a8b1-e5df03581232,subscription_failure,authentication_failed,66466.67,0,0,180749.35,0.93,0.87,75.0,OFFER_INCENTIVE,1,66466.67
23b7e3c6-6e99-485a-a8b1-e5df03581232,subscription_failure,authentication_failed,66466.67,0,0,180749.35,0.93,0.87,75.0,ESCALATE_TO_HUMAN,1,66466.67
3627432d-99ef-4224-ab6d-73f830f8b863,payment_failure,insufficient_funds,78503.96,4,1,349526.42,0.61,0.36,10.0,RETRY_NOW,0,0.0
3627432d-99ef-4224-ab6d-73f830f8b863,payment_failure,insufficient_funds,78503.96,4,1,349526.42,0.61,0.36,10.0,RETRY_LATER,0,0.0
3627432d-99ef-4224-ab6d-73f830f8b863,payment_failure,insufficient_funds,78503.96,4,1,349526.42,0.61,0.36,10.0,SEND_REMINDER,1,78503.96
3627432d-99ef-4224-ab6d-73f830f8b863,payment_failure,insufficient_funds,78503.96,4,1,349526.42,0.61,0.36,10.0,SUGGEST_ALTERNATIVE_PAYMENT,1,78503.96
3627432d-99ef-4224-ab6d-73f830f8b863,payment_failure,insufficient_funds,78503.96,4,1,349526.42,0.61,0.36,10.0,OFFER_INCENTIVE,1,78503.96
3627432d-99ef-4224-ab6d-73f830f8b863,payment_failure,insufficient_funds,78503.96,4,1,349526.42,0.61,0.36,10.0,ESCALATE_TO_HUMAN,1,78503.96
32308340-03dc-4c37-bc4e-d332f56f441f,subscription_failure,insufficient_funds,60714.29,2,0,298208.72,0.69,0.27,163.0,RETRY_NOW,0,0.0
32308340-03dc-4c37-bc4e-d332f56f441f,subscription_failure,insufficient_funds,60714.29,2,0,298208.72,0.69,0.27,163.0,RETRY_LATER,1,60714.29
32308340-03dc-4c37-bc4e-d332f56f441f,subscription_failure,insufficient_funds,60714.29,2,0,298208.72,0.69,0.27,163.0,SEND_REMINDER,0,0.0
32308340-03dc-4c37-bc4e-d332f56f441f,subscription_failure,insufficient_funds,60714.29,2,0,298208.72,0.69,0.27,163.0,SUGGEST_ALTERNATIVE_PAYMENT,0,0.0
32308340-03dc-4c37-bc4e-d332f56f441f,subscription_failure,insufficient_funds,60714.29,2,0,298208.72,0.69,0.27,163.0,OFFER_INCENTIVE,1,60714.29
32308340-03dc-4c37-bc4e-d332f56f441f,subscription_failure,insufficient_funds,60714.29,2,0,298208.72,0.69,0.27,163.0,ESCALATE_TO_HUMAN,0,0.0
8e5df92c-6cd1-4383-9a9f-6c53d5f43963,overdue_invoice,invoice_dispute,55817.4,0,1,48267.91,0.64,0.01,32.0,RETRY_NOW,1,55817.4
8e5df92c-6cd1-4383-9a9f-6c53d5f43963,overdue_invoice,invoice_dispute,55817.4,0,1,48267.91,0.64,0.01,32.0,RETRY_LATER,0,0.0
8e5df92c-6cd1-4383-9a9f-6c53d5f43963,overdue_invoice,invoice_dispute,55817.4,0,1,48267.91,0.64,0.01,32.0,SEND_REMINDER,1,55817.4
8e5df92c-6cd1-4383-9a9f-6c53d5f43963,overdue_invoice,invoice_dispute,55817.4,0,1,48267.91,0.64,0.01,32.0,SUGGEST_ALTERNATIVE_PAYMENT,1,55817.4
8e5df92c-6cd1-4383-9a9f-6c53d5f43963,overdue_invoice,invoice_dispute,55817.4,0,1,48267.91,0.64,0.01,32.0,OFFER_INCENTIVE,1,55817.4
8e5df92c-6cd1-4383-9a9f-6c53d5f43963,overdue_invoice,invoice_dispute,55817.4,0,1,48267.91,0.64,0.01,32.0,ESCALATE_TO_HUMAN,1,55817.4
27519d95-856b-40fe-8c41-a96cb61de174,payment_failure,insufficient_funds,15493.03,2,3,171614.51,0.59,0.46,96.0,RETRY_NOW,1,15493.03
27519d95-856b-40fe-8c41-a96cb61de174,payment_failure,insufficient_funds,15493.03,2,3,171614.51,0.59,0.46,96.0,RETRY_LATER,1,15493.03
27519d95-856b-40fe-8c41-a96cb61de174,payment_failure,insufficient_funds,15493.03,2,3,171614.51,0.59,0.46,96.0,SEND_REMINDER,0,0.0
27519d95-856b-40fe-8c41-a96cb61de174,payment_failure,insufficient_funds,15493.03,2,3,171614.51,0.59,0.46,96.0,SUGGEST_ALTERNATIVE_PAYMENT,1,15493.03
27519d95-856b-40fe-8c41-a96cb61de174,payment_failure,insufficient_funds,15493.03,2,3,171614.51,0.59,0.46,96.0,OFFER_INCENTIVE,1,15493.03
27519d95-856b-40fe-8c41-a96cb61de174,payment_failure,insufficient_funds,15493.03,2,3,171614.51,0.59,0.46,96.0,ESCALATE_TO_HUMAN,1,15493.03
679fffa5-ed80-494a-8f07-6ec93e318b5b,payment_failure,temporary_bank_failure,55047.11,3,3,441198.87,0.35,0.16,64.0,RETRY_NOW,1,55047.11
679fffa5-ed80-494a-8f07-6ec93e318b5b,payment_failure,temporary_bank_failure,55047.11,3,3,441198.87,0.35,0.16,64.0,RETRY_LATER,1,55047.11
679fffa5-ed80-494a-8f07-6ec93e318b5b,payment_failure,temporary_bank_failure,55047.11,3,3,441198.87,0.35,0.16,64.0,SEND_REMINDER,0,0.0
679fffa5-ed80-494a-8f07-6ec93e318b5b,payment_failure,temporary_bank_failure,55047.11,3,3,441198.87,0.35,0.16,64.0,SUGGEST_ALTERNATIVE_PAYMENT,1,55047.11
679fffa5-ed80-494a-8f07-6ec93e318b5b,payment_failure,temporary_bank_failure,55047.11,3,3,441198.87,0.35,0.16,64.0,OFFER_INCENTIVE,0,0.0
679fffa5-ed80-494a-8f07-6ec93e318b5b,payment_failure,temporary_bank_failure,55047.11,3,3,441198.87,0.35,0.16,64.0,ESCALATE_TO_HUMAN,0,0.0
71fabffd-d073-4457-9161-58f6c273cf95,payment_failure,payment_timeout,55039.81,3,2,344413.75,0.93,0.0,61.0,RETRY_NOW,0,0.0
71fabffd-d073-4457-9161-58f6c273cf95,payment_failure,payment_timeout,55039.81,3,2,344413.75,0.93,0.0,61.0,RETRY_LATER,1,55039.81
71fabffd-d073-4457-9161-58f6c273cf95,payment_failure,payment_timeout,55039.81,3,2,344413.75,0.93,0.0,61.0,SEND_REMINDER,1,55039.81
71fabffd-d073-4457-9161-58f6c273cf95,payment_failure,payment_timeout,55039.81,3,2,344413.75,0.93,0.0,61.0,SUGGEST_ALTERNATIVE_PAYMENT,1,55039.81
71fabffd-d073-4457-9161-58f6c273cf95,payment_failure,payment_timeout,55039.81,3,2,344413.75,0.93,0.0,61.0,OFFER_INCENTIVE,1,55039.81
71fabffd-d073-4457-9161-58f6c273cf95,payment_failure,payment_timeout,55039.81,3,2,344413.75,0.93,0.0,61.0,ESCALATE_TO_HUMAN,1,55039.81
8b5028d2-abe6-4e7e-88ce-6a8154cf8397,subscription_failure,mandate_failed,20108.89,3,4,335680.01,0.29,0.31,164.0,RETRY_NOW,0,0.0
8b5028d2-abe6-4e7e-88ce-6a8154cf8397,subscription_failure,mandate_failed,20108.89,3,4,335680.01,0.29,0.31,164.0,RETRY_LATER,1,20108.89
8b5028d2-abe6-4e7e-88ce-6a8154cf8397,subscription_failure,mandate_failed,20108.89,3,4,335680.01,0.29,0.31,164.0,SEND_REMINDER,1,20108.89
8b5028d2-abe6-4e7e-88ce-6a8154cf8397,subscription_failure,mandate_failed,20108.89,3,4,335680.01,0.29,0.31,164.0,SUGGEST_ALTERNATIVE_PAYMENT,0,0.0
8b5028d2-abe6-4e7e-88ce-6a8154cf8397,subscription_failure,mandate_failed,20108.89,3,4,335680.01,0.29,0.31,164.0,OFFER_INCENTIVE,0,0.0
8b5028d2-abe6-4e7e-88ce-6a8154cf8397,subscription_failure,mandate_failed,20108.89,3,4,335680.01,0.29,0.31,164.0,ESCALATE_TO_HUMAN,0,0.0
5eeafdc5-50d5-435d-817e-2010ed1ac743,checkout_abandonment,high_friction,14425.87,4,5,92839.84,0.64,0.52,16.0,RETRY_NOW,0,0.0
5eeafdc5-50d5-435d-817e-2010ed1ac743,checkout_abandonment,high_friction,14425.87,4,5,92839.84,0.64,0.52,16.0,RETRY_LATER,0,0.0
5eeafdc5-50d5-435d-817e-2010ed1ac743,checkout_abandonment,high_friction,14425.87,4,5,92839.84,0.64,0.52,16.0,SEND_REMINDER,1,14425.87
5eeafdc5-50d5-435d-817e-2010ed1ac743,checkout_abandonment,high_friction,14425.87,4,5,92839.84,0.64,0.52,16.0,SUGGEST_ALTERNATIVE_PAYMENT,1,14425.87
5eeafdc5-50d5-435d-817e-2010ed1ac743,checkout_abandonment,high_friction,14425.87,4,5,92839.84,0.64,0.52,16.0,OFFER_INCENTIVE,1,14425.87
5eeafdc5-50d5-435d-817e-2010ed1ac743,checkout_abandonment,high_friction,14425.87,4,5,92839.84,0.64,0.52,16.0,ESCALATE_TO_HUMAN,1,14425.87
d1534a55-d8e9-4813-bcf3-0207963541a6,overdue_invoice,customer_delay,38028.37,1,0,318737.29,0.58,0.85,128.0,RETRY_NOW,1,38028.37
d1534a55-d8e9-4813-bcf3-0207963541a6,overdue_invoice,customer_delay,38028.37,1,0,318737.29,0.58,0.85,128.0,RETRY_LATER,0,0.0
d1534a55-d8e9-4813-bcf3-0207963541a6,overdue_invoice,customer_delay,38028.37,1,0,318737.29,0.58,0.85,128.0,SEND_REMINDER,1,38028.37
d1534a55-d8e9-4813-bcf3-0207963541a6,overdue_invoice,customer_delay,38028.37,1,0,318737.29,0.58,0.85,128.0,SUGGEST_ALTERNATIVE_PAYMENT,1,38028.37
d1534a55-d8e9-4813-bcf3-0207963541a6,overdue_invoice,customer_delay,38028.37,1,0,318737.29,0.58,0.85,128.0,OFFER_INCENTIVE,1,38028.37
d1534a55-d8e9-4813-bcf3-0207963541a6,overdue_invoice,customer_delay,38028.37,1,0,318737.29,0.58,0.85,128.0,ESCALATE_TO_HUMAN,0,0.0
a9765170-f902-4014-84f6-b0cbec6a1681,overdue_invoice,forgotten_invoice,49561.66,0,3,273465.96,0.5,0.65,148.0,RETRY_NOW,1,49561.66
a9765170-f902-4014-84f6-b0cbec6a1681,overdue_invoice,forgotten_invoice,49561.66,0,3,273465.96,0.5,0.65,148.0,RETRY_LATER,1,49561.66
a9765170-f902-4014-84f6-b0cbec6a1681,overdue_invoice,forgotten_invoice,49561.66,0,3,273465.96,0.5,0.65,148.0,SEND_REMINDER,1,49561.66
a9765170-f902-4014-84f6-b0cbec6a1681,overdue_invoice,forgotten_invoice,49561.66,0,3,273465.96,0.5,0.65,148.0,SUGGEST_ALTERNATIVE_PAYMENT,1,49561.66
a9765170-f902-4014-84f6-b0cbec6a1681,overdue_invoice,forgotten_invoice,49561.66,0,3,273465.96,0.5,0.65,148.0,OFFER_INCENTIVE,1,49561.66
a9765170-f902-4014-84f6-b0cbec6a1681,overdue_invoice,forgotten_invoice,49561.66,0,3,273465.96,0.5,0.65,148.0,ESCALATE_TO_HUMAN,1,49561.66
6a48882b-3c23-4363-9c3a-c009362beaab,overdue_invoice,customer_delay,8308.5,2,3,385679.85,0.24,0.93,107.0,RETRY_NOW,1,8308.5
6a48882b-3c23-4363-9c3a-c009362beaab,overdue_invoice,customer_delay,8308.5,2,3,385679.85,0.24,0.93,107.0,RETRY_LATER,1,8308.5
6a48882b-3c23-4363-9c3a-c009362beaab,overdue_invoice,customer_delay,8308.5,2,3,385679.85,0.24,0.93,107.0,SEND_REMINDER,1,8308.5
6a48882b-3c23-4363-9c3a-c009362beaab,overdue_invoice,customer_delay,8308.5,2,3,385679.85,0.24,0.93,107.0,SUGGEST_ALTERNATIVE_PAYMENT,1,8308.5
6a48882b-3c23-4363-9c3a-c009362beaab,overdue_invoice,customer_delay,8308.5,2,3,385679.85,0.24,0.93,107.0,OFFER_INCENTIVE,1,8308.5
6a48882b-3c23-4363-9c3a-c009362beaab,overdue_invoice,customer_delay,8308.5,2,3,385679.85,0.24,0.93,107.0,ESCALATE_TO_HUMAN,0,0.0
6bd586c7-01b4-48e9-8d1f-9ca899a1efa9,payment_failure,temporary_bank_failure,5071.32,0,0,418514.39,0.7,0.44,41.0,RETRY_NOW,0,0.0
6bd586c7-01b4-48e9-8d1f-9ca899a1efa9,payment_failure,temporary_bank_failure,5071.32,0,0,418514.39,0.7,0.44,41.0,RETRY_LATER,1,5071.32
6bd586c7-01b4-48e9-8d1f-9ca899a1efa9,payment_failure,temporary_bank_failure,5071.32,0,0,418514.39,0.7,0.44,41.0,SEND_REMINDER,1,5071.32
6bd586c7-01b4-48e9-8d1f-9ca899a1efa9,payment_failure,temporary_bank_failure,5071.32,0,0,418514.39,0.7,0.44,41.0,SUGGEST_ALTERNATIVE_PAYMENT,1,5071.32
6bd586c7-01b4-48e9-8d1f-9ca899a1efa9,payment_failure,temporary_bank_failure,5071.32,0,0,418514.39,0.7,0.44,41.0,OFFER_INCENTIVE,1,5071.32
6bd586c7-01b4-48e9-8d1f-9ca899a1efa9,payment_failure,temporary_bank_failure,5071.32,0,0,418514.39,0.7,0.44,41.0,ESCALATE_TO_HUMAN,1,5071.32
cfe307f1-7cdf-4f9f-9c30-8c817959e44f,overdue_invoice,forgotten_invoice,50013.95,4,3,403919.83,0.6,0.22,61.0,RETRY_NOW,1,50013.95
cfe307f1-7cdf-4f9f-9c30-8c817959e44f,overdue_invoice,forgotten_invoice,50013.95,4,3,403919.83,0.6,0.22,61.0,RETRY_LATER,0,0.0
cfe307f1-7cdf-4f9f-9c30-8c817959e44f,overdue_invoice,forgotten_invoice,50013.95,4,3,403919.83,0.6,0.22,61.0,SEND_REMINDER,0,0.0
cfe307f1-7cdf-4f9f-9c30-8c817959e44f,overdue_invoice,forgotten_invoice,50013.95,4,3,403919.83,0.6,0.22,61.0,SUGGEST_ALTERNATIVE_PAYMENT,0,0.0
cfe307f1-7cdf-4f9f-9c30-8c817959e44f,overdue_invoice,forgotten_invoice,50013.95,4,3,403919.83,0.6,0.22,61.0,OFFER_INCENTIVE,0,0.0
cfe307f1-7cdf-4f9f-9c30-8c817959e44f,overdue_invoice,forgotten_invoice,50013.95,4,3,403919.83,0.6,0.22,61.0,ESCALATE_TO_HUMAN,0,0.0
e4c61c8e-87c8-4372-b1d1-29b8d1aec3fc,overdue_invoice,cash_flow_issue,4868.66,1,1,168261.38,0.34,0.18,38.0,RETRY_NOW,0,0.0
e4c61c8e-87c8-4372-b1d1-29b8d1aec3fc,overdue_invoice,cash_flow_issue,4868.66,1,1,168261.38,0.34,0.18,38.0,RETRY_LATER,1,4868.66
e4c61c8e-87c8-4372-b1d1-29b8d1aec3fc,overdue_invoice,cash_flow_issue,4868.66,1,1,168261.38,0.34,0.18,38.0,SEND_REMINDER,0,0.0
e4c61c8e-87c8-4372-b1d1-29b8d1aec3fc,overdue_invoice,cash_flow_issue,4868.66,1,1,168261.38,0.34,0.18,38.0,SUGGEST_ALTERNATIVE_PAYMENT,1,4868.66
e4c61c8e-87c8-4372-b1d1-29b8d1aec3fc,overdue_invoice,cash_flow_issue,4868.66,1,1,168261.38,0.34,0.18,38.0,OFFER_INCENTIVE,1,4868.66
e4c61c8e-87c8-4372-b1d1-29b8d1aec3fc,overdue_invoice,cash_flow_issue,4868.66,1,1,168261.38,0.34,0.18,38.0,ESCALATE_TO_HUMAN,0,0.0
dd980760-b148-477f-b2ba-f26155890154,overdue_invoice,forgotten_invoice,97085.2,3,4,277247.35,0.67,0.97,108.0,RETRY_NOW,1,97085.2
dd980760-b148-477f-b2ba-f26155890154,overdue_invoice,forgotten_invoice,97085.2,3,4,277247.35,0.67,0.97,108.0,RETRY_LATER,1,97085.2
dd980760-b148-477f-b2ba-f26155890154,overdue_invoice,forgotten_invoice,97085.2,3,4,277247.35,0.67,0.97,108.0,SEND_REMINDER,1,97085.2
dd980760-b148-477f-b2ba-f26155890154,overdue_invoice,forgotten_invoice,97085.2,3,4,277247.35,0.67,0.97,108.0,SUGGEST_ALTERNATIVE_PAYMENT,1,97085.2
dd980760-b148-477f-b2ba-f26155890154,overdue_invoice,forgotten_invoice,97085.2,3,4,277247.35,0.67,0.97,108.0,OFFER_INCENTIVE,1,97085.2
dd980760-b148-477f-b2ba-f26155890154,overdue_invoice,forgotten_invoice,97085.2,3,4,277247.35,0.67,0.97,108.0,ESCALATE_TO_HUMAN,1,97085.2
678ca6a8-0534-4db6-8cd9-c925e62d9289,payment_failure,insufficient_funds,10194.98,2,5,2096.28,0.73,0.55,75.0,RETRY_NOW,0,0.0
678ca6a8-0534-4db6-8cd9-c925e62d9289,payment_failure,insufficient_funds,10194.98,2,5,2096.28,0.73,0.55,75.0,RETRY_LATER,1,10194.98
678ca6a8-0534-4db6-8cd9-c925e62d9289,payment_failure,insufficient_funds,10194.98,2,5,2096.28,0.73,0.55,75.0,SEND_REMINDER,1,10194.98
678ca6a8-0534-4db6-8cd9-c925e62d9289,payment_failure,insufficient_funds,10194.98,2,5,2096.28,0.73,0.55,75.0,SUGGEST_ALTERNATIVE_PAYMENT,1,10194.98
678ca6a8-0534-4db6-8cd9-c925e62d9289,payment_failure,insufficient_funds,10194.98,2,5,2096.28,0.73,0.55,75.0,OFFER_INCENTIVE,1,10194.98
678ca6a8-0534-4db6-8cd9-c925e62d9289,payment_failure,insufficient_funds,10194.98,2,5,2096.28,0.73,0.55,75.0,ESCALATE_TO_HUMAN,1,10194.98
0c0c66ef-f88f-47d4-9702-eb8d6963f755,subscription_failure,insufficient_funds,25202.19,0,4,160647.63,0.93,0.12,96.0,RETRY_NOW,1,25202.19
0c0c66ef-f88f-47d4-9702-eb8d6963f755,subscription_failure,insufficient_funds,25202.19,0,4,160647.63,0.93,0.12,96.0,RETRY_LATER,1,25202.19
0c0c66ef-f88f-47d4-9702-eb8d6963f755,subscription_failure,insufficient_funds,25202.19,0,4,160647.63,0.93,0.12,96.0,SEND_REMINDER,0,0.0
0c0c66ef-f88f-47d4-9702-eb8d6963f755,subscription_failure,insufficient_funds,25202.19,0,4,160647.63,0.93,0.12,96.0,SUGGEST_ALTERNATIVE_PAYMENT,1,25202.19
0c0c66ef-f88f-47d4-9702-eb8d6963f755,subscription_failure,insufficient_funds,25202.19,0,4,160647.63,0.93,0.12,96.0,OFFER_INCENTIVE,1,25202.19
0c0c66ef-f88f-47d4-9702-eb8d6963f755,subscription_failure,insufficient_funds,25202.19,0,4,160647.63,0.93,0.12,96.0,ESCALATE_TO_HUMAN,0,0.0
0dcadcc2-6d85-4c77-8aa4-d6a83ee52a04,payment_failure,temporary_bank_failure,92261.5,1,0,47139.53,0.88,0.38,69.0,RETRY_NOW,0,0.0
0dcadcc2-6d85-4c77-8aa4-d6a83ee52a04,payment_failure,temporary_bank_failure,92261.5,1,0,47139.53,0.88,0.38,69.0,RETRY_LATER,1,92261.5
0dcadcc2-6d85-4c77-8aa4-d6a83ee52a04,payment_failure,temporary_bank_failure,92261.5,1,0,47139.53,0.88,0.38,69.0,SEND_REMINDER,0,0.0
0dcadcc2-6d85-4c77-8aa4-d6a83ee52a04,payment_failure,temporary_bank_failure,92261.5,1,0,47139.53,0.88,0.38,69.0,SUGGEST_ALTERNATIVE_PAYMENT,1,92261.5
0dcadcc2-6d85-4c77-8aa4-d6a83ee52a04,payment_failure,temporary_bank_failure,92261.5,1,0,47139.53,0.88,0.38,69.0,OFFER_INCENTIVE,0,0.0
0dcadcc2-6d85-4c77-8aa4-d6a83ee52a04,payment_failure,temporary_bank_failure,92261.5,1,0,47139.53,0.88,0.38,69.0,ESCALATE_TO_HUMAN,1,92261.5
7cbc5e92-f489-4679-b0dd-af5be5bbb82b,overdue_invoice,invoice_dispute,48682.99,2,5,303723.47,0.36,0.73,82.0,RETRY_NOW,0,0.0
7cbc5e92-f489-4679-b0dd-af5be5bbb82b,overdue_invoice,invoice_dispute,48682.99,2,5,303723.47,0.36,0.73,82.0,RETRY_LATER,1,48682.99
7cbc5e92-f489-4679-b0dd-af5be5bbb82b,overdue_invoice,invoice_dispute,48682.99,2,5,303723.47,0.36,0.73,82.0,SEND_REMINDER,0,0.0
7cbc5e92-f489-4679-b0dd-af5be5bbb82b,overdue_invoice,invoice_dispute,48682.99,2,5,303723.47,0.36,0.73,82.0,SUGGEST_ALTERNATIVE_PAYMENT,1,48682.99
7cbc5e92-f489-4679-b0dd-af5be5bbb82b,overdue_invoice,invoice_dispute,48682.99,2,5,303723.47,0.36,0.73,82.0,OFFER_INCENTIVE,1,48682.99
7cbc5e92-f489-4679-b0dd-af5be5bbb82b,overdue_invoice,invoice_dispute,48682.99,2,5,303723.47,0.36,0.73,82.0,ESCALATE_TO_HUMAN,1,48682.99
33acd399-cecf-42df-93e5-73ece251485f,checkout_abandonment,unknown,80508.93,4,1,232810.39,0.76,0.46,32.0,RETRY_NOW,1,80508.93
33acd399-cecf-42df-93e5-73ece251485f,checkout_abandonment,unknown,80508.93,4,1,232810.39,0.76,0.46,32.0,RETRY_LATER,1,80508.93
33acd399-cecf-42df-93e5-73ece251485f,checkout_abandonment,unknown,80508.93,4,1,232810.39,0.76,0.46,32.0,SEND_REMINDER,1,80508.93
33acd399-cecf-42df-93e5-73ece251485f,checkout_abandonment,unknown,80508.93,4,1,232810.39,0.76,0.46,32.0,SUGGEST_ALTERNATIVE_PAYMENT,1,80508.93
33acd399-cecf-42df-93e5-73ece251485f,checkout_abandonment,unknown,80508.93,4,1,232810.39,0.76,0.46,32.0,OFFER_INCENTIVE,1,80508.93
33acd399-cecf-42df-93e5-73ece251485f,checkout_abandonment,unknown,80508.93,4,1,232810.39,0.76,0.46,32.0,ESCALATE_TO_HUMAN,0,0.0
5dd5634a-b89b-4d9e-adf0-35b45c6a5592,subscription_failure,mandate_failed,55527.25,4,5,93683.19,0.5,0.09,98.0,RETRY_NOW,1,55527.25
5dd5634a-b89b-4d9e-adf0-35b45c6a5592,subscription_failure,mandate_failed,55527.25,4,5,93683.19,0.5,0.09,98.0,RETRY_LATER,0,0.0
5dd5634a-b89b-4d9e-adf0-35b45c6a5592,subscription_failure,mandate_failed,55527.25,4,5,93683.19,0.5,0.09,98.0,SEND_REMINDER,0,0.0
5dd5634a-b89b-4d9e-adf0-35b45c6a5592,subscription_failure,mandate_failed,55527.25,4,5,93683.19,0.5,0.09,98.0,SUGGEST_ALTERNATIVE_PAYMENT,1,55527.25
5dd5634a-b89b-4d9e-adf0-35b45c6a5592,subscription_failure,mandate_failed,55527.25,4,5,93683.19,0.5,0.09,98.0,OFFER_INCENTIVE,0,0.0
5dd5634a-b89b-4d9e-adf0-35b45c6a5592,subscription_failure,mandate_failed,55527.25,4,5,93683.19,0.5,0.09,98.0,ESCALATE_TO_HUMAN,1,55527.25
14ffb842-8641-432b-b458-51436cbf634c,overdue_invoice,cash_flow_issue,92623.25,1,2,32976.15,0.55,0.61,21.0,RETRY_NOW,1,92623.25
14ffb842-8641-432b-b458-51436cbf634c,overdue_invoice,cash_flow_issue,92623.25,1,2,32976.15,0.55,0.61,21.0,RETRY_LATER,1,92623.25
14ffb842-8641-432b-b458-51436cbf634c,overdue_invoice,cash_flow_issue,92623.25,1,2,32976.15,0.55,0.61,21.0,SEND_REMINDER,1,92623.25
14ffb842-8641-432b-b458-51436cbf634c,overdue_invoice,cash_flow_issue,92623.25,1,2,32976.15,0.55,0.61,21.0,SUGGEST_ALTERNATIVE_PAYMENT,1,92623.25
14ffb842-8641-432b-b458-51436cbf634c,overdue_invoice,cash_flow_issue,92623.25,1,2,32976.15,0.55,0.61,21.0,OFFER_INCENTIVE,1,92623.25
14ffb842-8641-432b-b458-51436cbf634c,overdue_invoice,cash_flow_issue,92623.25,1,2,32976.15,0.55,0.61,21.0,ESCALATE_TO_HUMAN,1,92623.25
a3e77422-7636-49bf-808a-6a8457cbd1a2,payment_failure,authentication_failed,45616.51,0,4,228942.44,0.61,0.67,119.0,RETRY_NOW,1,45616.51
a3e77422-7636-49bf-808a-6a8457cbd1a2,payment_failure,authentication_failed,45616.51,0,4,228942.44,0.61,0.67,119.0,RETRY_LATER,1,45616.51
a3e77422-7636-49bf-808a-6a8457cbd1a2,payment_failure,authentication_failed,45616.51,0,4,228942.44,0.61,0.67,119.0,SEND_REMINDER,1,45616.51
a3e77422-7636-49bf-808a-6a8457cbd1a2,payment_failure,authentication_failed,45616.51,0,4,228942.44,0.61,0.67,119.0,SUGGEST_ALTERNATIVE_PAYMENT,0,0.0
a3e77422-7636-49bf-808a-6a8457cbd1a2,payment_failure,authentication_failed,45616.51,0,4,228942.44,0.61,0.67,119.0,OFFER_INCENTIVE,0,0.0
a3e77422-7636-49bf-808a-6a8457cbd1a2,payment_failure,authentication_failed,45616.51,0,4,228942.44,0.61,0.67,119.0,ESCALATE_TO_HUMAN,1,45616.51
b797eae1-1140-4455-8c4f-f1c616188bd7,subscription_failure,mandate_failed,40595.91,3,0,340725.62,0.69,0.89,102.0,RETRY_NOW,1,40595.91
b797eae1-1140-4455-8c4f-f1c616188bd7,subscription_failure,mandate_failed,40595.91,3,0,340725.62,0.69,0.89,102.0,RETRY_LATER,1,40595.91
b797eae1-1140-4455-8c4f-f1c616188bd7,subscription_failure,mandate_failed,40595.91,3,0,340725.62,0.69,0.89,102.0,SEND_REMINDER,0,0.0
b797eae1-1140-4455-8c4f-f1c616188bd7,subscription_failure,mandate_failed,40595.91,3,0,340725.62,0.69,0.89,102.0,SUGGEST_ALTERNATIVE_PAYMENT,1,40595.91
b797eae1-1140-4455-8c4f-f1c616188bd7,subscription_failure,mandate_failed,40595.91,3,0,340725.62,0.69,0.89,102.0,OFFER_INCENTIVE,1,40595.91
b797eae1-1140-4455-8c4f-f1c616188bd7,subscription_failure,mandate_failed,40595.91,3,0,340725.62,0.69,0.89,102.0,ESCALATE_TO_HUMAN,0,0.0
8228c18b-12ea-41be-bbd3-aec74674c1cf,checkout_abandonment,unknown,52016.04,2,5,374173.98,0.61,0.78,14.0,RETRY_NOW,1,52016.04
8228c18b-12ea-41be-bbd3-aec74674c1cf,checkout_abandonment,unknown,52016.04,2,5,374173.98,0.61,0.78,14.0,RETRY_LATER,1,52016.04
8228c18b-12ea-41be-bbd3-aec74674c1cf,checkout_abandonment,unknown,52016.04,2,5,374173.98,0.61,0.78,14.0,SEND_REMINDER,1,52016.04
8228c18b-12ea-41be-bbd3-aec74674c1cf,checkout_abandonment,unknown,52016.04,2,5,374173.98,0.61,0.78,14.0,SUGGEST_ALTERNATIVE_PAYMENT,1,52016.04
8228c18b-12ea-41be-bbd3-aec74674c1cf,checkout_abandonment,unknown,52016.04,2,5,374173.98,0.61,0.78,14.0,OFFER_INCENTIVE,1,52016.04
8228c18b-12ea-41be-bbd3-aec74674c1cf,checkout_abandonment,unknown,52016.04,2,5,374173.98,0.61,0.78,14.0,ESCALATE_TO_HUMAN,0,0.0
9e721e6d-d35a-404b-bdf8-6920161d9cbe,checkout_abandonment,unknown,7035.38,4,5,316905.29,0.42,0.38,84.0,RETRY_NOW,0,0.0
9e721e6d-d35a-404b-bdf8-6920161d9cbe,checkout_abandonment,unknown,7035.38,4,5,316905.29,0.42,0.38,84.0,RETRY_LATER,0,0.0
9e721e6d-d35a-404b-bdf8-6920161d9cbe,checkout_abandonment,unknown,7035.38,4,5,316905.29,0.42,0.38,84.0,SEND_REMINDER,0,0.0
9e721e6d-d35a-404b-bdf8-6920161d9cbe,checkout_abandonment,unknown,7035.38,4,5,316905.29,0.42,0.38,84.0,SUGGEST_ALTERNATIVE_PAYMENT,0,0.0
9e721e6d-d35a-404b-bdf8-6920161d9cbe,checkout_abandonment,unknown,7035.38,4,5,316905.29,0.42,0.38,84.0,OFFER_INCENTIVE,0,0.0
9e721e6d-d35a-404b-bdf8-6920161d9cbe,checkout_abandonment,unknown,7035.38,4,5,316905.29,0.42,0.38,84.0,ESCALATE_TO_HUMAN,0,0.0
e11de205-cf35-41a3-8066-9d7b6fdb40d3,payment_failure,technical_error,58079.13,3,3,288322.57,0.94,0.08,51.0,RETRY_NOW,0,0.0
e11de205-cf35-41a3-8066-9d7b6fdb40d3,payment_failure,technical_error,58079.13,3,3,288322.57,0.94,0.08,51.0,RETRY_LATER,1,58079.13
e11de205-cf35-41a3-8066-9d7b6fdb40d3,payment_failure,technical_error,58079.13,3,3,288322.57,0.94,0.08,51.0,SEND_REMINDER,0,0.0
e11de205-cf35-41a3-8066-9d7b6fdb40d3,payment_failure,technical_error,58079.13,3,3,288322.57,0.94,0.08,51.0,SUGGEST_ALTERNATIVE_PAYMENT,1,58079.13
e11de205-cf35-41a3-8066-9d7b6fdb40d3,payment_failure,technical_error,58079.13,3,3,288322.57,0.94,0.08,51.0,OFFER_INCENTIVE,1,58079.13
e11de205-cf35-41a3-8066-9d7b6fdb40d3,payment_failure,technical_error,58079.13,3,3,288322.57,0.94,0.08,51.0,ESCALATE_TO_HUMAN,1,58079.13
02b79245-2912-48de-a833-7c47e5796018,checkout_abandonment,unknown,16157.06,1,3,408660.58,0.68,0.72,85.0,RETRY_NOW,1,16157.06
02b79245-2912-48de-a833-7c47e5796018,checkout_abandonment,unknown,16157.06,1,3,408660.58,0.68,0.72,85.0,RETRY_LATER,1,16157.06
02b79245-2912-48de-a833-7c47e5796018,checkout_abandonment,unknown,16157.06,1,3,408660.58,0.68,0.72,85.0,SEND_REMINDER,1,16157.06
02b79245-2912-48de-a833-7c47e5796018,checkout_abandonment,unknown,16157.06,1,3,408660.58,0.68,0.72,85.0,SUGGEST_ALTERNATIVE_PAYMENT,1,16157.06
02b79245-2912-48de-a833-7c47e5796018,checkout_abandonment,unknown,16157.06,1,3,408660.58,0.68,0.72,85.0,OFFER_INCENTIVE,0,0.0
02b79245-2912-48de-a833-7c47e5796018,checkout_abandonment,unknown,16157.06,1,3,408660.58,0.68,0.72,85.0,ESCALATE_TO_HUMAN,1,16157.06
478d90da-e409-4ade-a349-eccbf48b0a40,payment_failure,authentication_failed,22254.48,1,5,14241.45,0.6,0.7,167.0,RETRY_NOW,0,0.0
478d90da-e409-4ade-a349-eccbf48b0a40,payment_failure,authentication_failed,22254.48,1,5,14241.45,0.6,0.7,167.0,RETRY_LATER,1,22254.48
478d90da-e409-4ade-a349-eccbf48b0a40,payment_failure,authentication_failed,22254.48,1,5,14241.45,0.6,0.7,167.0,SEND_REMINDER,0,0.0
478d90da-e409-4ade-a349-eccbf48b0a40,payment_failure,authentication_failed,22254.48,1,5,14241.45,0.6,0.7,167.0,SUGGEST_ALTERNATIVE_PAYMENT,1,22254.48
478d90da-e409-4ade-a349-eccbf48b0a40,payment_failure,authentication_failed,22254.48,1,5,14241.45,0.6,0.7,167.0,OFFER_INCENTIVE,1,22254.48
478d90da-e409-4ade-a349-eccbf48b0a40,payment_failure,authentication_failed,22254.48,1,5,14241.45,0.6,0.7,167.0,ESCALATE_TO_HUMAN,1,22254.48
7a99958a-378f-4776-b3e7-41aa0546e5e5,overdue_invoice,invoice_dispute,23651.13,2,3,394492.35,0.99,0.02,50.0,RETRY_NOW,0,0.0
7a99958a-378f-4776-b3e7-41aa0546e5e5,overdue_invoice,invoice_dispute,23651.13,2,3,394492.35,0.99,0.02,50.0,RETRY_LATER,0,0.0
7a99958a-378f-4776-b3e7-41aa0546e5e5,overdue_invoice,invoice_dispute,23651.13,2,3,394492.35,0.99,0.02,50.0,SEND_REMINDER,1,23651.13
7a99958a-378f-4776-b3e7-41aa0546e5e5,overdue_invoice,invoice_dispute,23651.13,2,3,394492.35,0.99,0.02,50.0,SUGGEST_ALTERNATIVE_PAYMENT,1,23651.13
7a99958a-378f-4776-b3e7-41aa0546e5e5,overdue_invoice,invoice_dispute,23651.13,2,3,394492.35,0.99,0.02,50.0,OFFER_INCENTIVE,1,23651.13
7a99958a-378f-4776-b3e7-41aa0546e5e5,overdue_invoice,invoice_dispute,23651.13,2,3,394492.35,0.99,0.02,50.0,ESCALATE_TO_HUMAN,0,0.0
aa8ea906-2c27-44f2-a7b2-dfc91d39b540,payment_failure,authentication_failed,19390.11,2,3,442314.39,0.55,0.42,43.0,RETRY_NOW,1,19390.11
aa8ea906-2c27-44f2-a7b2-dfc91d39b540,payment_failure,authentication_failed,19390.11,2,3,442314.39,0.55,0.42,43.0,RETRY_LATER,1,19390.11
aa8ea906-2c27-44f2-a7b2-dfc91d39b540,payment_failure,authentication_failed,19390.11,2,3,442314.39,0.55,0.42,43.0,SEND_REMINDER,1,19390.11
aa8ea906-2c27-44f2-a7b2-dfc91d39b540,payment_failure,authentication_failed,19390.11,2,3,442314.39,0.55,0.42,43.0,SUGGEST_ALTERNATIVE_PAYMENT,0,0.0
aa8ea906-2c27-44f2-a7b2-dfc91d39b540,payment_failure,authentication_failed,19390.11,2,3,442314.39,0.55,0.42,43.0,OFFER_INCENTIVE,0,0.0
aa8ea906-2c27-44f2-a7b2-dfc91d39b540,payment_failure,authentication_failed,19390.11,2,3,442314.39,0.55,0.42,43.0,ESCALATE_TO_HUMAN,1,19390.11
13e69eea-a7d4-4a5a-b4df-a18fda1a57b0,payment_failure,technical_error,8852.77,1,0,433558.83,0.54,0.38,67.0,RETRY_NOW,1,8852.77
13e69eea-a7d4-4a5a-b4df-a18fda1a57b0,payment_failure,technical_error,8852.77,1,0,433558.83,0.54,0.38,67.0,RETRY_LATER,1,8852.77
13e69eea-a7d4-4a5a-b4df-a18fda1a57b0,payment_failure,technical_error,8852.77,1,0,433558.83,0.54,0.38,67.0,SEND_REMINDER,0,0.0
13e69eea-a7d4-4a5a-b4df-a18fda1a57b0,payment_failure,technical_error,8852.77,1,0,433558.83,0.54,0.38,67.0,SUGGEST_ALTERNATIVE_PAYMENT,0,0.0
13e69eea-a7d4-4a5a-b4df-a18fda1a57b0,payment_failure,technical_error,8852.77,1,0,433558.83,0.54,0.38,67.0,OFFER_INCENTIVE,1,8852.77
13e69eea-a7d4-4a5a-b4df-a18fda1a57b0,payment_failure,technical_error,8852.77,1,0,433558.83,0.54,0.38,67.0,ESCALATE_TO_HUMAN,1,8852.77
e8160471-9d8c-4acb-abbd-a465500013cf,overdue_invoice,invoice_dispute,74587.03,4,2,180792.98,0.41,0.02,89.0,RETRY_NOW,0,0.0
e8160471-9d8c-4acb-abbd-a465500013cf,overdue_invoice,invoice_dispute,74587.03,4,2,180792.98,0.41,0.02,89.0,RETRY_LATER,1,74587.03
e8160471-9d8c-4acb-abbd-a465500013cf,overdue_invoice,invoice_dispute,74587.03,4,2,180792.98,0.41,0.02,89.0,SEND_REMINDER,0,0.0
e8160471-9d8c-4acb-abbd-a465500013cf,overdue_invoice,invoice_dispute,74587.03,4,2,180792.98,0.41,0.02,89.0,SUGGEST_ALTERNATIVE_PAYMENT,1,74587.03
e8160471-9d8c-4acb-abbd-a465500013cf,overdue_invoice,invoice_dispute,74587.03,4,2,180792.98,0.41,0.02,89.0,OFFER_INCENTIVE,0,0.0
e8160471-9d8c-4acb-abbd-a465500013cf,overdue_invoice,invoice_dispute,74587.03,4,2,180792.98,0.41,0.02,89.0,ESCALATE_TO_HUMAN,1,74587.03
f52cdbbc-1b91-43c1-8b56-2a614736abe1,overdue_invoice,invoice_dispute,34839.83,3,2,272171.6,0.64,0.98,49.0,RETRY_NOW,1,34839.83
f52cdbbc-1b91-43c1-8b56-2a614736abe1,overdue_invoice,invoice_dispute,34839.83,3,2,272171.6,0.64,0.98,49.0,RETRY_LATER,1,34839.83
f52cdbbc-1b91-43c1-8b56-2a614736abe1,overdue_invoice,invoice_dispute,34839.83,3,2,272171.6,0.64,0.98,49.0,SEND_REMINDER,1,34839.83
f52cdbbc-1b91-43c1-8b56-2a614736abe1,overdue_invoice,invoice_dispute,34839.83,3,2,272171.6,0.64,0.98,49.0,SUGGEST_ALTERNATIVE_PAYMENT,1,34839.83
f52cdbbc-1b91-43c1-8b56-2a614736abe1,overdue_invoice,invoice_dispute,34839.83,3,2,272171.6,0.64,0.98,49.0,OFFER_INCENTIVE,0,0.0
f52cdbbc-1b91-43c1-8b56-2a614736abe1,overdue_invoice,invoice_dispute,34839.83,3,2,272171.6,0.64,0.98,49.0,ESCALATE_TO_HUMAN,0,0.0
053c42f9-5626-4b88-bc7a-60973c79b36e,checkout_abandonment,payment_method_unavailable,2113.88,3,2,292431.92,0.64,0.2,40.0,RETRY_NOW,1,2113.88
053c42f9-5626-4b88-bc7a-60973c79b36e,checkout_abandonment,payment_method_unavailable,2113.88,3,2,292431.92,0.64,0.2,40.0,RETRY_LATER,0,0.0
053c42f9-5626-4b88-bc7a-60973c79b36e,checkout_abandonment,payment_method_unavailable,2113.88,3,2,292431.92,0.64,0.2,40.0,SEND_REMINDER,0,0.0
053c42f9-5626-4b88-bc7a-60973c79b36e,checkout_abandonment,payment_method_unavailable,2113.88,3,2,292431.92,0.64,0.2,40.0,SUGGEST_ALTERNATIVE_PAYMENT,1,2113.88
053c42f9-5626-4b88-bc7a-60973c79b36e,checkout_abandonment,payment_method_unavailable,2113.88,3,2,292431.92,0.64,0.2,40.0,OFFER_INCENTIVE,0,0.0
053c42f9-5626-4b88-bc7a-60973c79b36e,checkout_abandonment,payment_method_unavailable,2113.88,3,2,292431.92,0.64,0.2,40.0,ESCALATE_TO_HUMAN,0,0.0
f183b8dd-f02f-4a57-a96b-67d78c244d30,checkout_abandonment,price_hesitation,22680.89,2,0,199834.52,0.73,0.35,72.0,RETRY_NOW,0,0.0
f183b8dd-f02f-4a57-a96b-67d78c244d30,checkout_abandonment,price_hesitation,22680.89,2,0,199834.52,0.73,0.35,72.0,RETRY_LATER,1,22680.89
f183b8dd-f02f-4a57-a96b-67d78c244d30,checkout_abandonment,price_hesitation,22680.89,2,0,199834.52,0.73,0.35,72.0,SEND_REMINDER,0,0.0
f183b8dd-f02f-4a57-a96b-67d78c244d30,checkout_abandonment,price_hesitation,22680.89,2,0,199834.52,0.73,0.35,72.0,SUGGEST_ALTERNATIVE_PAYMENT,0,0.0
f183b8dd-f02f-4a57-a96b-67d78c244d30,checkout_abandonment,price_hesitation,22680.89,2,0,199834.52,0.73,0.35,72.0,OFFER_INCENTIVE,1,22680.89
f183b8dd-f02f-4a57-a96b-67d78c244d30,checkout_abandonment,price_hesitation,22680.89,2,0,199834.52,0.73,0.35,72.0,ESCALATE_TO_HUMAN,0,0.0
b7669dc6-45f5-48e0-84f0-1f315b247db0,payment_failure,authentication_failed,31335.74,1,4,102395.55,0.61,0.39,84.0,RETRY_NOW,0,0.0
b7669dc6-45f5-48e0-84f0-1f315b247db0,payment_failure,authentication_failed,31335.74,1,4,102395.55,0.61,0.39,84.0,RETRY_LATER,0,0.0
b7669dc6-45f5-48e0-84f0-1f315b247db0,payment_failure,authentication_failed,31335.74,1,4,102395.55,0.61,0.39,84.0,SEND_REMINDER,0,0.0
b7669dc6-45f5-48e0-84f0-1f315b247db0,payment_failure,authentication_failed,31335.74,1,4,102395.55,0.61,0.39,84.0,SUGGEST_ALTERNATIVE_PAYMENT,0,0.0
b7669dc6-45f5-48e0-84f0-1f315b247db0,payment_failure,authentication_failed,31335.74,1,4,102395.55,0.61,0.39,84.0,OFFER_INCENTIVE,0,0.0
b7669dc6-45f5-48e0-84f0-1f315b247db0,payment_failure,authentication_failed,31335.74,1,4,102395.55,0.61,0.39,84.0,ESCALATE_TO_HUMAN,1,31335.74
51e80db3-fb94-47b2-ab5e-494a48d6c8bf,checkout_abandonment,price_hesitation,96969.46,4,3,89341.28,0.76,0.75,162.0,RETRY_NOW,0,0.0
51e80db3-fb94-47b2-ab5e-494a48d6c8bf,checkout_abandonment,price_hesitation,96969.46,4,3,89341.28,0.76,0.75,162.0,RETRY_LATER,1,96969.46
51e80db3-fb94-47b2-ab5e-494a48d6c8bf,checkout_abandonment,price_hesitation,96969.46,4,3,89341.28,0.76,0.75,162.0,SEND_REMINDER,1,96969.46
51e80db3-fb94-47b2-ab5e-494a48d6c8bf,checkout_abandonment,price_hesitation,96969.46,4,3,89341.28,0.76,0.75,162.0,SUGGEST_ALTERNATIVE_PAYMENT,0,0.0
51e80db3-fb94-47b2-ab5e-494a48d6c8bf,checkout_abandonment,price_hesitation,96969.46,4,3,89341.28,0.76,0.75,162.0,OFFER_INCENTIVE,0,0.0
51e80db3-fb94-47b2-ab5e-494a48d6c8bf,checkout_abandonment,price_hesitation,96969.46,4,3,89341.28,0.76,0.75,162.0,ESCALATE_TO_HUMAN,1,96969.46
c4c3feeb-1acc-4586-914b-1cc946249113,payment_failure,insufficient_funds,11914.83,4,4,120933.59,0.48,0.96,63.0,RETRY_NOW,1,11914.83
c4c3feeb-1acc-4586-914b-1cc946249113,payment_failure,insufficient_funds,11914.83,4,4,120933.59,0.48,0.96,63.0,RETRY_LATER,0,0.0
c4c3feeb-1acc-4586-914b-1cc946249113,payment_failure,insufficient_funds,11914.83,4,4,120933.59,0.48,0.96,63.0,SEND_REMINDER,1,11914.83
c4c3feeb-1acc-4586-914b-1cc946249113,payment_failure,insufficient_funds,11914.83,4,4,120933.59,0.48,0.96,63.0,SUGGEST_ALTERNATIVE_PAYMENT,0,0.0
c4c3feeb-1acc-4586-914b-1cc946249113,payment_failure,insufficient_funds,11914.83,4,4,120933.59,0.48,0.96,63.0,OFFER_INCENTIVE,1,11914.83
c4c3feeb-1acc-4586-914b-1cc946249113,payment_failure,insufficient_funds,11914.83,4,4,120933.59,0.48,0.96,63.0,ESCALATE_TO_HUMAN,0,0.0
6efb29e3-9de1-4d71-874d-006558f49ee6,payment_failure,payment_timeout,58167.59,2,2,45976.55,0.79,0.18,107.0,RETRY_NOW,1,58167.59
6efb29e3-9de1-4d71-874d-006558f49ee6,payment_failure,payment_timeout,58167.59,2,2,45976.55,0.79,0.18,107.0,RETRY_LATER,0,0.0
6efb29e3-9de1-4d71-874d-006558f49ee6,payment_failure,payment_timeout,58167.59,2,2,45976.55,0.79,0.18,107.0,SEND_REMINDER,1,58167.59
6efb29e3-9de1-4d71-874d-006558f49ee6,payment_failure,payment_timeout,58167.59,2,2,45976.55,0.79,0.18,107.0,SUGGEST_ALTERNATIVE_PAYMENT,0,0.0
6efb29e3-9de1-4d71-874d-006558f49ee6,payment_failure,payment_timeout,58167.59,2,2,45976.55,0.79,0.18,107.0,OFFER_INCENTIVE,1,58167.59
6efb29e3-9de1-4d71-874d-006558f49ee6,payment_failure,payment_timeout,58167.59,2,2,45976.55,0.79,0.18,107.0,ESCALATE_TO_HUMAN,0,0.0
d44ececa-2d29-44ca-8ed5-7e47afa7ea77,payment_failure,insufficient_funds,10430.99,2,2,20682.82,0.34,0.43,81.0,RETRY_NOW,1,10430.99
d44ececa-2d29-44ca-8ed5-7e47afa7ea77,payment_failure,insufficient_funds,10430.99,2,2,20682.82,0.34,0.43,81.0,RETRY_LATER,1,10430.99
d44ececa-2d29-44ca-8ed5-7e47afa7ea77,payment_failure,insufficient_funds,10430.99,2,2,20682.82,0.34,0.43,81.0,SEND_REMINDER,1,10430.99
d44ececa-2d29-44ca-8ed5-7e47afa7ea77,payment_failure,insufficient_funds,10430.99,2,2,20682.82,0.34,0.43,81.0,SUGGEST_ALTERNATIVE_PAYMENT,1,10430.99
d44ececa-2d29-44ca-8ed5-7e47afa7ea77,payment_failure,insufficient_funds,10430.99,2,2,20682.82,0.34,0.43,81.0,OFFER_INCENTIVE,1,10430.99
d44ececa-2d29-44ca-8ed5-7e47afa7ea77,payment_failure,insufficient_funds,10430.99,2,2,20682.82,0.34,0.43,81.0,ESCALATE_TO_HUMAN,1,10430.99
7144c65d-4852-43b7-b0d1-58ab789a2062,subscription_failure,authentication_failed,45192.33,4,4,326583.85,0.31,0.86,52.0,RETRY_NOW,0,0.0
7144c65d-4852-43b7-b0d1-58ab789a2062,subscription_failure,authentication_failed,45192.33,4,4,326583.85,0.31,0.86,52.0,RETRY_LATER,0,0.0
7144c65d-4852-43b7-b0d1-58ab789a2062,subscription_failure,authentication_failed,45192.33,4,4,326583.85,0.31,0.86,52.0,SEND_REMINDER,0,0.0
7144c65d-4852-43b7-b0d1-58ab789a2062,subscription_failure,authentication_failed,45192.33,4,4,326583.85,0.31,0.86,52.0,SUGGEST_ALTERNATIVE_PAYMENT,0,0.0
7144c65d-4852-43b7-b0d1-58ab789a2062,subscription_failure,authentication_failed,45192.33,4,4,326583.85,0.31,0.86,52.0,OFFER_INCENTIVE,0,0.0
7144c65d-4852-43b7-b0d1-58ab789a2062,subscription_failure,authentication_failed,45192.33,4,4,326583.85,0.31,0.86,52.0,ESCALATE_TO_HUMAN,1,45192.33
8dfe9b5a-a2e5-460b-a187-4b180ba3af38,overdue_invoice,cash_flow_issue,67111.16,2,2,109764.31,0.65,0.61,43.0,RETRY_NOW,1,67111.16
8dfe9b5a-a2e5-460b-a187-4b180ba3af38,overdue_invoice,cash_flow_issue,67111.16,2,2,109764.31,0.65,0.61,43.0,RETRY_LATER,0,0.0
8dfe9b5a-a2e5-460b-a187-4b180ba3af38,overdue_invoice,cash_flow_issue,67111.16,2,2,109764.31,0.65,0.61,43.0,SEND_REMINDER,1,67111.16
8dfe9b5a-a2e5-460b-a187-4b180ba3af38,overdue_invoice,cash_flow_issue,67111.16,2,2,109764.31,0.65,0.61,43.0,SUGGEST_ALTERNATIVE_PAYMENT,0,0.0
8dfe9b5a-a2e5-460b-a187-4b180ba3af38,overdue_invoice,cash_flow_issue,67111.16,2,2,109764.31,0.65,0.61,43.0,OFFER_INCENTIVE,1,67111.16
8dfe9b5a-a2e5-460b-a187-4b180ba3af38,overdue_invoice,cash_flow_issue,67111.16,2,2,109764.31,0.65,0.61,43.0,ESCALATE_TO_HUMAN,1,67111.16
798ca3e3-c27a-409e-a04a-a35d4cb9267a,payment_failure,temporary_bank_failure,43568.37,3,1,241482.91,0.78,0.89,143.0,RETRY_NOW,1,43568.37
798ca3e3-c27a-409e-a04a-a35d4cb9267a,payment_failure,temporary_bank_failure,43568.37,3,1,241482.91,0.78,0.89,143.0,RETRY_LATER,1,43568.37
798ca3e3-c27a-409e-a04a-a35d4cb9267a,payment_failure,temporary_bank_failure,43568.37,3,1,241482.91,0.78,0.89,143.0,SEND_REMINDER,1,43568.37
798ca3e3-c27a-409e-a04a-a35d4cb9267a,payment_failure,temporary_bank_failure,43568.37,3,1,241482.91,0.78,0.89,143.0,SUGGEST_ALTERNATIVE_PAYMENT,0,0.0
798ca3e3-c27a-409e-a04a-a35d4cb9267a,payment_failure,temporary_bank_failure,43568.37,3,1,241482.91,0.78,0.89,143.0,OFFER_INCENTIVE,1,43568.37
798ca3e3-c27a-409e-a04a-a35d4cb9267a,payment_failure,temporary_bank_failure,43568.37,3,1,241482.91,0.78,0.89,143.0,ESCALATE_TO_HUMAN,1,43568.37
c994e9e0-b84e-43da-a344-a2f2022630fb,checkout_abandonment,high_friction,6261.64,3,4,217807.31,0.27,0.06,156.0,RETRY_NOW,0,0.0
c994e9e0-b84e-43da-a344-a2f2022630fb,checkout_abandonment,high_friction,6261.64,3,4,217807.31,0.27,0.06,156.0,RETRY_LATER,0,0.0
c994e9e0-b84e-43da-a344-a2f2022630fb,checkout_abandonment,high_friction,6261.64,3,4,217807.31,0.27,0.06,156.0,SEND_REMINDER,0,0.0
c994e9e0-b84e-43da-a344-a2f2022630fb,checkout_abandonment,high_friction,6261.64,3,4,217807.31,0.27,0.06,156.0,SUGGEST_ALTERNATIVE_PAYMENT,1,6261.64
c994e9e0-b84e-43da-a344-a2f2022630fb,checkout_abandonment,high_friction,6261.64,3,4,217807.31,0.27,0.06,156.0,OFFER_INCENTIVE,0,0.0
c994e9e0-b84e-43da-a344-a2f2022630fb,checkout_abandonment,high_friction,6261.64,3,4,217807.31,0.27,0.06,156.0,ESCALATE_TO_HUMAN,1,6261.64
8d42003e-ecb2-470d-ba18-3ee7f1a7ac3c,overdue_invoice,customer_delay,41855.23,0,4,244861.06,0.87,0.8,8.0,RETRY_NOW,1,41855.23
8d42003e-ecb2-470d-ba18-3ee7f1a7ac3c,overdue_invoice,customer_delay,41855.23,0,4,244861.06,0.87,0.8,8.0,RETRY_LATER,1,41855.23
8d42003e-ecb2-470d-ba18-3ee7f1a7ac3c,overdue_invoice,customer_delay,41855.23,0,4,244861.06,0.87,0.8,8.0,SEND_REMINDER,1,41855.23
8d42003e-ecb2-470d-ba18-3ee7f1a7ac3c,overdue_invoice,customer_delay,41855.23,0,4,244861.06,0.87,0.8,8.0,SUGGEST_ALTERNATIVE_PAYMENT,0,0.0
8d42003e-ecb2-470d-ba18-3ee7f1a7ac3c,overdue_invoice,customer_delay,41855.23,0,4,244861.06,0.87,0.8,8.0,OFFER_INCENTIVE,1,41855.23
8d42003e-ecb2-470d-ba18-3ee7f1a7ac3c,overdue_invoice,customer_delay,41855.23,0,4,244861.06,0.87,0.8,8.0,ESCALATE_TO_HUMAN,1,41855.23
976f0029-2bcf-4c22-aa7b-20b2aba28f73,subscription_failure,insufficient_funds,24325.5,0,0,284111.11,0.39,0.82,125.0,RETRY_NOW,1,24325.5
976f0029-2bcf-4c22-aa7b-20b2aba28f73,subscription_failure,insufficient_funds,24325.5,0,0,284111.11,0.39,0.82,125.0,RETRY_LATER,1,24325.5
976f0029-2bcf-4c22-aa7b-20b2aba28f73,subscription_failure,insufficient_funds,24325.5,0,0,284111.11,0.39,0.82,125.0,SEND_REMINDER,1,24325.5
976f0029-2bcf-4c22-aa7b-20b2aba28f73,subscription_failure,insufficient_funds,24325.5,0,0,284111.11,0.39,0.82,125.0,SUGGEST_ALTERNATIVE_PAYMENT,1,24325.5
976f0029-2bcf-4c22-aa7b-20b2aba28f73,subscription_failure,insufficient_funds,24325.5,0,0,284111.11,0.39,0.82,125.0,OFFER_INCENTIVE,1,24325.5
976f0029-2bcf-4c22-aa7b-20b2aba28f73,subscription_failure,insufficient_funds,24325.5,0,0,284111.11,0.39,0.82,125.0,ESCALATE_TO_HUMAN,1,24325.5
b905b175-9ea6-47e3-aeec-d5b11107cc65,subscription_failure,mandate_failed,49134.28,3,4,480299.67,0.56,0.35,142.0,RETRY_NOW,1,49134.28
b905b175-9ea6-47e3-aeec-d5b11107cc65,subscription_failure,mandate_failed,49134.28,3,4,480299.67,0.56,0.35,142.0,RETRY_LATER,1,49134.28
b905b175-9ea6-47e3-aeec-d5b11107cc65,subscription_failure,mandate_failed,49134.28,3,4,480299.67,0.56,0.35,142.0,SEND_REMINDER,1,49134.28
b905b175-9ea6-47e3-aeec-d5b11107cc65,subscription_failure,mandate_failed,49134.28,3,4,480299.67,0.56,0.35,142.0,SUGGEST_ALTERNATIVE_PAYMENT,0,0.0
b905b175-9ea6-47e3-aeec-d5b11107cc65,subscription_failure,mandate_failed,49134.28,3,4,480299.67,0.56,0.35,142.0,OFFER_INCENTIVE,0,0.0
b905b175-9ea6-47e3-aeec-d5b11107cc65,subscription_failure,mandate_failed,49134.28,3,4,480299.67,0.56,0.35,142.0,ESCALATE_TO_HUMAN,1,49134.28
af06c21b-9866-4c28-a117-5f0c41ea7099,overdue_invoice,cash_flow_issue,69186.19,3,3,151758.71,0.57,0.24,28.0,RETRY_NOW,1,69186.19
af06c21b-9866-4c28-a117-5f0c41ea7099,overdue_invoice,cash_flow_issue,69186.19,3,3,151758.71,0.57,0.24,28.0,RETRY_LATER,0,0.0
af06c21b-9866-4c28-a117-5f0c41ea7099,overdue_invoice,cash_flow_issue,69186.19,3,3,151758.71,0.57,0.24,28.0,SEND_REMINDER,0,0.0
af06c21b-9866-4c28-a117-5f0c41ea7099,overdue_invoice,cash_flow_issue,69186.19,3,3,151758.71,0.57,0.24,28.0,SUGGEST_ALTERNATIVE_PAYMENT,0,0.0
af06c21b-9866-4c28-a117-5f0c41ea7099,overdue_invoice,cash_flow_issue,69186.19,3,3,151758.71,0.57,0.24,28.0,OFFER_INCENTIVE,0,0.0
af06c21b-9866-4c28-a117-5f0c41ea7099,overdue_invoice,cash_flow_issue,69186.19,3,3,151758.71,0.57,0.24,28.0,ESCALATE_TO_HUMAN,1,69186.19
2df0e096-97f4-4069-bd56-8633a75a2cbb,subscription_failure,authentication_failed,58974.04,2,3,39840.9,0.92,0.52,58.0,RETRY_NOW,1,58974.04
2df0e096-97f4-4069-bd56-8633a75a2cbb,subscription_failure,authentication_failed,58974.04,2,3,39840.9,0.92,0.52,58.0,RETRY_LATER,1,58974.04
2df0e096-97f4-4069-bd56-8633a75a2cbb,subscription_failure,authentication_failed,58974.04,2,3,39840.9,0.92,0.52,58.0,SEND_REMINDER,0,0.0
2df0e096-97f4-4069-bd56-8633a75a2cbb,subscription_failure,authentication_failed,58974.04,2,3,39840.9,0.92,0.52,58.0,SUGGEST_ALTERNATIVE_PAYMENT,1,58974.04
2df0e096-97f4-4069-bd56-8633a75a2cbb,subscription_failure,authentication_failed,58974.04,2,3,39840.9,0.92,0.52,58.0,OFFER_INCENTIVE,1,58974.04
2df0e096-97f4-4069-bd56-8633a75a2cbb,subscription_failure,authentication_failed,58974.04,2,3,39840.9,0.92,0.52,58.0,ESCALATE_TO_HUMAN,1,58974.04
98a46d58-6d88-4b54-8443-6096eb220f04,payment_failure,technical_error,20916.84,0,1,210488.11,0.99,0.09,72.0,RETRY_NOW,0,0.0
98a46d58-6d88-4b54-8443-6096eb220f04,payment_failure,technical_error,20916.84,0,1,210488.11,0.99,0.09,72.0,RETRY_LATER,1,20916.84
98a46d58-6d88-4b54-8443-6096eb220f04,payment_failure,technical_error,20916.84,0,1,210488.11,0.99,0.09,72.0,SEND_REMINDER,1,20916.84
98a46d58-6d88-4b54-8443-6096eb220f04,payment_failure,technical_error,20916.84,0,1,210488.11,0.99,0.09,72.0,SUGGEST_ALTERNATIVE_PAYMENT,1,20916.84
98a46d58-6d88-4b54-8443-6096eb220f04,payment_failure,technical_error,20916.84,0,1,210488.11,0.99,0.09,72.0,OFFER_INCENTIVE,0,0.0
98a46d58-6d88-4b54-8443-6096eb220f04,payment_failure,technical_error,20916.84,0,1,210488.11,0.99,0.09,72.0,ESCALATE_TO_HUMAN,1,20916.84
4e8dd538-7e5e-4f9b-979e-bc0b06888253,subscription_failure,mandate_failed,72887.05,3,0,183602.74,0.81,0.56,146.0,RETRY_NOW,1,72887.05
4e8dd538-7e5e-4f9b-979e-bc0b06888253,subscription_failure,mandate_failed,72887.05,3,0,183602.74,0.81,0.56,146.0,RETRY_LATER,1,72887.05
4e8dd538-7e5e-4f9b-979e-bc0b06888253,subscription_failure,mandate_failed,72887.05,3,0,183602.74,0.81,0.56,146.0,SEND_REMINDER,1,72887.05
4e8dd538-7e5e-4f9b-979e-bc0b06888253,subscription_failure,mandate_failed,72887.05,3,0,183602.74,0.81,0.56,146.0,SUGGEST_ALTERNATIVE_PAYMENT,1,72887.05
4e8dd538-7e5e-4f9b-979e-bc0b06888253,subscription_failure,mandate_failed,72887.05,3,0,183602.74,0.81,0.56,146.0,OFFER_INCENTIVE,1,72887.05
4e8dd538-7e5e-4f9b-979e-bc0b06888253,subscription_failure,mandate_failed,72887.05,3,0,183602.74,0.81,0.56,146.0,ESCALATE_TO_HUMAN,1,72887.05
d2880a75-0670-415d-976a-233d7e82f0f9,checkout_abandonment,unknown,57839.75,0,1,392820.24,0.33,0.43,158.0,RETRY_NOW,1,57839.75
d2880a75-0670-415d-976a-233d7e82f0f9,checkout_abandonment,unknown,57839.75,0,1,392820.24,0.33,0.43,158.0,RETRY_LATER,1,57839.75
d2880a75-0670-415d-976a-233d7e82f0f9,checkout_abandonment,unknown,57839.75,0,1,392820.24,0.33,0.43,158.0,SEND_REMINDER,0,0.0
d2880a75-0670-415d-976a-233d7e82f0f9,checkout_abandonment,unknown,57839.75,0,1,392820.24,0.33,0.43,158.0,SUGGEST_ALTERNATIVE_PAYMENT,1,57839.75
d2880a75-0670-415d-976a-233d7e82f0f9,checkout_abandonment,unknown,57839.75,0,1,392820.24,0.33,0.43,158.0,OFFER_INCENTIVE,0,0.0
d2880a75-0670-415d-976a-233d7e82f0f9,checkout_abandonment,unknown,57839.75,0,1,392820.24,0.33,0.43,158.0,ESCALATE_TO_HUMAN,1,57839.75
37f8e3ab-d427-4a19-ac21-63da85c3bdbb,subscription_failure,authentication_failed,93182.24,2,3,150347.95,0.27,0.76,18.0,RETRY_NOW,0,0.0
37f8e3ab-d427-4a19-ac21-63da85c3bdbb,subscription_failure,authentication_failed,93182.24,2,3,150347.95,0.27,0.76,18.0,RETRY_LATER,1,93182.24
37f8e3ab-d427-4a19-ac21-63da85c3bdbb,subscription_failure,authentication_failed,93182.24,2,3,150347.95,0.27,0.76,18.0,SEND_REMINDER,1,93182.24
37f8e3ab-d427-4a19-ac21-63da85c3bdbb,subscription_failure,authentication_failed,93182.24,2,3,150347.95,0.27,0.76,18.0,SUGGEST_ALTERNATIVE_PAYMENT,1,93182.24
37f8e3ab-d427-4a19-ac21-63da85c3bdbb,subscription_failure,authentication_failed,93182.24,2,3,150347.95,0.27,0.76,18.0,OFFER_INCENTIVE,0,0.0
37f8e3ab-d427-4a19-ac21-63da85c3bdbb,subscription_failure,authentication_failed,93182.24,2,3,150347.95,0.27,0.76,18.0,ESCALATE_TO_HUMAN,0,0.0
3948e9d3-a0f8-48a2-a7f4-9096356eaa58,overdue_invoice,forgotten_invoice,87474.64,4,0,52192.28,0.64,0.08,73.0,RETRY_NOW,0,0.0
3948e9d3-a0f8-48a2-a7f4-9096356eaa58,overdue_invoice,forgotten_invoice,87474.64,4,0,52192.28,0.64,0.08,73.0,RETRY_LATER,0,0.0
3948e9d3-a0f8-48a2-a7f4-9096356eaa58,overdue_invoice,forgotten_invoice,87474.64,4,0,52192.28,0.64,0.08,73.0,SEND_REMINDER,0,0.0
3948e9d3-a0f8-48a2-a7f4-9096356eaa58,overdue_invoice,forgotten_invoice,87474.64,4,0,52192.28,0.64,0.08,73.0,SUGGEST_ALTERNATIVE_PAYMENT,1,87474.64
3948e9d3-a0f8-48a2-a7f4-9096356eaa58,overdue_invoice,forgotten_invoice,87474.64,4,0,52192.28,0.64,0.08,73.0,OFFER_INCENTIVE,0,0.0
3948e9d3-a0f8-48a2-a7f4-9096356eaa58,overdue_invoice,forgotten_invoice,87474.64,4,0,52192.28,0.64,0.08,73.0,ESCALATE_TO_HUMAN,1,87474.64
00d44f04-58aa-4004-90e5-00daafcec43f,subscription_failure,authentication_failed,32315.07,0,3,403864.49,0.78,0.4,143.0,RETRY_NOW,1,32315.07
00d44f04-58aa-4004-90e5-00daafcec43f,subscription_failure,authentication_failed,32315.07,0,3,403864.49,0.78,0.4,143.0,RETRY_LATER,1,32315.07
00d44f04-58aa-4004-90e5-00daafcec43f,subscription_failure,authentication_failed,32315.07,0,3,403864.49,0.78,0.4,143.0,SEND_REMINDER,0,0.0
00d44f04-58aa-4004-90e5-00daafcec43f,subscription_failure,authentication_failed,32315.07,0,3,403864.49,0.78,0.4,143.0,SUGGEST_ALTERNATIVE_PAYMENT,0,0.0
00d44f04-58aa-4004-90e5-00daafcec43f,subscription_failure,authentication_failed,32315.07,0,3,403864.49,0.78,0.4,143.0,OFFER_INCENTIVE,1,32315.07
00d44f04-58aa-4004-90e5-00daafcec43f,subscription_failure,authentication_failed,32315.07,0,3,403864.49,0.78,0.4,143.0,ESCALATE_TO_HUMAN,1,32315.07
f4342a69-bb6a-4703-b4e4-881565fb4584,payment_failure,payment_timeout,60989.03,3,4,360380.26,0.86,0.59,147.0,RETRY_NOW,0,0.0
f4342a69-bb6a-4703-b4e4-881565fb4584,payment_failure,payment_timeout,60989.03,3,4,360380.26,0.86,0.59,147.0,RETRY_LATER,0,0.0
f4342a69-bb6a-4703-b4e4-881565fb4584,payment_failure,payment_timeout,60989.03,3,4,360380.26,0.86,0.59,147.0,SEND_REMINDER,1,60989.03
f4342a69-bb6a-4703-b4e4-881565fb4584,payment_failure,payment_timeout,60989.03,3,4,360380.26,0.86,0.59,147.0,SUGGEST_ALTERNATIVE_PAYMENT,0,0.0
f4342a69-bb6a-4703-b4e4-881565fb4584,payment_failure,payment_timeout,60989.03,3,4,360380.26,0.86,0.59,147.0,OFFER_INCENTIVE,1,60989.03
f4342a69-bb6a-4703-b4e4-881565fb4584,payment_failure,payment_timeout,60989.03,3,4,360380.26,0.86,0.59,147.0,ESCALATE_TO_HUMAN,1,60989.03
6ff42937-2c4b-4a21-bd39-17b8ade8bb4d,payment_failure,insufficient_funds,1231.08,2,4,483276.24,1.0,0.59,166.0,RETRY_NOW,1,1231.08
6ff42937-2c4b-4a21-bd39-17b8ade8bb4d,payment_failure,insufficient_funds,1231.08,2,4,483276.24,1.0,0.59,166.0,RETRY_LATER,1,1231.08
6ff42937-2c4b-4a21-bd39-17b8ade8bb4d,payment_failure,insufficient_funds,1231.08,2,4,483276.24,1.0,0.59,166.0,SEND_REMINDER,0,0.0
6ff42937-2c4b-4a21-bd39-17b8ade8bb4d,payment_failure,insufficient_funds,1231.08,2,4,483276.24,1.0,0.59,166.0,SUGGEST_ALTERNATIVE_PAYMENT,0,0.0
6ff42937-2c4b-4a21-bd39-17b8ade8bb4d,payment_failure,insufficient_funds,1231.08,2,4,483276.24,1.0,0.59,166.0,OFFER_INCENTIVE,1,1231.08
6ff42937-2c4b-4a21-bd39-17b8ade8bb4d,payment_failure,insufficient_funds,1231.08,2,4,483276.24,1.0,0.59,166.0,ESCALATE_TO_HUMAN,0,0.0
cfed5ba0-d738-482a-aa5b-422813dd2e63,subscription_failure,card_expired,54433.32,3,4,380242.06,0.81,0.99,56.0,RETRY_NOW,1,54433.32
cfed5ba0-d738-482a-aa5b-422813dd2e63,subscription_failure,card_expired,54433.32,3,4,380242.06,0.81,0.99,56.0,RETRY_LATER,0,0.0
cfed5ba0-d738-482a-aa5b-422813dd2e63,subscription_failure,card_expired,54433.32,3,4,380242.06,0.81,0.99,56.0,SEND_REMINDER,1,54433.32
cfed5ba0-d738-482a-aa5b-422813dd2e63,subscription_failure,card_expired,54433.32,3,4,380242.06,0.81,0.99,56.0,SUGGEST_ALTERNATIVE_PAYMENT,1,54433.32
cfed5ba0-d738-482a-aa5b-422813dd2e63,subscription_failure,card_expired,54433.32,3,4,380242.06,0.81,0.99,56.0,OFFER_INCENTIVE,1,54433.32
cfed5ba0-d738-482a-aa5b-422813dd2e63,subscription_failure,card_expired,54433.32,3,4,380242.06,0.81,0.99,56.0,ESCALATE_TO_HUMAN,1,54433.32
d17cf8aa-65ee-45a8-8e0c-0199daca47f0,payment_failure,authentication_failed,79724.61,4,3,21493.5,0.65,0.07,95.0,RETRY_NOW,0,0.0
d17cf8aa-65ee-45a8-8e0c-0199daca47f0,payment_failure,authentication_failed,79724.61,4,3,21493.5,0.65,0.07,95.0,RETRY_LATER,0,0.0
d17cf8aa-65ee-45a8-8e0c-0199daca47f0,payment_failure,authentication_failed,79724.61,4,3,21493.5,0.65,0.07,95.0,SEND_REMINDER,1,79724.61
d17cf8aa-65ee-45a8-8e0c-0199daca47f0,payment_failure,authentication_failed,79724.61,4,3,21493.5,0.65,0.07,95.0,SUGGEST_ALTERNATIVE_PAYMENT,1,79724.61
d17cf8aa-65ee-45a8-8e0c-0199daca47f0,payment_failure,authentication_failed,79724.61,4,3,21493.5,0.65,0.07,95.0,OFFER_INCENTIVE,1,79724.61
d17cf8aa-65ee-45a8-8e0c-0199daca47f0,payment_failure,authentication_failed,79724.61,4,3,21493.5,0.65,0.07,95.0,ESCALATE_TO_HUMAN,1,79724.61
70e02ee2-bd56-44e6-a8ab-80defc9bfa32,subscription_failure,card_expired,13441.62,2,3,128253.06,0.67,0.04,40.0,RETRY_NOW,0,0.0
70e02ee2-bd56-44e6-a8ab-80defc9bfa32,subscription_failure,card_expired,13441.62,2,3,128253.06,0.67,0.04,40.0,RETRY_LATER,1,13441.62
70e02ee2-bd56-44e6-a8ab-80defc9bfa32,subscription_failure,card_expired,13441.62,2,3,128253.06,0.67,0.04,40.0,SEND_REMINDER,1,13441.62
70e02ee2-bd56-44e6-a8ab-80defc9bfa32,subscription_failure,card_expired,13441.62,2,3,128253.06,0.67,0.04,40.0,SUGGEST_ALTERNATIVE_PAYMENT,1,13441.62
70e02ee2-bd56-44e6-a8ab-80defc9bfa32,subscription_failure,card_expired,13441.62,2,3,128253.06,0.67,0.04,40.0,OFFER_INCENTIVE,1,13441.62
70e02ee2-bd56-44e6-a8ab-80defc9bfa32,subscription_failure,card_expired,13441.62,2,3,128253.06,0.67,0.04,40.0,ESCALATE_TO_HUMAN,0,0.0
3878bfd9-3889-4b2b-9eb8-cdcb46bede3a,subscription_failure,card_expired,76242.36,3,2,376252.9,0.5,0.47,21.0,RETRY_NOW,1,76242.36
3878bfd9-3889-4b2b-9eb8-cdcb46bede3a,subscription_failure,card_expired,76242.36,3,2,376252.9,0.5,0.47,21.0,RETRY_LATER,1,76242.36
3878bfd9-3889-4b2b-9eb8-cdcb46bede3a,subscription_failure,card_expired,76242.36,3,2,376252.9,0.5,0.47,21.0,SEND_REMINDER,0,0.0
3878bfd9-3889-4b2b-9eb8-cdcb46bede3a,subscription_failure,card_expired,76242.36,3,2,376252.9,0.5,0.47,21.0,SUGGEST_ALTERNATIVE_PAYMENT,1,76242.36
3878bfd9-3889-4b2b-9eb8-cdcb46bede3a,subscription_failure,card_expired,76242.36,3,2,376252.9,0.5,0.47,21.0,OFFER_INCENTIVE,0,0.0
3878bfd9-3889-4b2b-9eb8-cdcb46bede3a,subscription_failure,card_expired,76242.36,3,2,376252.9,0.5,0.47,21.0,ESCALATE_TO_HUMAN,1,76242.36
ec7e60f9-3293-42bd-a471-af199509c728,overdue_invoice,customer_delay,57121.96,2,3,39523.58,0.37,0.49,45.0,RETRY_NOW,1,57121.96
ec7e60f9-3293-42bd-a471-af199509c728,overdue_invoice,customer_delay,57121.96,2,3,39523.58,0.37,0.49,45.0,RETRY_LATER,1,57121.96
ec7e60f9-3293-42bd-a471-af199509c728,overdue_invoice,customer_delay,57121.96,2,3,39523.58,0.37,0.49,45.0,SEND_REMINDER,1,57121.96
ec7e60f9-3293-42bd-a471-af199509c728,overdue_invoice,customer_delay,57121.96,2,3,39523.58,0.37,0.49,45.0,SUGGEST_ALTERNATIVE_PAYMENT,0,0.0
ec7e60f9-3293-42bd-a471-af199509c728,overdue_invoice,customer_delay,57121.96,2,3,39523.58,0.37,0.49,45.0,OFFER_INCENTIVE,0,0.0
ec7e60f9-3293-42bd-a471-af199509c728,overdue_invoice,customer_delay,57121.96,2,3,39523.58,0.37,0.49,45.0,ESCALATE_TO_HUMAN,0,0.0
792eeba4-012c-4b6b-9cc5-5a21e3e1854f,subscription_failure,authentication_failed,99813.23,1,3,189035.56,0.58,0.34,137.0,RETRY_NOW,0,0.0
792eeba4-012c-4b6b-9cc5-5a21e3e1854f,subscription_failure,authentication_failed,99813.23,1,3,189035.56,0.58,0.34,137.0,RETRY_LATER,1,99813.23
792eeba4-012c-4b6b-9cc5-5a21e3e1854f,subscription_failure,authentication_failed,99813.23,1,3,189035.56,0.58,0.34,137.0,SEND_REMINDER,0,0.0
792eeba4-012c-4b6b-9cc5-5a21e3e1854f,subscription_failure,authentication_failed,99813.23,1,3,189035.56,0.58,0.34,137.0,SUGGEST_ALTERNATIVE_PAYMENT,1,99813.23
792eeba4-012c-4b6b-9cc5-5a21e3e1854f,subscription_failure,authentication_failed,99813.23,1,3,189035.56,0.58,0.34,137.0,OFFER_INCENTIVE,1,99813.23
792eeba4-012c-4b6b-9cc5-5a21e3e1854f,subscription_failure,authentication_failed,99813.23,1,3,189035.56,0.58,0.34,137.0,ESCALATE_TO_HUMAN,1,99813.23
a09357b2-d737-4cfc-9a47-00750487f60a,overdue_invoice,customer_delay,19392.01,1,4,383101.31,0.75,0.32,73.0,RETRY_NOW,1,19392.01
a09357b2-d737-4cfc-9a47-00750487f60a,overdue_invoice,customer_delay,19392.01,1,4,383101.31,0.75,0.32,73.0,RETRY_LATER,0,0.0
a09357b2-d737-4cfc-9a47-00750487f60a,overdue_invoice,customer_delay,19392.01,1,4,383101.31,0.75,0.32,73.0,SEND_REMINDER,1,19392.01
a09357b2-d737-4cfc-9a47-00750487f60a,overdue_invoice,customer_delay,19392.01,1,4,383101.31,0.75,0.32,73.0,SUGGEST_ALTERNATIVE_PAYMENT,1,19392.01
a09357b2-d737-4cfc-9a47-00750487f60a,overdue_invoice,customer_delay,19392.01,1,4,383101.31,0.75,0.32,73.0,OFFER_INCENTIVE,1,19392.01
a09357b2-d737-4cfc-9a47-00750487f60a,overdue_invoice,customer_delay,19392.01,1,4,383101.31,0.75,0.32,73.0,ESCALATE_TO_HUMAN,1,19392.01
6fd8bd94-c97b-4f0b-983e-f33e3ed893b4,checkout_abandonment,unknown,57483.82,4,3,164730.7,0.32,0.68,30.0,RETRY_NOW,1,57483.82
6fd8bd94-c97b-4f0b-983e-f33e3ed893b4,checkout_abandonment,unknown,57483.82,4,3,164730.7,0.32,0.68,30.0,RETRY_LATER,0,0.0
6fd8bd94-c97b-4f0b-983e-f33e3ed893b4,checkout_abandonment,unknown,57483.82,4,3,164730.7,0.32,0.68,30.0,SEND_REMINDER,1,57483.82
6fd8bd94-c97b-4f0b-983e-f33e3ed893b4,checkout_abandonment,unknown,57483.82,4,3,164730.7,0.32,0.68,30.0,SUGGEST_ALTERNATIVE_PAYMENT,1,57483.82
6fd8bd94-c97b-4f0b-983e-f33e3ed893b4,checkout_abandonment,unknown,57483.82,4,3,164730.7,0.32,0.68,30.0,OFFER_INCENTIVE,1,57483.82
6fd8bd94-c97b-4f0b-983e-f33e3ed893b4,checkout_abandonment,unknown,57483.82,4,3,164730.7,0.32,0.68,30.0,ESCALATE_TO_HUMAN,1,57483.82
ce53a28b-af5a-47a9-a399-f257bd1e4c21,payment_failure,payment_timeout,46756.12,1,4,368996.72,0.84,0.41,107.0,RETRY_NOW,1,46756.12
ce53a28b-af5a-47a9-a399-f257bd1e4c21,payment_failure,payment_timeout,46756.12,1,4,368996.72,0.84,0.41,107.0,RETRY_LATER,1,46756.12
ce53a28b-af5a-47a9-a399-f257bd1e4c21,payment_failure,payment_timeout,46756.12,1,4,368996.72,0.84,0.41,107.0,SEND_REMINDER,0,0.0
ce53a28b-af5a-47a9-a399-f257bd1e4c21,payment_failure,payment_timeout,46756.12,1,4,368996.72,0.84,0.41,107.0,SUGGEST_ALTERNATIVE_PAYMENT,1,46756.12
ce53a28b-af5a-47a9-a399-f257bd1e4c21,payment_failure,payment_timeout,46756.12,1,4,368996.72,0.84,0.41,107.0,OFFER_INCENTIVE,1,46756.12
ce53a28b-af5a-47a9-a399-f257bd1e4c21,payment_failure,payment_timeout,46756.12,1,4,368996.72,0.84,0.41,107.0,ESCALATE_TO_HUMAN,1,46756.12
d288d841-3012-4d78-8ca6-fcc3eea6f829,subscription_failure,insufficient_funds,61655.23,1,3,67650.82,0.38,0.37,156.0,RETRY_NOW,1,61655.23
d288d841-3012-4d78-8ca6-fcc3eea6f829,subscription_failure,insufficient_funds,61655.23,1,3,67650.82,0.38,0.37,156.0,RETRY_LATER,0,0.0
d288d841-3012-4d78-8ca6-fcc3eea6f829,subscription_failure,insufficient_funds,61655.23,1,3,67650.82,0.38,0.37,156.0,SEND_REMINDER,1,61655.23
d288d841-3012-4d78-8ca6-fcc3eea6f829,subscription_failure,insufficient_funds,61655.23,1,3,67650.82,0.38,0.37,156.0,SUGGEST_ALTERNATIVE_PAYMENT,1,61655.23
d288d841-3012-4d78-8ca6-fcc3eea6f829,subscription_failure,insufficient_funds,61655.23,1,3,67650.82,0.38,0.37,156.0,OFFER_INCENTIVE,0,0.0
d288d841-3012-4d78-8ca6-fcc3eea6f829,subscription_failure,insufficient_funds,61655.23,1,3,67650.82,0.38,0.37,156.0,ESCALATE_TO_HUMAN,1,61655.23
cf581e7d-f29b-483f-9984-73be006cbef9,subscription_failure,authentication_failed,80494.6,4,1,75321.39,0.62,0.93,84.0,RETRY_NOW,1,80494.6
cf581e7d-f29b-483f-9984-73be006cbef9,subscription_failure,authentication_failed,80494.6,4,1,75321.39,0.62,0.93,84.0,RETRY_LATER,1,80494.6
cf581e7d-f29b-483f-9984-73be006cbef9,subscription_failure,authentication_failed,80494.6,4,1,75321.39,0.62,0.93,84.0,SEND_REMINDER,0,0.0
cf581e7d-f29b-483f-9984-73be006cbef9,subscription_failure,authentication_failed,80494.6,4,1,75321.39,0.62,0.93,84.0,SUGGEST_ALTERNATIVE_PAYMENT,1,80494.6
cf581e7d-f29b-483f-9984-73be006cbef9,subscription_failure,authentication_failed,80494.6,4,1,75321.39,0.62,0.93,84.0,OFFER_INCENTIVE,0,0.0
cf581e7d-f29b-483f-9984-73be006cbef9,subscription_failure,authentication_failed,80494.6,4,1,75321.39,0.62,0.93,84.0,ESCALATE_TO_HUMAN,1,80494.6
b8b3504b-cc8e-4001-b447-ef7729d59596,payment_failure,insufficient_funds,24514.93,1,5,278032.93,0.53,0.65,122.0,RETRY_NOW,1,24514.93
b8b3504b-cc8e-4001-b447-ef7729d59596,payment_failure,insufficient_funds,24514.93,1,5,278032.93,0.53,0.65,122.0,RETRY_LATER,1,24514.93
b8b3504b-cc8e-4001-b447-ef7729d59596,payment_failure,insufficient_funds,24514.93,1,5,278032.93,0.53,0.65,122.0,SEND_REMINDER,0,0.0
b8b3504b-cc8e-4001-b447-ef7729d59596,payment_failure,insufficient_funds,24514.93,1,5,278032.93,0.53,0.65,122.0,SUGGEST_ALTERNATIVE_PAYMENT,1,24514.93
b8b3504b-cc8e-4001-b447-ef7729d59596,payment_failure,insufficient_funds,24514.93,1,5,278032.93,0.53,0.65,122.0,OFFER_INCENTIVE,1,24514.93
b8b3504b-cc8e-4001-b447-ef7729d59596,payment_failure,insufficient_funds,24514.93,1,5,278032.93,0.53,0.65,122.0,ESCALATE_TO_HUMAN,1,24514.93
dd772323-9a71-4424-b3e1-bf7087b3d1c9,checkout_abandonment,unknown,27657.06,3,5,195039.74,0.59,0.84,43.0,RETRY_NOW,1,27657.06
dd772323-9a71-4424-b3e1-bf7087b3d1c9,checkout_abandonment,unknown,27657.06,3,5,195039.74,0.59,0.84,43.0,RETRY_LATER,1,27657.06
dd772323-9a71-4424-b3e1-bf7087b3d1c9,checkout_abandonment,unknown,27657.06,3,5,195039.74,0.59,0.84,43.0,SEND_REMINDER,1,27657.06
dd772323-9a71-4424-b3e1-bf7087b3d1c9,checkout_abandonment,unknown,27657.06,3,5,195039.74,0.59,0.84,43.0,SUGGEST_ALTERNATIVE_PAYMENT,0,0.0
dd772323-9a71-4424-b3e1-bf7087b3d1c9,checkout_abandonment,unknown,27657.06,3,5,195039.74,0.59,0.84,43.0,OFFER_INCENTIVE,0,0.0
dd772323-9a71-4424-b3e1-bf7087b3d1c9,checkout_abandonment,unknown,27657.06,3,5,195039.74,0.59,0.84,43.0,ESCALATE_TO_HUMAN,1,27657.06
aa2fd804-1ee9-456a-804f-07261488895e,payment_failure,payment_timeout,26530.48,4,5,352579.52,0.45,0.72,148.0,RETRY_NOW,0,0.0
aa2fd804-1ee9-456a-804f-07261488895e,payment_failure,payment_timeout,26530.48,4,5,352579.52,0.45,0.72,148.0,RETRY_LATER,1,26530.48
aa2fd804-1ee9-456a-804f-07261488895e,payment_failure,payment_timeout,26530.48,4,5,352579.52,0.45,0.72,148.0,SEND_REMINDER,0,0.0
aa2fd804-1ee9-456a-804f-07261488895e,payment_failure,payment_timeout,26530.48,4,5,352579.52,0.45,0.72,148.0,SUGGEST_ALTERNATIVE_PAYMENT,1,26530.48
aa2fd804-1ee9-456a-804f-07261488895e,payment_failure,payment_timeout,26530.48,4,5,352579.52,0.45,0.72,148.0,OFFER_INCENTIVE,0,0.0
aa2fd804-1ee9-456a-804f-07261488895e,payment_failure,payment_timeout,26530.48,4,5,352579.52,0.45,0.72,148.0,ESCALATE_TO_HUMAN,0,0.0
95c34c9f-e996-4ab3-b8a7-7097eb1ec48d,overdue_invoice,cash_flow_issue,942.78,0,4,139894.07,0.37,0.8,27.0,RETRY_NOW,1,942.78
95c34c9f-e996-4ab3-b8a7-7097eb1ec48d,overdue_invoice,cash_flow_issue,942.78,0,4,139894.07,0.37,0.8,27.0,RETRY_LATER,1,942.78
95c34c9f-e996-4ab3-b8a7-7097eb1ec48d,overdue_invoice,cash_flow_issue,942.78,0,4,139894.07,0.37,0.8,27.0,SEND_REMINDER,0,0.0
95c34c9f-e996-4ab3-b8a7-7097eb1ec48d,overdue_invoice,cash_flow_issue,942.78,0,4,139894.07,0.37,0.8,27.0,SUGGEST_ALTERNATIVE_PAYMENT,1,942.78
95c34c9f-e996-4ab3-b8a7-7097eb1ec48d,overdue_invoice,cash_flow_issue,942.78,0,4,139894.07,0.37,0.8,27.0,OFFER_INCENTIVE,1,942.78
95c34c9f-e996-4ab3-b8a7-7097eb1ec48d,overdue_invoice,cash_flow_issue,942.78,0,4,139894.07,0.37,0.8,27.0,ESCALATE_TO_HUMAN,1,942.78
fd183c00-f2b8-4f31-a522-8ab8933542ee,checkout_abandonment,payment_method_unavailable,88273.7,2,0,437337.26,0.44,0.36,168.0,RETRY_NOW,1,88273.7
fd183c00-f2b8-4f31-a522-8ab8933542ee,checkout_abandonment,payment_method_unavailable,88273.7,2,0,437337.26,0.44,0.36,168.0,RETRY_LATER,1,88273.7
fd183c00-f2b8-4f31-a522-8ab8933542ee,checkout_abandonment,payment_method_unavailable,88273.7,2,0,437337.26,0.44,0.36,168.0,SEND_REMINDER,0,0.0
fd183c00-f2b8-4f31-a522-8ab8933542ee,checkout_abandonment,payment_method_unavailable,88273.7,2,0,437337.26,0.44,0.36,168.0,SUGGEST_ALTERNATIVE_PAYMENT,1,88273.7
fd183c00-f2b8-4f31-a522-8ab8933542ee,checkout_abandonment,payment_method_unavailable,88273.7,2,0,437337.26,0.44,0.36,168.0,OFFER_INCENTIVE,0,0.0
fd183c00-f2b8-4f31-a522-8ab8933542ee,checkout_abandonment,payment_method_unavailable,88273.7,2,0,437337.26,0.44,0.36,168.0,ESCALATE_TO_HUMAN,0,0.0
4e09a81e-fc4e-4013-8c37-9c6307d6b127,payment_failure,temporary_bank_failure,98538.23,3,2,392251.23,0.41,0.7,109.0,RETRY_NOW,0,0.0
4e09a81e-fc4e-4013-8c37-9c6307d6b127,payment_failure,temporary_bank_failure,98538.23,3,2,392251.23,0.41,0.7,109.0,RETRY_LATER,1,98538.23
4e09a81e-fc4e-4013-8c37-9c6307d6b127,payment_failure,temporary_bank_failure,98538.23,3,2,392251.23,0.41,0.7,109.0,SEND_REMINDER,1,98538.23
4e09a81e-fc4e-4013-8c37-9c6307d6b127,payment_failure,temporary_bank_failure,98538.23,3,2,392251.23,0.41,0.7,109.0,SUGGEST_ALTERNATIVE_PAYMENT,0,0.0
4e09a81e-fc4e-4013-8c37-9c6307d6b127,payment_failure,temporary_bank_failure,98538.23,3,2,392251.23,0.41,0.7,109.0,OFFER_INCENTIVE,1,98538.23
4e09a81e-fc4e-4013-8c37-9c6307d6b127,payment_failure,temporary_bank_failure,98538.23,3,2,392251.23,0.41,0.7,109.0,ESCALATE_TO_HUMAN,1,98538.23
a3acd01d-e31e-4a37-b19b-51c1ecb82024,overdue_invoice,invoice_dispute,13997.16,0,1,439786.96,0.88,0.88,50.0,RETRY_NOW,1,13997.16
a3acd01d-e31e-4a37-b19b-51c1ecb82024,overdue_invoice,invoice_dispute,13997.16,0,1,439786.96,0.88,0.88,50.0,RETRY_LATER,1,13997.16
a3acd01d-e31e-4a37-b19b-51c1ecb82024,overdue_invoice,invoice_dispute,13997.16,0,1,439786.96,0.88,0.88,50.0,SEND_REMINDER,1,13997.16
a3acd01d-e31e-4a37-b19b-51c1ecb82024,overdue_invoice,invoice_dispute,13997.16,0,1,439786.96,0.88,0.88,50.0,SUGGEST_ALTERNATIVE_PAYMENT,1,13997.16
a3acd01d-e31e-4a37-b19b-51c1ecb82024,overdue_invoice,invoice_dispute,13997.16,0,1,439786.96,0.88,0.88,50.0,OFFER_INCENTIVE,1,13997.16
a3acd01d-e31e-4a37-b19b-51c1ecb82024,overdue_invoice,invoice_dispute,13997.16,0,1,439786.96,0.88,0.88,50.0,ESCALATE_TO_HUMAN,1,13997.16
be1aa45e-6738-48ca-85e6-e3b68c6147f1,overdue_invoice,invoice_dispute,97118.5,0,1,288052.17,0.8,0.29,111.0,RETRY_NOW,1,97118.5
be1aa45e-6738-48ca-85e6-e3b68c6147f1,overdue_invoice,invoice_dispute,97118.5,0,1,288052.17,0.8,0.29,111.0,RETRY_LATER,1,97118.5
be1aa45e-6738-48ca-85e6-e3b68c6147f1,overdue_invoice,invoice_dispute,97118.5,0,1,288052.17,0.8,0.29,111.0,SEND_REMINDER,1,97118.5
be1aa45e-6738-48ca-85e6-e3b68c6147f1,overdue_invoice,invoice_dispute,97118.5,0,1,288052.17,0.8,0.29,111.0,SUGGEST_ALTERNATIVE_PAYMENT,1,97118.5
be1aa45e-6738-48ca-85e6-e3b68c6147f1,overdue_invoice,invoice_dispute,97118.5,0,1,288052.17,0.8,0.29,111.0,OFFER_INCENTIVE,0,0.0
be1aa45e-6738-48ca-85e6-e3b68c6147f1,overdue_invoice,invoice_dispute,97118.5,0,1,288052.17,0.8,0.29,111.0,ESCALATE_TO_HUMAN,1,97118.5
2eb5181c-5a6e-4467-a1f1-0a616abe2b44,subscription_failure,authentication_failed,64369.78,3,2,123194.08,0.44,0.07,117.0,RETRY_NOW,0,0.0
2eb5181c-5a6e-4467-a1f1-0a616abe2b44,subscription_failure,authentication_failed,64369.78,3,2,123194.08,0.44,0.07,117.0,RETRY_LATER,0,0.0
2eb5181c-5a6e-4467-a1f1-0a616abe2b44,subscription_failure,authentication_failed,64369.78,3,2,123194.08,0.44,0.07,117.0,SEND_REMINDER,0,0.0
2eb5181c-5a6e-4467-a1f1-0a616abe2b44,subscription_failure,authentication_failed,64369.78,3,2,123194.08,0.44,0.07,117.0,SUGGEST_ALTERNATIVE_PAYMENT,1,64369.78
2eb5181c-5a6e-4467-a1f1-0a616abe2b44,subscription_failure,authentication_failed,64369.78,3,2,123194.08,0.44,0.07,117.0,OFFER_INCENTIVE,1,64369.78
2eb5181c-5a6e-4467-a1f1-0a616abe2b44,subscription_failure,authentication_failed,64369.78,3,2,123194.08,0.44,0.07,117.0,ESCALATE_TO_HUMAN,0,0.0
31c007ac-2361-4efb-b1da-0552934a0535,checkout_abandonment,price_hesitation,14043.13,0,1,55377.44,0.82,0.47,116.0,RETRY_NOW,1,14043.13
31c007ac-2361-4efb-b1da-0552934a0535,checkout_abandonment,price_hesitation,14043.13,0,1,55377.44,0.82,0.47,116.0,RETRY_LATER,1,14043.13
31c007ac-2361-4efb-b1da-0552934a0535,checkout_abandonment,price_hesitation,14043.13,0,1,55377.44,0.82,0.47,116.0,SEND_REMINDER,1,14043.13
31c007ac-2361-4efb-b1da-0552934a0535,checkout_abandonment,price_hesitation,14043.13,0,1,55377.44,0.82,0.47,116.0,SUGGEST_ALTERNATIVE_PAYMENT,0,0.0
31c007ac-2361-4efb-b1da-0552934a0535,checkout_abandonment,price_hesitation,14043.13,0,1,55377.44,0.82,0.47,116.0,OFFER_INCENTIVE,1,14043.13
31c007ac-2361-4efb-b1da-0552934a0535,checkout_abandonment,price_hesitation,14043.13,0,1,55377.44,0.82,0.47,116.0,ESCALATE_TO_HUMAN,0,0.0
569c4799-869b-4e85-aec4-cb13cb2cb3a1,overdue_invoice,cash_flow_issue,27894.78,4,1,457322.53,0.87,0.53,18.0,RETRY_NOW,1,27894.78
569c4799-869b-4e85-aec4-cb13cb2cb3a1,overdue_invoice,cash_flow_issue,27894.78,4,1,457322.53,0.87,0.53,18.0,RETRY_LATER,0,0.0
569c4799-869b-4e85-aec4-cb13cb2cb3a1,overdue_invoice,cash_flow_issue,27894.78,4,1,457322.53,0.87,0.53,18.0,SEND_REMINDER,0,0.0
569c4799-869b-4e85-aec4-cb13cb2cb3a1,overdue_invoice,cash_flow_issue,27894.78,4,1,457322.53,0.87,0.53,18.0,SUGGEST_ALTERNATIVE_PAYMENT,0,0.0
569c4799-869b-4e85-aec4-cb13cb2cb3a1,overdue_invoice,cash_flow_issue,27894.78,4,1,457322.53,0.87,0.53,18.0,OFFER_INCENTIVE,0,0.0
569c4799-869b-4e85-aec4-cb13cb2cb3a1,overdue_invoice,cash_flow_issue,27894.78,4,1,457322.53,0.87,0.53,18.0,ESCALATE_TO_HUMAN,0,0.0
cef67384-2e9d-413b-8bf2-a1624356bd62,subscription_failure,mandate_failed,81737.1,0,3,289577.32,0.8,0.7,89.0,RETRY_NOW,1,81737.1
cef67384-2e9d-413b-8bf2-a1624356bd62,subscription_failure,mandate_failed,81737.1,0,3,289577.32,0.8,0.7,89.0,RETRY_LATER,1,81737.1
cef67384-2e9d-413b-8bf2-a1624356bd62,subscription_failure,mandate_failed,81737.1,0,3,289577.32,0.8,0.7,89.0,SEND_REMINDER,0,0.0
cef67384-2e9d-413b-8bf2-a1624356bd62,subscription_failure,mandate_failed,81737.1,0,3,289577.32,0.8,0.7,89.0,SUGGEST_ALTERNATIVE_PAYMENT,1,81737.1
cef67384-2e9d-413b-8bf2-a1624356bd62,subscription_failure,mandate_failed,81737.1,0,3,289577.32,0.8,0.7,89.0,OFFER_INCENTIVE,0,0.0
cef67384-2e9d-413b-8bf2-a1624356bd62,subscription_failure,mandate_failed,81737.1,0,3,289577.32,0.8,0.7,89.0,ESCALATE_TO_HUMAN,1,81737.1
912ea86f-3f83-426d-8cf2-4b90ced448d6,checkout_abandonment,high_friction,6754.69,1,4,22361.41,0.5,0.39,93.0,RETRY_NOW,0,0.0
912ea86f-3f83-426d-8cf2-4b90ced448d6,checkout_abandonment,high_friction,6754.69,1,4,22361.41,0.5,0.39,93.0,RETRY_LATER,0,0.0
912ea86f-3f83-426d-8cf2-4b90ced448d6,checkout_abandonment,high_friction,6754.69,1,4,22361.41,0.5,0.39,93.0,SEND_REMINDER,1,6754.69
912ea86f-3f83-426d-8cf2-4b90ced448d6,checkout_abandonment,high_friction,6754.69,1,4,22361.41,0.5,0.39,93.0,SUGGEST_ALTERNATIVE_PAYMENT,1,6754.69
912ea86f-3f83-426d-8cf2-4b90ced448d6,checkout_abandonment,high_friction,6754.69,1,4,22361.41,0.5,0.39,93.0,OFFER_INCENTIVE,1,6754.69
912ea86f-3f83-426d-8cf2-4b90ced448d6,checkout_abandonment,high_friction,6754.69,1,4,22361.41,0.5,0.39,93.0,ESCALATE_TO_HUMAN,1,6754.69
5b94e5ba-4f59-4083-9afb-02adbe04015d,overdue_invoice,forgotten_invoice,14494.02,2,1,119759.97,0.8,0.89,163.0,RETRY_NOW,0,0.0
5b94e5ba-4f59-4083-9afb-02adbe04015d,overdue_invoice,forgotten_invoice,14494.02,2,1,119759.97,0.8,0.89,163.0,RETRY_LATER,1,14494.02
5b94e5ba-4f59-4083-9afb-02adbe04015d,overdue_invoice,forgotten_invoice,14494.02,2,1,119759.97,0.8,0.89,163.0,SEND_REMINDER,0,0.0
5b94e5ba-4f59-4083-9afb-02adbe04015d,overdue_invoice,forgotten_invoice,14494.02,2,1,119759.97,0.8,0.89,163.0,SUGGEST_ALTERNATIVE_PAYMENT,1,14494.02
5b94e5ba-4f59-4083-9afb-02adbe04015d,overdue_invoice,forgotten_invoice,14494.02,2,1,119759.97,0.8,0.89,163.0,OFFER_INCENTIVE,0,0.0
5b94e5ba-4f59-4083-9afb-02adbe04015d,overdue_invoice,forgotten_invoice,14494.02,2,1,119759.97,0.8,0.89,163.0,ESCALATE_TO_HUMAN,1,14494.02
c783a7f3-a2bc-4c32-b593-f782b6036974,checkout_abandonment,payment_method_unavailable,75141.85,3,3,263341.99,0.3,0.03,139.0,RETRY_NOW,0,0.0
c783a7f3-a2bc-4c32-b593-f782b6036974,checkout_abandonment,payment_method_unavailable,75141.85,3,3,263341.99,0.3,0.03,139.0,RETRY_LATER,1,75141.85
c783a7f3-a2bc-4c32-b593-f782b6036974,checkout_abandonment,payment_method_unavailable,75141.85,3,3,263341.99,0.3,0.03,139.0,SEND_REMINDER,1,75141.85
c783a7f3-a2bc-4c32-b593-f782b6036974,checkout_abandonment,payment_method_unavailable,75141.85,3,3,263341.99,0.3,0.03,139.0,SUGGEST_ALTERNATIVE_PAYMENT,1,75141.85
c783a7f3-a2bc-4c32-b593-f782b6036974,checkout_abandonment,payment_method_unavailable,75141.85,3,3,263341.99,0.3,0.03,139.0,OFFER_INCENTIVE,1,75141.85
c783a7f3-a2bc-4c32-b593-f782b6036974,checkout_abandonment,payment_method_unavailable,75141.85,3,3,263341.99,0.3,0.03,139.0,ESCALATE_TO_HUMAN,0,0.0
a1c900c6-2b38-4b02-a15b-9046e6eb7d14,payment_failure,insufficient_funds,86326.29,1,3,363912.04,0.9,0.11,125.0,RETRY_NOW,1,86326.29
a1c900c6-2b38-4b02-a15b-9046e6eb7d14,payment_failure,insufficient_funds,86326.29,1,3,363912.04,0.9,0.11,125.0,RETRY_LATER,1,86326.29
a1c900c6-2b38-4b02-a15b-9046e6eb7d14,payment_failure,insufficient_funds,86326.29,1,3,363912.04,0.9,0.11,125.0,SEND_REMINDER,1,86326.29
a1c900c6-2b38-4b02-a15b-9046e6eb7d14,payment_failure,insufficient_funds,86326.29,1,3,363912.04,0.9,0.11,125.0,SUGGEST_ALTERNATIVE_PAYMENT,1,86326.29
a1c900c6-2b38-4b02-a15b-9046e6eb7d14,payment_failure,insufficient_funds,86326.29,1,3,363912.04,0.9,0.11,125.0,OFFER_INCENTIVE,1,86326.29
a1c900c6-2b38-4b02-a15b-9046e6eb7d14,payment_failure,insufficient_funds,86326.29,1,3,363912.04,0.9,0.11,125.0,ESCALATE_TO_HUMAN,1,86326.29
60c81866-c6b7-416e-918e-a98b961b0105,checkout_abandonment,price_hesitation,92029.47,1,0,221749.55,0.69,0.14,26.0,RETRY_NOW,0,0.0
60c81866-c6b7-416e-918e-a98b961b0105,checkout_abandonment,price_hesitation,92029.47,1,0,221749.55,0.69,0.14,26.0,RETRY_LATER,1,92029.47
60c81866-c6b7-416e-918e-a98b961b0105,checkout_abandonment,price_hesitation,92029.47,1,0,221749.55,0.69,0.14,26.0,SEND_REMINDER,0,0.0
60c81866-c6b7-416e-918e-a98b961b0105,checkout_abandonment,price_hesitation,92029.47,1,0,221749.55,0.69,0.14,26.0,SUGGEST_ALTERNATIVE_PAYMENT,1,92029.47
60c81866-c6b7-416e-918e-a98b961b0105,checkout_abandonment,price_hesitation,92029.47,1,0,221749.55,0.69,0.14,26.0,OFFER_INCENTIVE,0,0.0
60c81866-c6b7-416e-918e-a98b961b0105,checkout_abandonment,price_hesitation,92029.47,1,0,221749.55,0.69,0.14,26.0,ESCALATE_TO_HUMAN,0,0.0
e417fb7f-4051-4adb-a815-5986a45084a0,payment_failure,temporary_bank_failure,78681.69,3,2,440187.76,0.89,0.65,99.0,RETRY_NOW,0,0.0
e417fb7f-4051-4adb-a815-5986a45084a0,payment_failure,temporary_bank_failure,78681.69,3,2,440187.76,0.89,0.65,99.0,RETRY_LATER,1,78681.69
e417fb7f-4051-4adb-a815-5986a45084a0,payment_failure,temporary_bank_failure,78681.69,3,2,440187.76,0.89,0.65,99.0,SEND_REMINDER,0,0.0
e417fb7f-4051-4adb-a815-5986a45084a0,payment_failure,temporary_bank_failure,78681.69,3,2,440187.76,0.89,0.65,99.0,SUGGEST_ALTERNATIVE_PAYMENT,1,78681.69
e417fb7f-4051-4adb-a815-5986a45084a0,payment_failure,temporary_bank_failure,78681.69,3,2,440187.76,0.89,0.65,99.0,OFFER_INCENTIVE,1,78681.69
e417fb7f-4051-4adb-a815-5986a45084a0,payment_failure,temporary_bank_failure,78681.69,3,2,440187.76,0.89,0.65,99.0,ESCALATE_TO_HUMAN,1,78681.69
672835a6-f967-4d6a-821a-298467130bc8,payment_failure,technical_error,23981.54,4,0,181713.14,0.72,0.15,155.0,RETRY_NOW,1,23981.54
672835a6-f967-4d6a-821a-298467130bc8,payment_failure,technical_error,23981.54,4,0,181713.14,0.72,0.15,155.0,RETRY_LATER,1,23981.54
672835a6-f967-4d6a-821a-298467130bc8,payment_failure,technical_error,23981.54,4,0,181713.14,0.72,0.15,155.0,SEND_REMINDER,1,23981.54
672835a6-f967-4d6a-821a-298467130bc8,payment_failure,technical_error,23981.54,4,0,181713.14,0.72,0.15,155.0,SUGGEST_ALTERNATIVE_PAYMENT,0,0.0
672835a6-f967-4d6a-821a-298467130bc8,payment_failure,technical_error,23981.54,4,0,181713.14,0.72,0.15,155.0,OFFER_INCENTIVE,0,0.0
672835a6-f967-4d6a-821a-298467130bc8,payment_failure,technical_error,23981.54,4,0,181713.14,0.72,0.15,155.0,ESCALATE_TO_HUMAN,1,23981.54
bbf68cc5-0c10-4779-bf1d-084b468f7628,payment_failure,temporary_bank_failure,51015.13,4,0,369583.36,0.63,0.88,87.0,RETRY_NOW,1,51015.13
bbf68cc5-0c10-4779-bf1d-084b468f7628,payment_failure,temporary_bank_failure,51015.13,4,0,369583.36,0.63,0.88,87.0,RETRY_LATER,1,51015.13
bbf68cc5-0c10-4779-bf1d-084b468f7628,payment_failure,temporary_bank_failure,51015.13,4,0,369583.36,0.63,0.88,87.0,SEND_REMINDER,1,51015.13
bbf68cc5-0c10-4779-bf1d-084b468f7628,payment_failure,temporary_bank_failure,51015.13,4,0,369583.36,0.63,0.88,87.0,SUGGEST_ALTERNATIVE_PAYMENT,1,51015.13
bbf68cc5-0c10-4779-bf1d-084b468f7628,payment_failure,temporary_bank_failure,51015.13,4,0,369583.36,0.63,0.88,87.0,OFFER_INCENTIVE,0,0.0
bbf68cc5-0c10-4779-bf1d-084b468f7628,payment_failure,temporary_bank_failure,51015.13,4,0,369583.36,0.63,0.88,87.0,ESCALATE_TO_HUMAN,0,0.0
c6f5e68c-9c23-42f9-a0c8-614938080e03,overdue_invoice,invoice_dispute,52015.65,2,5,59762.74,0.93,0.21,115.0,RETRY_NOW,1,52015.65
c6f5e68c-9c23-42f9-a0c8-614938080e03,overdue_invoice,invoice_dispute,52015.65,2,5,59762.74,0.93,0.21,115.0,RETRY_LATER,1,52015.65
c6f5e68c-9c23-42f9-a0c8-614938080e03,overdue_invoice,invoice_dispute,52015.65,2,5,59762.74,0.93,0.21,115.0,SEND_REMINDER,1,52015.65
c6f5e68c-9c23-42f9-a0c8-614938080e03,overdue_invoice,invoice_dispute,52015.65,2,5,59762.74,0.93,0.21,115.0,SUGGEST_ALTERNATIVE_PAYMENT,1,52015.65
c6f5e68c-9c23-42f9-a0c8-614938080e03,overdue_invoice,invoice_dispute,52015.65,2,5,59762.74,0.93,0.21,115.0,OFFER_INCENTIVE,1,52015.65
c6f5e68c-9c23-42f9-a0c8-614938080e03,overdue_invoice,invoice_dispute,52015.65,2,5,59762.74,0.93,0.21,115.0,ESCALATE_TO_HUMAN,1,52015.65
a239bbc5-6c7d-4c3e-8f4d-dae6be0e002a,checkout_abandonment,price_hesitation,75482.6,0,4,407199.08,0.23,0.86,144.0,RETRY_NOW,0,0.0
a239bbc5-6c7d-4c3e-8f4d-dae6be0e002a,checkout_abandonment,price_hesitation,75482.6,0,4,407199.08,0.23,0.86,144.0,RETRY_LATER,1,75482.6
a239bbc5-6c7d-4c3e-8f4d-dae6be0e002a,checkout_abandonment,price_hesitation,75482.6,0,4,407199.08,0.23,0.86,144.0,SEND_REMINDER,1,75482.6
a239bbc5-6c7d-4c3e-8f4d-dae6be0e002a,checkout_abandonment,price_hesitation,75482.6,0,4,407199.08,0.23,0.86,144.0,SUGGEST_ALTERNATIVE_PAYMENT,1,75482.6
a239bbc5-6c7d-4c3e-8f4d-dae6be0e002a,checkout_abandonment,price_hesitation,75482.6,0,4,407199.08,0.23,0.86,144.0,OFFER_INCENTIVE,1,75482.6
a239bbc5-6c7d-4c3e-8f4d-dae6be0e002a,checkout_abandonment,price_hesitation,75482.6,0,4,407199.08,0.23,0.86,144.0,ESCALATE_TO_HUMAN,1,75482.6
905443cc-1df1-4b86-96b5-ae217611bbeb,payment_failure,technical_error,94926.57,1,5,46745.04,0.86,0.6,164.0,RETRY_NOW,1,94926.57
905443cc-1df1-4b86-96b5-ae217611bbeb,payment_failure,technical_error,94926.57,1,5,46745.04,0.86,0.6,164.0,RETRY_LATER,1,94926.57
905443cc-1df1-4b86-96b5-ae217611bbeb,payment_failure,technical_error,94926.57,1,5,46745.04,0.86,0.6,164.0,SEND_REMINDER,0,0.0
905443cc-1df1-4b86-96b5-ae217611bbeb,payment_failure,technical_error,94926.57,1,5,46745.04,0.86,0.6,164.0,SUGGEST_ALTERNATIVE_PAYMENT,0,0.0
905443cc-1df1-4b86-96b5-ae217611bbeb,payment_failure,technical_error,94926.57,1,5,46745.04,0.86,0.6,164.0,OFFER_INCENTIVE,1,94926.57
905443cc-1df1-4b86-96b5-ae217611bbeb,payment_failure,technical_error,94926.57,1,5,46745.04,0.86,0.6,164.0,ESCALATE_TO_HUMAN,1,94926.57
79a01644-f3b3-488b-9a4a-738f1065fd52,subscription_failure,authentication_failed,92840.75,2,4,393659.06,0.28,0.28,23.0,RETRY_NOW,0,0.0
79a01644-f3b3-488b-9a4a-738f1065fd52,subscription_failure,authentication_failed,92840.75,2,4,393659.06,0.28,0.28,23.0,RETRY_LATER,1,92840.75
79a01644-f3b3-488b-9a4a-738f1065fd52,subscription_failure,authentication_failed,92840.75,2,4,393659.06,0.28,0.28,23.0,SEND_REMINDER,0,0.0
79a01644-f3b3-488b-9a4a-738f1065fd52,subscription_failure,authentication_failed,92840.75,2,4,393659.06,0.28,0.28,23.0,SUGGEST_ALTERNATIVE_PAYMENT,0,0.0
79a01644-f3b3-488b-9a4a-738f1065fd52,subscription_failure,authentication_failed,92840.75,2,4,393659.06,0.28,0.28,23.0,OFFER_INCENTIVE,1,92840.75
79a01644-f3b3-488b-9a4a-738f1065fd52,subscription_failure,authentication_failed,92840.75,2,4,393659.06,0.28,0.28,23.0,ESCALATE_TO_HUMAN,1,92840.75
9b4cadbf-d846-4e61-9356-72f189e86ccd,subscription_failure,card_expired,46227.26,3,2,449555.36,0.73,0.16,140.0,RETRY_NOW,0,0.0
9b4cadbf-d846-4e61-9356-72f189e86ccd,subscription_failure,card_expired,46227.26,3,2,449555.36,0.73,0.16,140.0,RETRY_LATER,1,46227.26
9b4cadbf-d846-4e61-9356-72f189e86ccd,subscription_failure,card_expired,46227.26,3,2,449555.36,0.73,0.16,140.0,SEND_REMINDER,0,0.0
9b4cadbf-d846-4e61-9356-72f189e86ccd,subscription_failure,card_expired,46227.26,3,2,449555.36,0.73,0.16,140.0,SUGGEST_ALTERNATIVE_PAYMENT,1,46227.26
9b4cadbf-d846-4e61-9356-72f189e86ccd,subscription_failure,card_expired,46227.26,3,2,449555.36,0.73,0.16,140.0,OFFER_INCENTIVE,1,46227.26
9b4cadbf-d846-4e61-9356-72f189e86ccd,subscription_failure,card_expired,46227.26,3,2,449555.36,0.73,0.16,140.0,ESCALATE_TO_HUMAN,1,46227.26
7eded6c6-840d-4a40-a455-c8cb1f14b1ea,overdue_invoice,customer_delay,5885.73,4,1,160338.95,0.62,0.5,84.0,RETRY_NOW,1,5885.73
7eded6c6-840d-4a40-a455-c8cb1f14b1ea,overdue_invoice,customer_delay,5885.73,4,1,160338.95,0.62,0.5,84.0,RETRY_LATER,1,5885.73
7eded6c6-840d-4a40-a455-c8cb1f14b1ea,overdue_invoice,customer_delay,5885.73,4,1,160338.95,0.62,0.5,84.0,SEND_REMINDER,0,0.0
7eded6c6-840d-4a40-a455-c8cb1f14b1ea,overdue_invoice,customer_delay,5885.73,4,1,160338.95,0.62,0.5,84.0,SUGGEST_ALTERNATIVE_PAYMENT,1,5885.73
7eded6c6-840d-4a40-a455-c8cb1f14b1ea,overdue_invoice,customer_delay,5885.73,4,1,160338.95,0.62,0.5,84.0,OFFER_INCENTIVE,0,0.0
7eded6c6-840d-4a40-a455-c8cb1f14b1ea,overdue_invoice,customer_delay,5885.73,4,1,160338.95,0.62,0.5,84.0,ESCALATE_TO_HUMAN,0,0.0
df62433f-e632-4566-aa3f-41ef0fc333fd,payment_failure,temporary_bank_failure,62855.35,2,2,347068.85,0.4,0.1,34.0,RETRY_NOW,0,0.0
df62433f-e632-4566-aa3f-41ef0fc333fd,payment_failure,temporary_bank_failure,62855.35,2,2,347068.85,0.4,0.1,34.0,RETRY_LATER,1,62855.35
df62433f-e632-4566-aa3f-41ef0fc333fd,payment_failure,temporary_bank_failure,62855.35,2,2,347068.85,0.4,0.1,34.0,SEND_REMINDER,0,0.0
df62433f-e632-4566-aa3f-41ef0fc333fd,payment_failure,temporary_bank_failure,62855.35,2,2,347068.85,0.4,0.1,34.0,SUGGEST_ALTERNATIVE_PAYMENT,1,62855.35
df62433f-e632-4566-aa3f-41ef0fc333fd,payment_failure,temporary_bank_failure,62855.35,2,2,347068.85,0.4,0.1,34.0,OFFER_INCENTIVE,0,0.0
df62433f-e632-4566-aa3f-41ef0fc333fd,payment_failure,temporary_bank_failure,62855.35,2,2,347068.85,0.4,0.1,34.0,ESCALATE_TO_HUMAN,0,0.0
a4994b98-b62a-4d34-ae14-880152062660,subscription_failure,card_expired,2057.98,3,0,72951.59,0.37,0.16,77.0,RETRY_NOW,0,0.0
a4994b98-b62a-4d34-ae14-880152062660,subscription_failure,card_expired,2057.98,3,0,72951.59,0.37,0.16,77.0,RETRY_LATER,1,2057.98
a4994b98-b62a-4d34-ae14-880152062660,subscription_failure,card_expired,2057.98,3,0,72951.59,0.37,0.16,77.0,SEND_REMINDER,0,0.0
a4994b98-b62a-4d34-ae14-880152062660,subscription_failure,card_expired,2057.98,3,0,72951.59,0.37,0.16,77.0,SUGGEST_ALTERNATIVE_PAYMENT,1,2057.98
a4994b98-b62a-4d34-ae14-880152062660,subscription_failure,card_expired,2057.98,3,0,72951.59,0.37,0.16,77.0,OFFER_INCENTIVE,0,0.0
a4994b98-b62a-4d34-ae14-880152062660,subscription_failure,card_expired,2057.98,3,0,72951.59,0.37,0.16,77.0,ESCALATE_TO_HUMAN,1,2057.98
42514dd0-940c-40f1-910f-a3127738fd41,checkout_abandonment,high_friction,54869.21,4,5,274851.23,0.8,0.7,37.0,RETRY_NOW,1,54869.21
42514dd0-940c-40f1-910f-a3127738fd41,checkout_abandonment,high_friction,54869.21,4,5,274851.23,0.8,0.7,37.0,RETRY_LATER,1,54869.21
42514dd0-940c-40f1-910f-a3127738fd41,checkout_abandonment,high_friction,54869.21,4,5,274851.23,0.8,0.7,37.0,SEND_REMINDER,1,54869.21
42514dd0-940c-40f1-910f-a3127738fd41,checkout_abandonment,high_friction,54869.21,4,5,274851.23,0.8,0.7,37.0,SUGGEST_ALTERNATIVE_PAYMENT,1,54869.21
42514dd0-940c-40f1-910f-a3127738fd41,checkout_abandonment,high_friction,54869.21,4,5,274851.23,0.8,0.7,37.0,OFFER_INCENTIVE,0,0.0
42514dd0-940c-40f1-910f-a3127738fd41,checkout_abandonment,high_friction,54869.21,4,5,274851.23,0.8,0.7,37.0,ESCALATE_TO_HUMAN,0,0.0
fe010a87-8ca3-495a-a388-b7d0dd2a3ed3,payment_failure,temporary_bank_failure,18126.04,4,4,247564.4,0.82,0.68,115.0,RETRY_NOW,1,18126.04
fe010a87-8ca3-495a-a388-b7d0dd2a3ed3,payment_failure,temporary_bank_failure,18126.04,4,4,247564.4,0.82,0.68,115.0,RETRY_LATER,1,18126.04
fe010a87-8ca3-495a-a388-b7d0dd2a3ed3,payment_failure,temporary_bank_failure,18126.04,4,4,247564.4,0.82,0.68,115.0,SEND_REMINDER,0,0.0
fe010a87-8ca3-495a-a388-b7d0dd2a3ed3,payment_failure,temporary_bank_failure,18126.04,4,4,247564.4,0.82,0.68,115.0,SUGGEST_ALTERNATIVE_PAYMENT,1,18126.04
fe010a87-8ca3-495a-a388-b7d0dd2a3ed3,payment_failure,temporary_bank_failure,18126.04,4,4,247564.4,0.82,0.68,115.0,OFFER_INCENTIVE,1,18126.04
fe010a87-8ca3-495a-a388-b7d0dd2a3ed3,payment_failure,temporary_bank_failure,18126.04,4,4,247564.4,0.82,0.68,115.0,ESCALATE_TO_HUMAN,1,18126.04
57ecde20-7dbf-4d0f-b104-8e6f78a8953c,payment_failure,payment_timeout,64742.4,4,2,313973.04,0.59,0.78,119.0,RETRY_NOW,0,0.0
57ecde20-7dbf-4d0f-b104-8e6f78a8953c,payment_failure,payment_timeout,64742.4,4,2,313973.04,0.59,0.78,119.0,RETRY_LATER,1,64742.4
57ecde20-7dbf-4d0f-b104-8e6f78a8953c,payment_failure,payment_timeout,64742.4,4,2,313973.04,0.59,0.78,119.0,SEND_REMINDER,0,0.0
57ecde20-7dbf-4d0f-b104-8e6f78a8953c,payment_failure,payment_timeout,64742.4,4,2,313973.04,0.59,0.78,119.0,SUGGEST_ALTERNATIVE_PAYMENT,0,0.0
57ecde20-7dbf-4d0f-b104-8e6f78a8953c,payment_failure,payment_timeout,64742.4,4,2,313973.04,0.59,0.78,119.0,OFFER_INCENTIVE,0,0.0
57ecde20-7dbf-4d0f-b104-8e6f78a8953c,payment_failure,payment_timeout,64742.4,4,2,313973.04,0.59,0.78,119.0,ESCALATE_TO_HUMAN,1,64742.4
355d5b38-b989-4c5d-808f-edda680a37f4,payment_failure,authentication_failed,92673.51,3,3,83989.24,0.88,0.86,55.0,RETRY_NOW,0,0.0
355d5b38-b989-4c5d-808f-edda680a37f4,payment_failure,authentication_failed,92673.51,3,3,83989.24,0.88,0.86,55.0,RETRY_LATER,1,92673.51
355d5b38-b989-4c5d-808f-edda680a37f4,payment_failure,authentication_failed,92673.51,3,3,83989.24,0.88,0.86,55.0,SEND_REMINDER,0,0.0
355d5b38-b989-4c5d-808f-edda680a37f4,payment_failure,authentication_failed,92673.51,3,3,83989.24,0.88,0.86,55.0,SUGGEST_ALTERNATIVE_PAYMENT,1,92673.51
355d5b38-b989-4c5d-808f-edda680a37f4,payment_failure,authentication_failed,92673.51,3,3,83989.24,0.88,0.86,55.0,OFFER_INCENTIVE,1,92673.51
355d5b38-b989-4c5d-808f-edda680a37f4,payment_failure,authentication_failed,92673.51,3,3,83989.24,0.88,0.86,55.0,ESCALATE_TO_HUMAN,1,92673.51
c7ce6e5d-4ade-4c82-bfea-1f6c44039143,checkout_abandonment,high_friction,68194.02,4,3,393897.97,0.68,0.7,136.0,RETRY_NOW,0,0.0
c7ce6e5d-4ade-4c82-bfea-1f6c44039143,checkout_abandonment,high_friction,68194.02,4,3,393897.97,0.68,0.7,136.0,RETRY_LATER,1,68194.02
c7ce6e5d-4ade-4c82-bfea-1f6c44039143,checkout_abandonment,high_friction,68194.02,4,3,393897.97,0.68,0.7,136.0,SEND_REMINDER,0,0.0
c7ce6e5d-4ade-4c82-bfea-1f6c44039143,checkout_abandonment,high_friction,68194.02,4,3,393897.97,0.68,0.7,136.0,SUGGEST_ALTERNATIVE_PAYMENT,1,68194.02
c7ce6e5d-4ade-4c82-bfea-1f6c44039143,checkout_abandonment,high_friction,68194.02,4,3,393897.97,0.68,0.7,136.0,OFFER_INCENTIVE,0,0.0
c7ce6e5d-4ade-4c82-bfea-1f6c44039143,checkout_abandonment,high_friction,68194.02,4,3,393897.97,0.68,0.7,136.0,ESCALATE_TO_HUMAN,0,0.0
1866bdad-c379-4b9b-a176-e03545ef0617,payment_failure,temporary_bank_failure,9587.03,4,4,418143.35,0.97,1.0,6.0,RETRY_NOW,1,9587.03
1866bdad-c379-4b9b-a176-e03545ef0617,payment_failure,temporary_bank_failure,9587.03,4,4,418143.35,0.97,1.0,6.0,RETRY_LATER,1,9587.03
1866bdad-c379-4b9b-a176-e03545ef0617,payment_failure,temporary_bank_failure,9587.03,4,4,418143.35,0.97,1.0,6.0,SEND_REMINDER,1,9587.03
1866bdad-c379-4b9b-a176-e03545ef0617,payment_failure,temporary_bank_failure,9587.03,4,4,418143.35,0.97,1.0,6.0,SUGGEST_ALTERNATIVE_PAYMENT,1,9587.03
1866bdad-c379-4b9b-a176-e03545ef0617,payment_failure,temporary_bank_failure,9587.03,4,4,418143.35,0.97,1.0,6.0,OFFER_INCENTIVE,0,0.0
1866bdad-c379-4b9b-a176-e03545ef0617,payment_failure,temporary_bank_failure,9587.03,4,4,418143.35,0.97,1.0,6.0,ESCALATE_TO_HUMAN,0,0.0
f139f05f-bfcb-41a4-a47c-79557a5a432c,overdue_invoice,cash_flow_issue,10368.26,4,5,426543.58,0.76,0.43,56.0,RETRY_NOW,1,10368.26
f139f05f-bfcb-41a4-a47c-79557a5a432c,overdue_invoice,cash_flow_issue,10368.26,4,5,426543.58,0.76,0.43,56.0,RETRY_LATER,1,10368.26
f139f05f-bfcb-41a4-a47c-79557a5a432c,overdue_invoice,cash_flow_issue,10368.26,4,5,426543.58,0.76,0.43,56.0,SEND_REMINDER,1,10368.26
f139f05f-bfcb-41a4-a47c-79557a5a432c,overdue_invoice,cash_flow_issue,10368.26,4,5,426543.58,0.76,0.43,56.0,SUGGEST_ALTERNATIVE_PAYMENT,1,10368.26
f139f05f-bfcb-41a4-a47c-79557a5a432c,overdue_invoice,cash_flow_issue,10368.26,4,5,426543.58,0.76,0.43,56.0,OFFER_INCENTIVE,1,10368.26
f139f05f-bfcb-41a4-a47c-79557a5a432c,overdue_invoice,cash_flow_issue,10368.26,4,5,426543.58,0.76,0.43,56.0,ESCALATE_TO_HUMAN,1,10368.26
9656dc10-4943-483a-bcb7-c8cfc3f2faf7,payment_failure,technical_error,95430.9,2,2,233081.99,0.26,0.09,84.0,RETRY_NOW,0,0.0
9656dc10-4943-483a-bcb7-c8cfc3f2faf7,payment_failure,technical_error,95430.9,2,2,233081.99,0.26,0.09,84.0,RETRY_LATER,0,0.0
9656dc10-4943-483a-bcb7-c8cfc3f2faf7,payment_failure,technical_error,95430.9,2,2,233081.99,0.26,0.09,84.0,SEND_REMINDER,0,0.0
9656dc10-4943-483a-bcb7-c8cfc3f2faf7,payment_failure,technical_error,95430.9,2,2,233081.99,0.26,0.09,84.0,SUGGEST_ALTERNATIVE_PAYMENT,0,0.0
9656dc10-4943-483a-bcb7-c8cfc3f2faf7,payment_failure,technical_error,95430.9,2,2,233081.99,0.26,0.09,84.0,OFFER_INCENTIVE,0,0.0
9656dc10-4943-483a-bcb7-c8cfc3f2faf7,payment_failure,technical_error,95430.9,2,2,233081.99,0.26,0.09,84.0,ESCALATE_TO_HUMAN,1,95430.9
8dfd8a7c-f553-4691-af03-09cfb8f74d06,overdue_invoice,invoice_dispute,74651.28,0,4,202316.39,0.21,0.0,141.0,RETRY_NOW,1,74651.28
8dfd8a7c-f553-4691-af03-09cfb8f74d06,overdue_invoice,invoice_dispute,74651.28,0,4,202316.39,0.21,0.0,141.0,RETRY_LATER,0,0.0
8dfd8a7c-f553-4691-af03-09cfb8f74d06,overdue_invoice,invoice_dispute,74651.28,0,4,202316.39,0.21,0.0,141.0,SEND_REMINDER,0,0.0
8dfd8a7c-f553-4691-af03-09cfb8f74d06,overdue_invoice,invoice_dispute,74651.28,0,4,202316.39,0.21,0.0,141.0,SUGGEST_ALTERNATIVE_PAYMENT,0,0.0
8dfd8a7c-f553-4691-af03-09cfb8f74d06,overdue_invoice,invoice_dispute,74651.28,0,4,202316.39,0.21,0.0,141.0,OFFER_INCENTIVE,0,0.0
8dfd8a7c-f553-4691-af03-09cfb8f74d06,overdue_invoice,invoice_dispute,74651.28,0,4,202316.39,0.21,0.0,141.0,ESCALATE_TO_HUMAN,1,74651.28
ceebf49e-5a4f-410e-b990-a46185a1d9d4,checkout_abandonment,high_friction,6075.82,3,1,36620.96,0.82,0.9,50.0,RETRY_NOW,1,6075.82
ceebf49e-5a4f-410e-b990-a46185a1d9d4,checkout_abandonment,high_friction,6075.82,3,1,36620.96,0.82,0.9,50.0,RETRY_LATER,1,6075.82
ceebf49e-5a4f-410e-b990-a46185a1d9d4,checkout_abandonment,high_friction,6075.82,3,1,36620.96,0.82,0.9,50.0,SEND_REMINDER,1,6075.82
ceebf49e-5a4f-410e-b990-a46185a1d9d4,checkout_abandonment,high_friction,6075.82,3,1,36620.96,0.82,0.9,50.0,SUGGEST_ALTERNATIVE_PAYMENT,1,6075.82
ceebf49e-5a4f-410e-b990-a46185a1d9d4,checkout_abandonment,high_friction,6075.82,3,1,36620.96,0.82,0.9,50.0,OFFER_INCENTIVE,0,0.0
ceebf49e-5a4f-410e-b990-a46185a1d9d4,checkout_abandonment,high_friction,6075.82,3,1,36620.96,0.82,0.9,50.0,ESCALATE_TO_HUMAN,1,6075.82
214778d0-3534-4d48-a38c-88b9ea7e7ca5,subscription_failure,mandate_failed,79103.47,1,2,162561.96,0.39,0.13,14.0,RETRY_NOW,0,0.0
214778d0-3534-4d48-a38c-88b9ea7e7ca5,subscription_failure,mandate_failed,79103.47,1,2,162561.96,0.39,0.13,14.0,RETRY_LATER,1,79103.47
214778d0-3534-4d48-a38c-88b9ea7e7ca5,subscription_failure,mandate_failed,79103.47,1,2,162561.96,0.39,0.13,14.0,SEND_REMINDER,1,79103.47
214778d0-3534-4d48-a38c-88b9ea7e7ca5,subscription_failure,mandate_failed,79103.47,1,2,162561.96,0.39,0.13,14.0,SUGGEST_ALTERNATIVE_PAYMENT,0,0.0
214778d0-3534-4d48-a38c-88b9ea7e7ca5,subscription_failure,mandate_failed,79103.47,1,2,162561.96,0.39,0.13,14.0,OFFER_INCENTIVE,1,79103.47
214778d0-3534-4d48-a38c-88b9ea7e7ca5,subscription_failure,mandate_failed,79103.47,1,2,162561.96,0.39,0.13,14.0,ESCALATE_TO_HUMAN,0,0.0
